archivo,hoja,bloque_idx,contexto_encabezado_raw
COCA_COLA_AGOSTO.xlsx,AGOSTO 12,0,"PROCESO BIENESTAR ESTUDIANTIL                                                                                                                                                            SUBPROCESO ATENCIÓN SOCIOECONÓMICA | Código: FBE.04 | CONTROL DE PEDIDO Y SALIDAS DE ALMACÉN (BODEGAS) | Versión: 04 | Fecha de Salida de Almacén | Categoría (Marque con X) | dd | mm | aaaa | Alimentos y bebidas | X | 5 | 2026 | Aseo y productos químicos | Desechables | Unidad de Servicio que solicita:  CAFETERIA ADMINISTRACION 3 / EDIFICIO ADMINISTRACION 3 PISO 6 | Hace referencia a los servicios: Comedores Desayuno, Comedores Almuerzo, Comedores Cena, Combo Saludable Almuerzo, Cafetería Humanitas, Cafetería Akademia, Cafetería Bien estar Bien, Cafetería Campestre, La Cafeteria Bienestar Almuerzos, Bandejas, Desayunos, Mostrador, Servicios Especiales, etc."
COCA_COLA_AGOSTO.xlsx,AGOSTO 12,1,"PROCESO BIENESTAR ESTUDIANTIL                                                                                                                                                            SUBPROCESO ATENCIÓN SOCIOECONÓMICA | Código: FBE.04 | CONTROL DE PEDIDO Y SALIDAS DE ALMACÉN (BODEGAS) | Versión: 04 | Fecha de Salida de Almacén | Categoría (Marque con X) | dd | mm | aaaa | Alimentos y bebidas | X | 12 | 8 | 2026 | Aseo y productos químicos | Desechables | Unidad de Servicio que solicita:   CAFETERIA BIENESTAR ESTUDIANTIL/ DEDIFICIO BIENESTAR ESTUDIANTIL PISO 4 | Hace referencia a los servicios: Comedores Desayuno, Comedores Almuerzo, Comedores Cena, Combo Saludable Almuerzo, Cafetería Humanitas, Cafetería Akademia, Cafetería Bien estar Bien, Cafetería Campestre, La Cafeteria Bienestar Almuerzos, Bandejas, Desayunos, Mostrador, Servicios Especiales, etc."
COCA_COLA_AGOSTO.xlsx,AGOSTO 12,2,"PROCESO BIENESTAR ESTUDIANTIL                                                                                                                                                            SUBPROCESO ATENCIÓN SOCIOECONÓMICA | Código: FBE.04 | CONTROL DE PEDIDO Y SALIDAS DE ALMACÉN (BODEGAS) | Versión: 04 | Fecha de Salida de Almacén | Categoría (Marque con X) | dd | mm | aaaa | Alimentos y bebidas | X | 12 | 8 | 2026 | Aseo y productos químicos | Desechables | Unidad de Servicio que solicita: CAFETERIA CAFE PLAZOLETA CAMILO TORRES | Hace referencia a los servicios: Comedores Desayuno, Comedores Almuerzo, Comedores Cena, Combo Saludable Almuerzo, Cafetería Humanitas, Cafetería Akademia, Cafetería Bien estar Bien, Cafetería Campestre, La Cafeteria Bienestar Almuerzos, Bandejas, Desayunos, Mostrador, Servicios Especiales, etc."
COCA_COLA_AGOSTO.xlsx,AGOSTO 14,0,"PROCESO BIENESTAR ESTUDIANTIL                                                                                                                                                            SUBPROCESO ATENCIÓN SOCIOECONÓMICA | Código: FBE.04 | CONTROL DE PEDIDO Y SALIDAS DE ALMACÉN (BODEGAS) | Versión: 04 | Fecha de Salida de Almacén | Categoría (Marque con X) | dd | mm | aaaa | Alimentos y bebidas | X | 5 | 2026 | Aseo y productos químicos | Desechables | Unidad de Servicio que solicita:  CAFETERIA ADMINISTRACION 3 / EDIFICIO ADMINISTRACION 3 PISO 6 | Hace referencia a los servicios: Comedores Desayuno, Comedores Almuerzo, Comedores Cena, Combo Saludable Almuerzo, Cafetería Humanitas, Cafetería Akademia, Cafetería Bien estar Bien, Cafetería Campestre, La Cafeteria Bienestar Almuerzos, Bandejas, Desayunos, Mostrador, Servicios Especiales, etc."
COCA_COLA_AGOSTO.xlsx,AGOSTO 14,1,"PROCESO BIENESTAR ESTUDIANTIL                                                                                                                                                            SUBPROCESO ATENCIÓN SOCIOECONÓMICA | Código: FBE.04 | CONTROL DE PEDIDO Y SALIDAS DE ALMACÉN (BODEGAS) | Versión: 04 | Fecha de Salida de Almacén | Categoría (Marque con X) | dd | mm | aaaa | Alimentos y bebidas | X | 14 | 8 | 2026 | Aseo y productos químicos | Desechables | Unidad de Servicio que solicita:   CAFETERIA BIENESTAR ESTUDIANTIL/ DEDIFICIO BIENESTAR ESTUDIANTIL PISO 4 | Hace referencia a los servicios: Comedores Desayuno, Comedores Almuerzo, Comedores Cena, Combo Saludable Almuerzo, Cafetería Humanitas, Cafetería Akademia, Cafetería Bien estar Bien, Cafetería Campestre, La Cafeteria Bienestar Almuerzos, Bandejas, Desayunos, Mostrador, Servicios Especiales, etc."
COCA_COLA_AGOSTO.xlsx,AGOSTO 14,2,"PROCESO BIENESTAR ESTUDIANTIL                                                                                                                                                            SUBPROCESO ATENCIÓN SOCIOECONÓMICA | Código: FBE.04 | CONTROL DE PEDIDO Y SALIDAS DE ALMACÉN (BODEGAS) | Versión: 04 | Fecha de Salida de Almacén | Categoría (Marque con X) | dd | mm | aaaa | Alimentos y bebidas | X | 5 | 2026 | Aseo y productos químicos | Desechables | Unidad de Servicio que solicita: CAFETERIA CAFE PLAZOLETA CAMILO TORRES | Hace referencia a los servicios: Comedores Desayuno, Comedores Almuerzo, Comedores Cena, Combo Saludable Almuerzo, Cafetería Humanitas, Cafetería Akademia, Cafetería Bien estar Bien, Cafetería Campestre, La Cafeteria Bienestar Almuerzos, Bandejas, Desayunos, Mostrador, Servicios Especiales, etc."
COCA_COLA_AGOSTO.xlsx,AGOSTO 19,0,"PROCESO BIENESTAR ESTUDIANTIL                                                                                                                                                            SUBPROCESO ATENCIÓN SOCIOECONÓMICA | Código: FBE.04 | CONTROL DE PEDIDO Y SALIDAS DE ALMACÉN (BODEGAS) | Versión: 04 | Fecha de Salida de Almacén | Categoría (Marque con X) | dd | mm | aaaa | Alimentos y bebidas | X | 19 | 8 | 2026 | Aseo y productos químicos | Desechables | Unidad de Servicio que solicita:  CAFETERIA ADMINISTRACION 3 / EDIFICIO ADMINISTRACION 3 PISO 6 | Hace referencia a los servicios: Comedores Desayuno, Comedores Almuerzo, Comedores Cena, Combo Saludable Almuerzo, Cafetería Humanitas, Cafetería Akademia, Cafetería Bien estar Bien, Cafetería Campestre, La Cafeteria Bienestar Almuerzos, Bandejas, Desayunos, Mostrador, Servicios Especiales, etc."
COCA_COLA_AGOSTO.xlsx,AGOSTO 19,1,"PROCESO BIENESTAR ESTUDIANTIL                                                                                                                                                            SUBPROCESO ATENCIÓN SOCIOECONÓMICA | Código: FBE.04 | CONTROL DE PEDIDO Y SALIDAS DE ALMACÉN (BODEGAS) | Versión: 04 | Fecha de Salida de Almacén | Categoría (Marque con X) | dd | mm | aaaa | Alimentos y bebidas | X | 19 | 8 | 2026 | Aseo y productos químicos | Desechables | Unidad de Servicio que solicita:   CAFETERIA BIENESTAR PRO | Hace referencia a los servicios: Comedores Desayuno, Comedores Almuerzo, Comedores Cena, Combo Saludable Almuerzo, Cafetería Humanitas, Cafetería Akademia, Cafetería Bien estar Bien, Cafetería Campestre, La Cafeteria Bienestar Almuerzos, Bandejas, Desayunos, Mostrador, Servicios Especiales, etc."
COCA_COLA_AGOSTO.xlsx,AGOSTO 19,2,"PROCESO BIENESTAR ESTUDIANTIL                                                                                                                                                            SUBPROCESO ATENCIÓN SOCIOECONÓMICA | Código: FBE.04 | CONTROL DE PEDIDO Y SALIDAS DE ALMACÉN (BODEGAS) | Versión: 04 | Fecha de Salida de Almacén | Categoría (Marque con X) | dd | mm | aaaa | Alimentos y bebidas | X | 19 | 5 | 2026 | Aseo y productos químicos | Desechables | Unidad de Servicio que solicita: CAFETERIA CAFE PLAZOLETA CAMILO TORRES | Hace referencia a los servicios: Comedores Desayuno, Comedores Almuerzo, Comedores Cena, Combo Saludable Almuerzo, Cafetería Humanitas, Cafetería Akademia, Cafetería Bien estar Bien, Cafetería Campestre, La Cafeteria Bienestar Almuerzos, Bandejas, Desayunos, Mostrador, Servicios Especiales, etc."
COCA_COLA_AGOSTO.xlsx,AGOSTO 25,0,"PROCESO BIENESTAR ESTUDIANTIL                                                                                                                                                            SUBPROCESO ATENCIÓN SOCIOECONÓMICA | Código: FBE.04 | CONTROL DE PEDIDO Y SALIDAS DE ALMACÉN (BODEGAS) | Versión: 04 | Fecha de Salida de Almacén | Categoría (Marque con X) | dd | mm | aaaa | Alimentos y bebidas | X | 19 | 5 | 2026 | Aseo y productos químicos | Desechables | Unidad de Servicio que solicita: CAFETERIA CAFE PLAZOLETA CAMILO TORRES | Hace referencia a los servicios: Comedores Desayuno, Comedores Almuerzo, Comedores Cena, Combo Saludable Almuerzo, Cafetería Humanitas, Cafetería Akademia, Cafetería Bien estar Bien, Cafetería Campestre, La Cafeteria Bienestar Almuerzos, Bandejas, Desayunos, Mostrador, Servicios Especiales, etc."
COLOMBINA_FEBRERO.xlsx,SALIDAS FEBRERO17 ,0,"PROCESO BIENESTAR ESTUDIANTIL                                                                                                                                                            SUBPROCESO ATENCIÓN SOCIOECONÓMICA | Código: FBE.04 | CONTROL DE PEDIDO Y SALIDAS DE ALMACÉN (BODEGAS) | Versión: 04 | Fecha de Salida de Almacén | Categoría (Marque con X) | dd | mm | aaaa | Alimentos y bebidas | X | 24 | 02 | 2026 | Aseo y productos químicos | Desechables | Unidad de Servicio que solicita: CAFETERÍA BIENESTAR UNIVERSITARIO ESTUDIANTIL | Hace referencia a los servicios: Comedores Desayuno, Comedores Almuerzo, Comedores Cena, Combo Saludable Almuerzo, Cafetería Humanitas, Cafetería Akademia, Cafetería Bien estar Bien, Cafetería Campestre, La Cafeteria Bienestar Almuerzos, Bandejas, Desayunos, Mostrador, Servicios Especiales, etc."
COLOMBINA_FEBRERO.xlsx,FRUVER DF,,PROCESO BIENESTAR ESTUDIANTIL                                                                                                                                                            SUBPROCESO ATENCIÓN SOCIOECONÓMICA | Código: FBE.04 | CONTROL DE PEDIDO Y SALIDAS DE ALMACÉN (BODEGAS) | Versión: 04 | Fecha desde | Fecha hasta | dd | mm | aaaa | dd | mm | aaaa | Unidad de Servicio que solicita: | BIENESTAR ESTUDIANTIL | FECHA / CANTIDAD DIARIA POR UNIDADES
EMPANADAS-RAPRITOS__SJME_DF_14MAYO.xlsx,SALIDAS RAPIFRITOS-FEB 2 OKSJME,0,"PROCESO BIENESTAR ESTUDIANTIL                                                                                                                                                            SUBPROCESO ATENCIÓN SOCIOECONÓMICA | Código: FBE.04 | CONTROL DE PEDIDO Y SALIDAS DE ALMACÉN (BODEGAS) | Versión: 04 | Fecha de Salida de Almacén | Categoría (Marque con X) | dd | mm | aaaa | Alimentos y bebidas | X | 2 | 2 | 2026 | Aseo y productos químicos | Desechables | Unidad de Servicio que solicita:  CAFETERIA BIENESTAR ESTUDIANTIL/ DEDIFICIO BIENESTAR ESTUDIANTIL PISO | Hace referencia a los servicios: Comedores Desayuno, Comedores Almuerzo, Comedores Cena, Combo Saludable Almuerzo, Cafetería Humanitas, Cafetería Akademia, Cafetería Bien estar Bien, Cafetería Campestre, La Cafeteria Bienestar Almuerzos, Bandejas, Desayunos, Mostrador, Servicios Especiales, etc."
EMPANADAS-RAPRITOS__SJME_DF_14MAYO.xlsx,SALIDAS RAPIFRITOS-FEB 2 OKSJME,1,"PROCESO BIENESTAR ESTUDIANTIL                                                                                                                                                            SUBPROCESO ATENCIÓN SOCIOECONÓMICA | Código: FBE.04 | CONTROL DE PEDIDO Y SALIDAS DE ALMACÉN (BODEGAS) | Versión: 04 | Fecha de Salida de Almacén | Categoría (Marque con X) | dd | mm | aaaa | Alimentos y bebidas | X | 2 | 2 | 2026 | Aseo y productos químicos | Desechables | Unidad de Servicio que solicita: CAFETERIA ADMINISTRACION 3 / EDIFICIO ADMINISTRACION 3 PISO 6 | Hace referencia a los servicios: Comedores Desayuno, Comedores Almuerzo, Comedores Cena, Combo Saludable Almuerzo, Cafetería Humanitas, Cafetería Akademia, Cafetería Bien estar Bien, Cafetería Campestre, La Cafeteria Bienestar Almuerzos, Bandejas, Desayunos, Mostrador, Servicios Especiales, etc."
EMPANADAS-RAPRITOS__SJME_DF_14MAYO.xlsx,SALIDAS RAPIFRITOS-FEB 2 OKSJME,2,"PROCESO BIENESTAR ESTUDIANTIL                                                                                                                                                            SUBPROCESO ATENCIÓN SOCIOECONÓMICA | Código: FBE.04 | CONTROL DE PEDIDO Y SALIDAS DE ALMACÉN (BODEGAS) | Versión: 04 | Fecha de Salida de Almacén | Categoría (Marque con X) | dd | mm | aaaa | Alimentos y bebidas | X | 2 | 2 | 2026 | Aseo y productos químicos | Desechables | Unidad de Servicio que solicita: CAFE PLAZOLETA CAMILO TORRES | Hace referencia a los servicios: Comedores Desayuno, Comedores Almuerzo, Comedores Cena, Combo Saludable Almuerzo, Cafetería Humanitas, Cafetería Akademia, Cafetería Bien estar Bien, Cafetería Campestre, La Cafeteria Bienestar Almuerzos, Bandejas, Desayunos, Mostrador, Servicios Especiales, etc."
EMPANADAS-RAPRITOS__SJME_DF_14MAYO.xlsx,SALIDAS RAPIFRITOS- FEB  3 OK,0,"PROCESO BIENESTAR ESTUDIANTIL                                                                                                                                                            SUBPROCESO ATENCIÓN SOCIOECONÓMICA | Código: FBE.04 | CONTROL DE PEDIDO Y SALIDAS DE ALMACÉN (BODEGAS) | Versión: 04 | Fecha de Salida de Almacén | Categoría (Marque con X) | dd | mm | aaaa | Alimentos y bebidas | X | 3 | 2 | 2026 | Aseo y productos químicos | Desechables | Unidad de Servicio que solicita:  CAFETERIA BIENESTAR ESTUDIANTIL/ DEDIFICIO BIENESTAR ESTUDIANTIL PISO | Hace referencia a los servicios: Comedores Desayuno, Comedores Almuerzo, Comedores Cena, Combo Saludable Almuerzo, Cafetería Humanitas, Cafetería Akademia, Cafetería Bien estar Bien, Cafetería Campestre, La Cafeteria Bienestar Almuerzos, Bandejas, Desayunos, Mostrador, Servicios Especiales, etc."
EMPANADAS-RAPRITOS__SJME_DF_14MAYO.xlsx,SALIDAS RAPIFRITOS- FEB  3 OK,1,"PROCESO BIENESTAR ESTUDIANTIL                                                                                                                                                            SUBPROCESO ATENCIÓN SOCIOECONÓMICA | Código: FBE.04 | CONTROL DE PEDIDO Y SALIDAS DE ALMACÉN (BODEGAS) | Versión: 04 | Fecha de Salida de Almacén | Categoría (Marque con X) | dd | mm | aaaa | Alimentos y bebidas | X | 3 | 2 | 2026 | Aseo y productos químicos | Desechables | Unidad de Servicio que solicita: CAFETERIA ADMINISTRACION 3 / EDIFICIO ADMINISTRACION 3 PISO 6 | Hace referencia a los servicios: Comedores Desayuno, Comedores Almuerzo, Comedores Cena, Combo Saludable Almuerzo, Cafetería Humanitas, Cafetería Akademia, Cafetería Bien estar Bien, Cafetería Campestre, La Cafeteria Bienestar Almuerzos, Bandejas, Desayunos, Mostrador, Servicios Especiales, etc."
EMPANADAS-RAPRITOS__SJME_DF_14MAYO.xlsx,SALIDAS RAPIFRITOS- FEB  3 OK,2,"PROCESO BIENESTAR ESTUDIANTIL                                                                                                                                                            SUBPROCESO ATENCIÓN SOCIOECONÓMICA | Código: FBE.04 | CONTROL DE PEDIDO Y SALIDAS DE ALMACÉN (BODEGAS) | Versión: 04 | Fecha de Salida de Almacén | Categoría (Marque con X) | dd | mm | aaaa | Alimentos y bebidas | X | 3 | 2 | 2026 | Aseo y productos químicos | Desechables | Unidad de Servicio que solicita: CAFE PLAZOLETA CAMILO TORRES | Hace referencia a los servicios: Comedores Desayuno, Comedores Almuerzo, Comedores Cena, Combo Saludable Almuerzo, Cafetería Humanitas, Cafetería Akademia, Cafetería Bien estar Bien, Cafetería Campestre, La Cafeteria Bienestar Almuerzos, Bandejas, Desayunos, Mostrador, Servicios Especiales, etc."
EMPANADAS-RAPRITOS__SJME_DF_14MAYO.xlsx,SALIDAS RAPIFRITOS- FEB  4 OK,0,"PROCESO BIENESTAR ESTUDIANTIL                                                                                                                                                            SUBPROCESO ATENCIÓN SOCIOECONÓMICA | Código: FBE.04 | CONTROL DE PEDIDO Y SALIDAS DE ALMACÉN (BODEGAS) | Versión: 04 | Fecha de Salida de Almacén | Categoría (Marque con X) | dd | mm | aaaa | Alimentos y bebidas | X | 4 | 2 | 2026 | Aseo y productos químicos | Desechables | Unidad de Servicio que solicita:  CAFETERIA BIENESTAR ESTUDIANTIL/ DEDIFICIO BIENESTAR ESTUDIANTIL PISO | Hace referencia a los servicios: Comedores Desayuno, Comedores Almuerzo, Comedores Cena, Combo Saludable Almuerzo, Cafetería Humanitas, Cafetería Akademia, Cafetería Bien estar Bien, Cafetería Campestre, La Cafeteria Bienestar Almuerzos, Bandejas, Desayunos, Mostrador, Servicios Especiales, etc."
EMPANADAS-RAPRITOS__SJME_DF_14MAYO.xlsx,SALIDAS RAPIFRITOS- FEB  4 OK,1,"PROCESO BIENESTAR ESTUDIANTIL                                                                                                                                                            SUBPROCESO ATENCIÓN SOCIOECONÓMICA | Código: FBE.04 | CONTROL DE PEDIDO Y SALIDAS DE ALMACÉN (BODEGAS) | Versión: 04 | Fecha de Salida de Almacén | Categoría (Marque con X) | dd | mm | aaaa | Alimentos y bebidas | X | 4 | 2 | 2026 | Aseo y productos químicos | Desechables | Unidad de Servicio que solicita: CAFETERIA ADMINISTRACION 3 / EDIFICIO ADMINISTRACION 3 PISO 6 | Hace referencia a los servicios: Comedores Desayuno, Comedores Almuerzo, Comedores Cena, Combo Saludable Almuerzo, Cafetería Humanitas, Cafetería Akademia, Cafetería Bien estar Bien, Cafetería Campestre, La Cafeteria Bienestar Almuerzos, Bandejas, Desayunos, Mostrador, Servicios Especiales, etc."
EMPANADAS-RAPRITOS__SJME_DF_14MAYO.xlsx,SALIDAS RAPIFRITOS- FEB  4 OK,2,"PROCESO BIENESTAR ESTUDIANTIL                                                                                                                                                            SUBPROCESO ATENCIÓN SOCIOECONÓMICA | Código: FBE.04 | CONTROL DE PEDIDO Y SALIDAS DE ALMACÉN (BODEGAS) | Versión: 04 | Fecha de Salida de Almacén | Categoría (Marque con X) | dd | mm | aaaa | Alimentos y bebidas | X | 4 | 2 | 2026 | Aseo y productos químicos | Desechables | Unidad de Servicio que solicita: CAFETERIA CAFE PLAZOLETA CAMILO TORRES | Hace referencia a los servicios: Comedores Desayuno, Comedores Almuerzo, Comedores Cena, Combo Saludable Almuerzo, Cafetería Humanitas, Cafetería Akademia, Cafetería Bien estar Bien, Cafetería Campestre, La Cafeteria Bienestar Almuerzos, Bandejas, Desayunos, Mostrador, Servicios Especiales, etc."
EMPANADAS-RAPRITOS__SJME_DF_14MAYO.xlsx,SALIDAS RAPIFRITOS- FEB5 OK,0,"PROCESO BIENESTAR ESTUDIANTIL                                                                                                                                                            SUBPROCESO ATENCIÓN SOCIOECONÓMICA | Código: FBE.04 | CONTROL DE PEDIDO Y SALIDAS DE ALMACÉN (BODEGAS) | Versión: 04 | Fecha de Salida de Almacén | Categoría (Marque con X) | dd | mm | aaaa | Alimentos y bebidas | X | 5 | 2 | 2026 | Aseo y productos químicos | Desechables | Unidad de Servicio que solicita:  CAFETERIA BIENESTAR ESTUDIANTIL/ DEDIFICIO BIENESTAR ESTUDIANTIL PISO | Hace referencia a los servicios: Comedores Desayuno, Comedores Almuerzo, Comedores Cena, Combo Saludable Almuerzo, Cafetería Humanitas, Cafetería Akademia, Cafetería Bien estar Bien, Cafetería Campestre, La Cafeteria Bienestar Almuerzos, Bandejas, Desayunos, Mostrador, Servicios Especiales, etc."
EMPANADAS-RAPRITOS__SJME_DF_14MAYO.xlsx,SALIDAS RAPIFRITOS- FEB5 OK,1,"PROCESO BIENESTAR ESTUDIANTIL                                                                                                                                                            SUBPROCESO ATENCIÓN SOCIOECONÓMICA | Código: FBE.04 | CONTROL DE PEDIDO Y SALIDAS DE ALMACÉN (BODEGAS) | Versión: 04 | Fecha de Salida de Almacén | Categoría (Marque con X) | dd | mm | aaaa | Alimentos y bebidas | X | 5 | 2 | 2026 | Aseo y productos químicos | Desechables | Unidad de Servicio que solicita: CAFETERIA ADMINISTRACION 3 / EDIFICIO ADMINISTRACION 3 PISO 6 | Hace referencia a los servicios: Comedores Desayuno, Comedores Almuerzo, Comedores Cena, Combo Saludable Almuerzo, Cafetería Humanitas, Cafetería Akademia, Cafetería Bien estar Bien, Cafetería Campestre, La Cafeteria Bienestar Almuerzos, Bandejas, Desayunos, Mostrador, Servicios Especiales, etc."
EMPANADAS-RAPRITOS__SJME_DF_14MAYO.xlsx,SALIDAS RAPIFRITOS- FEB5 OK,2,"PROCESO BIENESTAR ESTUDIANTIL                                                                                                                                                            SUBPROCESO ATENCIÓN SOCIOECONÓMICA | Código: FBE.04 | CONTROL DE PEDIDO Y SALIDAS DE ALMACÉN (BODEGAS) | Versión: 04 | Fecha de Salida de Almacén | Categoría (Marque con X) | dd | mm | aaaa | Alimentos y bebidas | X | 5 | 2 | 2026 | Aseo y productos químicos | Desechables | Unidad de Servicio que solicita: CAFETERIA CAFE PLAZOLETA CAMILO TORRES | Hace referencia a los servicios: Comedores Desayuno, Comedores Almuerzo, Comedores Cena, Combo Saludable Almuerzo, Cafetería Humanitas, Cafetería Akademia, Cafetería Bien estar Bien, Cafetería Campestre, La Cafeteria Bienestar Almuerzos, Bandejas, Desayunos, Mostrador, Servicios Especiales, etc."
EMPANADAS-RAPRITOS__SJME_DF_14MAYO.xlsx,SALIDAS RAPIFRITOS- FEB6 OK,0,"PROCESO BIENESTAR ESTUDIANTIL                                                                                                                                                            SUBPROCESO ATENCIÓN SOCIOECONÓMICA | Código: FBE.04 | CONTROL DE PEDIDO Y SALIDAS DE ALMACÉN (BODEGAS) | Versión: 04 | Fecha de Salida de Almacén | Categoría (Marque con X) | dd | mm | aaaa | Alimentos y bebidas | X | 6 | 2 | 2026 | Aseo y productos químicos | Desechables | Unidad de Servicio que solicita:  CAFETERIA BIENESTAR ESTUDIANTIL/ DEDIFICIO BIENESTAR ESTUDIANTIL PISO | Hace referencia a los servicios: Comedores Desayuno, Comedores Almuerzo, Comedores Cena, Combo Saludable Almuerzo, Cafetería Humanitas, Cafetería Akademia, Cafetería Bien estar Bien, Cafetería Campestre, La Cafeteria Bienestar Almuerzos, Bandejas, Desayunos, Mostrador, Servicios Especiales, etc."
EMPANADAS-RAPRITOS__SJME_DF_14MAYO.xlsx,SALIDAS RAPIFRITOS- FEB6 OK,1,"PROCESO BIENESTAR ESTUDIANTIL                                                                                                                                                            SUBPROCESO ATENCIÓN SOCIOECONÓMICA | Código: FBE.04 | CONTROL DE PEDIDO Y SALIDAS DE ALMACÉN (BODEGAS) | Versión: 04 | Fecha de Salida de Almacén | Categoría (Marque con X) | dd | mm | aaaa | Alimentos y bebidas | X | 6 | 2 | 2026 | Aseo y productos químicos | Desechables | Unidad de Servicio que solicita: CAFETERIA ADMINISTRACION 3 / EDIFICIO ADMINISTRACION 3 PISO 6 | Hace referencia a los servicios: Comedores Desayuno, Comedores Almuerzo, Comedores Cena, Combo Saludable Almuerzo, Cafetería Humanitas, Cafetería Akademia, Cafetería Bien estar Bien, Cafetería Campestre, La Cafeteria Bienestar Almuerzos, Bandejas, Desayunos, Mostrador, Servicios Especiales, etc."
EMPANADAS-RAPRITOS__SJME_DF_14MAYO.xlsx,SALIDAS RAPIFRITOS- FEB6 OK,2,"PROCESO BIENESTAR ESTUDIANTIL                                                                                                                                                            SUBPROCESO ATENCIÓN SOCIOECONÓMICA | Código: FBE.04 | CONTROL DE PEDIDO Y SALIDAS DE ALMACÉN (BODEGAS) | Versión: 04 | Fecha de Salida de Almacén | Categoría (Marque con X) | dd | mm | aaaa | Alimentos y bebidas | X | 6 | 2 | 2026 | Aseo y productos químicos | Desechables | Unidad de Servicio que solicita: CAFETERIA CAFE PLAZOLETA CAMILO TORRES | Hace referencia a los servicios: Comedores Desayuno, Comedores Almuerzo, Comedores Cena, Combo Saludable Almuerzo, Cafetería Humanitas, Cafetería Akademia, Cafetería Bien estar Bien, Cafetería Campestre, La Cafeteria Bienestar Almuerzos, Bandejas, Desayunos, Mostrador, Servicios Especiales, etc."
EMPANADAS-RAPRITOS__SJME_DF_14MAYO.xlsx,SALIDAS RAPIFRITOS- FEB9 ),0,"PROCESO BIENESTAR ESTUDIANTIL                                                                                                                                                            SUBPROCESO ATENCIÓN SOCIOECONÓMICA | Código: FBE.04 | CONTROL DE PEDIDO Y SALIDAS DE ALMACÉN (BODEGAS) | Versión: 04 | Fecha de Salida de Almacén | Categoría (Marque con X) | dd | mm | aaaa | Alimentos y bebidas | X | 9 | 2 | 2026 | Aseo y productos químicos | Desechables | Unidad de Servicio que solicita:  CAFETERIA BIENESTAR ESTUDIANTIL/ DEDIFICIO BIENESTAR ESTUDIANTIL PISO | Hace referencia a los servicios: Comedores Desayuno, Comedores Almuerzo, Comedores Cena, Combo Saludable Almuerzo, Cafetería Humanitas, Cafetería Akademia, Cafetería Bien estar Bien, Cafetería Campestre, La Cafeteria Bienestar Almuerzos, Bandejas, Desayunos, Mostrador, Servicios Especiales, etc."
EMPANADAS-RAPRITOS__SJME_DF_14MAYO.xlsx,SALIDAS RAPIFRITOS- FEB9 ),1,"PROCESO BIENESTAR ESTUDIANTIL                                                                                                                                                            SUBPROCESO ATENCIÓN SOCIOECONÓMICA | Código: FBE.04 | CONTROL DE PEDIDO Y SALIDAS DE ALMACÉN (BODEGAS) | Versión: 04 | Fecha de Salida de Almacén | Categoría (Marque con X) | dd | mm | aaaa | Alimentos y bebidas | X | 9 | 2 | 2026 | Aseo y productos químicos | Desechables | Unidad de Servicio que solicita: CAFETERIA ADMINISTRACION 3 / EDIFICIO ADMINISTRACION 3 PISO 6 | Hace referencia a los servicios: Comedores Desayuno, Comedores Almuerzo, Comedores Cena, Combo Saludable Almuerzo, Cafetería Humanitas, Cafetería Akademia, Cafetería Bien estar Bien, Cafetería Campestre, La Cafeteria Bienestar Almuerzos, Bandejas, Desayunos, Mostrador, Servicios Especiales, etc."
EMPANADAS-RAPRITOS__SJME_DF_14MAYO.xlsx,SALIDAS RAPIFRITOS- FEB9 ),2,"PROCESO BIENESTAR ESTUDIANTIL                                                                                                                                                            SUBPROCESO ATENCIÓN SOCIOECONÓMICA | Código: FBE.04 | CONTROL DE PEDIDO Y SALIDAS DE ALMACÉN (BODEGAS) | Versión: 04 | Fecha de Salida de Almacén | Categoría (Marque con X) | dd | mm | aaaa | Alimentos y bebidas | X | 9 | 2 | 2026 | Aseo y productos químicos | Desechables | Unidad de Servicio que solicita: CAFETERIA CAFE PLAZOLETA CAMILO TORRES | Hace referencia a los servicios: Comedores Desayuno, Comedores Almuerzo, Comedores Cena, Combo Saludable Almuerzo, Cafetería Humanitas, Cafetería Akademia, Cafetería Bien estar Bien, Cafetería Campestre, La Cafeteria Bienestar Almuerzos, Bandejas, Desayunos, Mostrador, Servicios Especiales, etc."
EMPANADAS-RAPRITOS__SJME_DF_14MAYO.xlsx,SALIDAS RAPIFRITOS- FEB10,0,"PROCESO BIENESTAR ESTUDIANTIL                                                                                                                                                            SUBPROCESO ATENCIÓN SOCIOECONÓMICA | Código: FBE.04 | CONTROL DE PEDIDO Y SALIDAS DE ALMACÉN (BODEGAS) | Versión: 04 | Fecha de Salida de Almacén | Categoría (Marque con X) | dd | mm | aaaa | Alimentos y bebidas | X | 10 | 2 | 2026 | Aseo y productos químicos | Desechables | Unidad de Servicio que solicita:  CAFETERIA BIENESTAR ESTUDIANTIL/ DEDIFICIO BIENESTAR ESTUDIANTIL PISO | Hace referencia a los servicios: Comedores Desayuno, Comedores Almuerzo, Comedores Cena, Combo Saludable Almuerzo, Cafetería Humanitas, Cafetería Akademia, Cafetería Bien estar Bien, Cafetería Campestre, La Cafeteria Bienestar Almuerzos, Bandejas, Desayunos, Mostrador, Servicios Especiales, etc."
EMPANADAS-RAPRITOS__SJME_DF_14MAYO.xlsx,SALIDAS RAPIFRITOS- FEB10,1,"PROCESO BIENESTAR ESTUDIANTIL                                                                                                                                                            SUBPROCESO ATENCIÓN SOCIOECONÓMICA | Código: FBE.04 | CONTROL DE PEDIDO Y SALIDAS DE ALMACÉN (BODEGAS) | Versión: 04 | Fecha de Salida de Almacén | Categoría (Marque con X) | dd | mm | aaaa | Alimentos y bebidas | X | 10 | 2 | 2026 | Aseo y productos químicos | Desechables | Unidad de Servicio que solicita: CAFETERIA ADMINISTRACION 3 / EDIFICIO ADMINISTRACION 3 PISO 6 | Hace referencia a los servicios: Comedores Desayuno, Comedores Almuerzo, Comedores Cena, Combo Saludable Almuerzo, Cafetería Humanitas, Cafetería Akademia, Cafetería Bien estar Bien, Cafetería Campestre, La Cafeteria Bienestar Almuerzos, Bandejas, Desayunos, Mostrador, Servicios Especiales, etc."
EMPANADAS-RAPRITOS__SJME_DF_14MAYO.xlsx,SALIDAS RAPIFRITOS- FEB10,2,"PROCESO BIENESTAR ESTUDIANTIL                                                                                                                                                            SUBPROCESO ATENCIÓN SOCIOECONÓMICA | Código: FBE.04 | CONTROL DE PEDIDO Y SALIDAS DE ALMACÉN (BODEGAS) | Versión: 04 | Fecha de Salida de Almacén | Categoría (Marque con X) | dd | mm | aaaa | Alimentos y bebidas | X | 10 | 2 | 2026 | Aseo y productos químicos | Desechables | Unidad de Servicio que solicita: CAFETERIA CAFE PLAZOLETA CAMILO TORRES | Hace referencia a los servicios: Comedores Desayuno, Comedores Almuerzo, Comedores Cena, Combo Saludable Almuerzo, Cafetería Humanitas, Cafetería Akademia, Cafetería Bien estar Bien, Cafetería Campestre, La Cafeteria Bienestar Almuerzos, Bandejas, Desayunos, Mostrador, Servicios Especiales, etc."
EMPANADAS-RAPRITOS__SJME_DF_14MAYO.xlsx,SALIDAS RAPIFRITOS- FEB11,0,"PROCESO BIENESTAR ESTUDIANTIL                                                                                                                                                            SUBPROCESO ATENCIÓN SOCIOECONÓMICA | Código: FBE.04 | CONTROL DE PEDIDO Y SALIDAS DE ALMACÉN (BODEGAS) | Versión: 04 | Fecha de Salida de Almacén | Categoría (Marque con X) | dd | mm | aaaa | Alimentos y bebidas | X | 11 | 2 | 2026 | Aseo y productos químicos | Desechables | Unidad de Servicio que solicita:  CAFETERIA BIENESTAR ESTUDIANTIL/ DEDIFICIO BIENESTAR ESTUDIANTIL PISO | Hace referencia a los servicios: Comedores Desayuno, Comedores Almuerzo, Comedores Cena, Combo Saludable Almuerzo, Cafetería Humanitas, Cafetería Akademia, Cafetería Bien estar Bien, Cafetería Campestre, La Cafeteria Bienestar Almuerzos, Bandejas, Desayunos, Mostrador, Servicios Especiales, etc."
EMPANADAS-RAPRITOS__SJME_DF_14MAYO.xlsx,SALIDAS RAPIFRITOS- FEB11,1,"PROCESO BIENESTAR ESTUDIANTIL                                                                                                                                                            SUBPROCESO ATENCIÓN SOCIOECONÓMICA | Código: FBE.04 | CONTROL DE PEDIDO Y SALIDAS DE ALMACÉN (BODEGAS) | Versión: 04 | Fecha de Salida de Almacén | Categoría (Marque con X) | dd | mm | aaaa | Alimentos y bebidas | X | 11 | 2 | 2026 | Aseo y productos químicos | Desechables | Unidad de Servicio que solicita: CAFETERIA ADMINISTRACION 3 / EDIFICIO ADMINISTRACION 3 PISO 6 | Hace referencia a los servicios: Comedores Desayuno, Comedores Almuerzo, Comedores Cena, Combo Saludable Almuerzo, Cafetería Humanitas, Cafetería Akademia, Cafetería Bien estar Bien, Cafetería Campestre, La Cafeteria Bienestar Almuerzos, Bandejas, Desayunos, Mostrador, Servicios Especiales, etc."
EMPANADAS-RAPRITOS__SJME_DF_14MAYO.xlsx,SALIDAS RAPIFRITOS- FEB11,2,"PROCESO BIENESTAR ESTUDIANTIL                                                                                                                                                            SUBPROCESO ATENCIÓN SOCIOECONÓMICA | Código: FBE.04 | CONTROL DE PEDIDO Y SALIDAS DE ALMACÉN (BODEGAS) | Versión: 04 | Fecha de Salida de Almacén | Categoría (Marque con X) | dd | mm | aaaa | Alimentos y bebidas | X | 11 | 2 | 2026 | Aseo y productos químicos | Desechables | Unidad de Servicio que solicita: CAFETERIA CAFE PLAZOLETA CAMILO TORRES | Hace referencia a los servicios: Comedores Desayuno, Comedores Almuerzo, Comedores Cena, Combo Saludable Almuerzo, Cafetería Humanitas, Cafetería Akademia, Cafetería Bien estar Bien, Cafetería Campestre, La Cafeteria Bienestar Almuerzos, Bandejas, Desayunos, Mostrador, Servicios Especiales, etc."
EMPANADAS-RAPRITOS__SJME_DF_14MAYO.xlsx,SALIDAS RAPIFRITOS- FEB12,0,"PROCESO BIENESTAR ESTUDIANTIL                                                                                                                                                            SUBPROCESO ATENCIÓN SOCIOECONÓMICA | Código: FBE.04 | CONTROL DE PEDIDO Y SALIDAS DE ALMACÉN (BODEGAS) | Versión: 04 | Fecha de Salida de Almacén | Categoría (Marque con X) | dd | mm | aaaa | Alimentos y bebidas | X | 12 | 2 | 2026 | Aseo y productos químicos | Desechables | Unidad de Servicio que solicita:  CAFETERIA BIENESTAR ESTUDIANTIL/ DEDIFICIO BIENESTAR ESTUDIANTIL PISO | Hace referencia a los servicios: Comedores Desayuno, Comedores Almuerzo, Comedores Cena, Combo Saludable Almuerzo, Cafetería Humanitas, Cafetería Akademia, Cafetería Bien estar Bien, Cafetería Campestre, La Cafeteria Bienestar Almuerzos, Bandejas, Desayunos, Mostrador, Servicios Especiales, etc."
EMPANADAS-RAPRITOS__SJME_DF_14MAYO.xlsx,SALIDAS RAPIFRITOS- FEB12,1,"PROCESO BIENESTAR ESTUDIANTIL                                                                                                                                                            SUBPROCESO ATENCIÓN SOCIOECONÓMICA | Código: FBE.04 | CONTROL DE PEDIDO Y SALIDAS DE ALMACÉN (BODEGAS) | Versión: 04 | Fecha de Salida de Almacén | Categoría (Marque con X) | dd | mm | aaaa | Alimentos y bebidas | X | 12 | 2 | 2026 | Aseo y productos químicos | Desechables | Unidad de Servicio que solicita: CAFETERIA ADMINISTRACION 3 / EDIFICIO ADMINISTRACION 3 PISO 6 | Hace referencia a los servicios: Comedores Desayuno, Comedores Almuerzo, Comedores Cena, Combo Saludable Almuerzo, Cafetería Humanitas, Cafetería Akademia, Cafetería Bien estar Bien, Cafetería Campestre, La Cafeteria Bienestar Almuerzos, Bandejas, Desayunos, Mostrador, Servicios Especiales, etc."
EMPANADAS-RAPRITOS__SJME_DF_14MAYO.xlsx,SALIDAS RAPIFRITOS- FEB12,2,"PROCESO BIENESTAR ESTUDIANTIL                                                                                                                                                            SUBPROCESO ATENCIÓN SOCIOECONÓMICA | Código: FBE.04 | CONTROL DE PEDIDO Y SALIDAS DE ALMACÉN (BODEGAS) | Versión: 04 | Fecha de Salida de Almacén | Categoría (Marque con X) | dd | mm | aaaa | Alimentos y bebidas | X | 12 | 2 | 2026 | Aseo y productos químicos | Desechables | Unidad de Servicio que solicita: CAFETERIA CAFE PLAZOLETA CAMILO TORRES | Hace referencia a los servicios: Comedores Desayuno, Comedores Almuerzo, Comedores Cena, Combo Saludable Almuerzo, Cafetería Humanitas, Cafetería Akademia, Cafetería Bien estar Bien, Cafetería Campestre, La Cafeteria Bienestar Almuerzos, Bandejas, Desayunos, Mostrador, Servicios Especiales, etc."
EMPANADAS-RAPRITOS__SJME_DF_14MAYO.xlsx,SALIDAS RAPIFRITOS- FEB13,0,"PROCESO BIENESTAR ESTUDIANTIL                                                                                                                                                            SUBPROCESO ATENCIÓN SOCIOECONÓMICA | Código: FBE.04 | CONTROL DE PEDIDO Y SALIDAS DE ALMACÉN (BODEGAS) | Versión: 04 | Fecha de Salida de Almacén | Categoría (Marque con X) | dd | mm | aaaa | Alimentos y bebidas | X | 13 | 2 | 2026 | Aseo y productos químicos | Desechables | Unidad de Servicio que solicita:  CAFETERIA BIENESTAR ESTUDIANTIL/ DEDIFICIO BIENESTAR ESTUDIANTIL PISO | Hace referencia a los servicios: Comedores Desayuno, Comedores Almuerzo, Comedores Cena, Combo Saludable Almuerzo, Cafetería Humanitas, Cafetería Akademia, Cafetería Bien estar Bien, Cafetería Campestre, La Cafeteria Bienestar Almuerzos, Bandejas, Desayunos, Mostrador, Servicios Especiales, etc."
EMPANADAS-RAPRITOS__SJME_DF_14MAYO.xlsx,SALIDAS RAPIFRITOS- FEB13,1,"PROCESO BIENESTAR ESTUDIANTIL                                                                                                                                                            SUBPROCESO ATENCIÓN SOCIOECONÓMICA | Código: FBE.04 | CONTROL DE PEDIDO Y SALIDAS DE ALMACÉN (BODEGAS) | Versión: 04 | Fecha de Salida de Almacén | Categoría (Marque con X) | dd | mm | aaaa | Alimentos y bebidas | X | 13 | 2 | 2026 | Aseo y productos químicos | Desechables | Unidad de Servicio que solicita: CAFETERIA ADMINISTRACION 3 / EDIFICIO ADMINISTRACION 3 PISO 6 | Hace referencia a los servicios: Comedores Desayuno, Comedores Almuerzo, Comedores Cena, Combo Saludable Almuerzo, Cafetería Humanitas, Cafetería Akademia, Cafetería Bien estar Bien, Cafetería Campestre, La Cafeteria Bienestar Almuerzos, Bandejas, Desayunos, Mostrador, Servicios Especiales, etc."
EMPANADAS-RAPRITOS__SJME_DF_14MAYO.xlsx,SALIDAS RAPIFRITOS- FEB13,2,"PROCESO BIENESTAR ESTUDIANTIL                                                                                                                                                            SUBPROCESO ATENCIÓN SOCIOECONÓMICA | Código: FBE.04 | CONTROL DE PEDIDO Y SALIDAS DE ALMACÉN (BODEGAS) | Versión: 04 | Fecha de Salida de Almacén | Categoría (Marque con X) | dd | mm | aaaa | Alimentos y bebidas | X | 13 | 2 | 2026 | Aseo y productos químicos | Desechables | Unidad de Servicio que solicita: CAFETERIA CAFE PLAZOLETA CAMILO TORRES | Hace referencia a los servicios: Comedores Desayuno, Comedores Almuerzo, Comedores Cena, Combo Saludable Almuerzo, Cafetería Humanitas, Cafetería Akademia, Cafetería Bien estar Bien, Cafetería Campestre, La Cafeteria Bienestar Almuerzos, Bandejas, Desayunos, Mostrador, Servicios Especiales, etc."
EMPANADAS-RAPRITOS__SJME_DF_14MAYO.xlsx,SALIDAS RAPIFRITOS- FEB16 ,0,"PROCESO BIENESTAR ESTUDIANTIL                                                                                                                                                            SUBPROCESO ATENCIÓN SOCIOECONÓMICA | Código: FBE.04 | CONTROL DE PEDIDO Y SALIDAS DE ALMACÉN (BODEGAS) | Versión: 04 | Fecha de Salida de Almacén | Categoría (Marque con X) | dd | mm | aaaa | Alimentos y bebidas | X | 16 | 2 | 2026 | Aseo y productos químicos | Desechables | Unidad de Servicio que solicita:  CAFETERIA BIENESTAR ESTUDIANTIL/ DEDIFICIO BIENESTAR ESTUDIANTIL PISO | Hace referencia a los servicios: Comedores Desayuno, Comedores Almuerzo, Comedores Cena, Combo Saludable Almuerzo, Cafetería Humanitas, Cafetería Akademia, Cafetería Bien estar Bien, Cafetería Campestre, La Cafeteria Bienestar Almuerzos, Bandejas, Desayunos, Mostrador, Servicios Especiales, etc."
EMPANADAS-RAPRITOS__SJME_DF_14MAYO.xlsx,SALIDAS RAPIFRITOS- FEB16 ,1,"PROCESO BIENESTAR ESTUDIANTIL                                                                                                                                                            SUBPROCESO ATENCIÓN SOCIOECONÓMICA | Código: FBE.04 | CONTROL DE PEDIDO Y SALIDAS DE ALMACÉN (BODEGAS) | Versión: 04 | Fecha de Salida de Almacén | Categoría (Marque con X) | dd | mm | aaaa | Alimentos y bebidas | X | 16 | 2 | 2026 | Aseo y productos químicos | Desechables | Unidad de Servicio que solicita: CAFETERIA ADMINISTRACION 3 / EDIFICIO ADMINISTRACION 3 PISO 6 | Hace referencia a los servicios: Comedores Desayuno, Comedores Almuerzo, Comedores Cena, Combo Saludable Almuerzo, Cafetería Humanitas, Cafetería Akademia, Cafetería Bien estar Bien, Cafetería Campestre, La Cafeteria Bienestar Almuerzos, Bandejas, Desayunos, Mostrador, Servicios Especiales, etc."
EMPANADAS-RAPRITOS__SJME_DF_14MAYO.xlsx,SALIDAS RAPIFRITOS- FEB16 ,2,"PROCESO BIENESTAR ESTUDIANTIL                                                                                                                                                            SUBPROCESO ATENCIÓN SOCIOECONÓMICA | Código: FBE.04 | CONTROL DE PEDIDO Y SALIDAS DE ALMACÉN (BODEGAS) | Versión: 04 | Fecha de Salida de Almacén | Categoría (Marque con X) | dd | mm | aaaa | Alimentos y bebidas | X | 16 | 2 | 2026 | Aseo y productos químicos | Desechables | Unidad de Servicio que solicita: CAFETERIA CAFE PLAZOLETA CAMILO TORRES | Hace referencia a los servicios: Comedores Desayuno, Comedores Almuerzo, Comedores Cena, Combo Saludable Almuerzo, Cafetería Humanitas, Cafetería Akademia, Cafetería Bien estar Bien, Cafetería Campestre, La Cafeteria Bienestar Almuerzos, Bandejas, Desayunos, Mostrador, Servicios Especiales, etc."
EMPANADAS-RAPRITOS__SJME_DF_14MAYO.xlsx,SALIDAS RAPIFRITOS- FEB17,0,"PROCESO BIENESTAR ESTUDIANTIL                                                                                                                                                            SUBPROCESO ATENCIÓN SOCIOECONÓMICA | Código: FBE.04 | CONTROL DE PEDIDO Y SALIDAS DE ALMACÉN (BODEGAS) | Versión: 04 | Fecha de Salida de Almacén | Categoría (Marque con X) | dd | mm | aaaa | Alimentos y bebidas | X | 17 | 2 | 2026 | Aseo y productos químicos | Desechables | Unidad de Servicio que solicita:  CAFETERIA BIENESTAR ESTUDIANTIL/ DEDIFICIO BIENESTAR ESTUDIANTIL PISO | Hace referencia a los servicios: Comedores Desayuno, Comedores Almuerzo, Comedores Cena, Combo Saludable Almuerzo, Cafetería Humanitas, Cafetería Akademia, Cafetería Bien estar Bien, Cafetería Campestre, La Cafeteria Bienestar Almuerzos, Bandejas, Desayunos, Mostrador, Servicios Especiales, etc."
EMPANADAS-RAPRITOS__SJME_DF_14MAYO.xlsx,SALIDAS RAPIFRITOS- FEB17,1,"PROCESO BIENESTAR ESTUDIANTIL                                                                                                                                                            SUBPROCESO ATENCIÓN SOCIOECONÓMICA | Código: FBE.04 | CONTROL DE PEDIDO Y SALIDAS DE ALMACÉN (BODEGAS) | Versión: 04 | Fecha de Salida de Almacén | Categoría (Marque con X) | dd | mm | aaaa | Alimentos y bebidas | X | 17 | 2 | 2026 | Aseo y productos químicos | Desechables | Unidad de Servicio que solicita: CAFETERIA ADMINISTRACION 3 / EDIFICIO ADMINISTRACION 3 PISO 6 | Hace referencia a los servicios: Comedores Desayuno, Comedores Almuerzo, Comedores Cena, Combo Saludable Almuerzo, Cafetería Humanitas, Cafetería Akademia, Cafetería Bien estar Bien, Cafetería Campestre, La Cafeteria Bienestar Almuerzos, Bandejas, Desayunos, Mostrador, Servicios Especiales, etc."
EMPANADAS-RAPRITOS__SJME_DF_14MAYO.xlsx,SALIDAS RAPIFRITOS- FEB17,2,"PROCESO BIENESTAR ESTUDIANTIL                                                                                                                                                            SUBPROCESO ATENCIÓN SOCIOECONÓMICA | Código: FBE.04 | CONTROL DE PEDIDO Y SALIDAS DE ALMACÉN (BODEGAS) | Versión: 04 | Fecha de Salida de Almacén | Categoría (Marque con X) | dd | mm | aaaa | Alimentos y bebidas | X | 17 | 2 | 2026 | Aseo y productos químicos | Desechables | Unidad de Servicio que solicita: CAFETERIA CAFE PLAZOLETA CAMILO TORRES | Hace referencia a los servicios: Comedores Desayuno, Comedores Almuerzo, Comedores Cena, Combo Saludable Almuerzo, Cafetería Humanitas, Cafetería Akademia, Cafetería Bien estar Bien, Cafetería Campestre, La Cafeteria Bienestar Almuerzos, Bandejas, Desayunos, Mostrador, Servicios Especiales, etc."
EMPANADAS-RAPRITOS__SJME_DF_14MAYO.xlsx,SALIDAS RAPIFRITOS- FEB18,0,"PROCESO BIENESTAR ESTUDIANTIL                                                                                                                                                            SUBPROCESO ATENCIÓN SOCIOECONÓMICA | Código: FBE.04 | CONTROL DE PEDIDO Y SALIDAS DE ALMACÉN (BODEGAS) | Versión: 04 | Fecha de Salida de Almacén | Categoría (Marque con X) | dd | mm | aaaa | Alimentos y bebidas | X | 18 | 2 | 2026 | Aseo y productos químicos | Desechables | Unidad de Servicio que solicita:  CAFETERIA ADMINISTRACION 3 / EDIFICIO ADMINISTRACION 3 PISO 6 | Hace referencia a los servicios: Comedores Desayuno, Comedores Almuerzo, Comedores Cena, Combo Saludable Almuerzo, Cafetería Humanitas, Cafetería Akademia, Cafetería Bien estar Bien, Cafetería Campestre, La Cafeteria Bienestar Almuerzos, Bandejas, Desayunos, Mostrador, Servicios Especiales, etc."
EMPANADAS-RAPRITOS__SJME_DF_14MAYO.xlsx,SALIDAS RAPIFRITOS- FEB18,1,"PROCESO BIENESTAR ESTUDIANTIL                                                                                                                                                            SUBPROCESO ATENCIÓN SOCIOECONÓMICA | Código: FBE.04 | CONTROL DE PEDIDO Y SALIDAS DE ALMACÉN (BODEGAS) | Versión: 04 | Fecha de Salida de Almacén | Categoría (Marque con X) | dd | mm | aaaa | Alimentos y bebidas | X | 18 | 2 | 2026 | Aseo y productos químicos | Desechables | Unidad de Servicio que solicita:  CAFETERIA BIENESTAR ESTUDIANTIL/ DEDIFICIO BIENESTAR ESTUDIANTIL PISO | Hace referencia a los servicios: Comedores Desayuno, Comedores Almuerzo, Comedores Cena, Combo Saludable Almuerzo, Cafetería Humanitas, Cafetería Akademia, Cafetería Bien estar Bien, Cafetería Campestre, La Cafeteria Bienestar Almuerzos, Bandejas, Desayunos, Mostrador, Servicios Especiales, etc."
EMPANADAS-RAPRITOS__SJME_DF_14MAYO.xlsx,SALIDAS RAPIFRITOS- FEB18,2,"PROCESO BIENESTAR ESTUDIANTIL                                                                                                                                                            SUBPROCESO ATENCIÓN SOCIOECONÓMICA | Código: FBE.04 | CONTROL DE PEDIDO Y SALIDAS DE ALMACÉN (BODEGAS) | Versión: 04 | Fecha de Salida de Almacén | Categoría (Marque con X) | dd | mm | aaaa | Alimentos y bebidas | X | 18 | 2 | 2026 | Aseo y productos químicos | Desechables | Unidad de Servicio que solicita: CAFETERIA CAFE PLAZOLETA CAMILO TORRES | Hace referencia a los servicios: Comedores Desayuno, Comedores Almuerzo, Comedores Cena, Combo Saludable Almuerzo, Cafetería Humanitas, Cafetería Akademia, Cafetería Bien estar Bien, Cafetería Campestre, La Cafeteria Bienestar Almuerzos, Bandejas, Desayunos, Mostrador, Servicios Especiales, etc."
EMPANADAS-RAPRITOS__SJME_DF_14MAYO.xlsx,SALIDAS RAPIFRITOS- FEB19,0,"PROCESO BIENESTAR ESTUDIANTIL                                                                                                                                                            SUBPROCESO ATENCIÓN SOCIOECONÓMICA | Código: FBE.04 | CONTROL DE PEDIDO Y SALIDAS DE ALMACÉN (BODEGAS) | Versión: 04 | Fecha de Salida de Almacén | Categoría (Marque con X) | dd | mm | aaaa | Alimentos y bebidas | X | 19 | 2 | 2026 | Aseo y productos químicos | Desechables | Unidad de Servicio que solicita:  CAFETERIA ADMINISTRACION 3 / EDIFICIO ADMINISTRACION 3 PISO 6 | Hace referencia a los servicios: Comedores Desayuno, Comedores Almuerzo, Comedores Cena, Combo Saludable Almuerzo, Cafetería Humanitas, Cafetería Akademia, Cafetería Bien estar Bien, Cafetería Campestre, La Cafeteria Bienestar Almuerzos, Bandejas, Desayunos, Mostrador, Servicios Especiales, etc."
EMPANADAS-RAPRITOS__SJME_DF_14MAYO.xlsx,SALIDAS RAPIFRITOS- FEB19,1,"PROCESO BIENESTAR ESTUDIANTIL                                                                                                                                                            SUBPROCESO ATENCIÓN SOCIOECONÓMICA | Código: FBE.04 | CONTROL DE PEDIDO Y SALIDAS DE ALMACÉN (BODEGAS) | Versión: 04 | Fecha de Salida de Almacén | Categoría (Marque con X) | dd | mm | aaaa | Alimentos y bebidas | X | 19 | 2 | 2026 | Aseo y productos químicos | Desechables | Unidad de Servicio que solicita:  CAFETERIA BIENESTAR ESTUDIANTIL/ DEDIFICIO BIENESTAR ESTUDIANTIL PISO | Hace referencia a los servicios: Comedores Desayuno, Comedores Almuerzo, Comedores Cena, Combo Saludable Almuerzo, Cafetería Humanitas, Cafetería Akademia, Cafetería Bien estar Bien, Cafetería Campestre, La Cafeteria Bienestar Almuerzos, Bandejas, Desayunos, Mostrador, Servicios Especiales, etc."
EMPANADAS-RAPRITOS__SJME_DF_14MAYO.xlsx,SALIDAS RAPIFRITOS- FEB19,2,"PROCESO BIENESTAR ESTUDIANTIL                                                                                                                                                            SUBPROCESO ATENCIÓN SOCIOECONÓMICA | Código: FBE.04 | CONTROL DE PEDIDO Y SALIDAS DE ALMACÉN (BODEGAS) | Versión: 04 | Fecha de Salida de Almacén | Categoría (Marque con X) | dd | mm | aaaa | Alimentos y bebidas | X | 19 | 2 | 2026 | Aseo y productos químicos | Desechables | Unidad de Servicio que solicita: CAFETERIA CAFE PLAZOLETA CAMILO TORRES | Hace referencia a los servicios: Comedores Desayuno, Comedores Almuerzo, Comedores Cena, Combo Saludable Almuerzo, Cafetería Humanitas, Cafetería Akademia, Cafetería Bien estar Bien, Cafetería Campestre, La Cafeteria Bienestar Almuerzos, Bandejas, Desayunos, Mostrador, Servicios Especiales, etc."
EMPANADAS-RAPRITOS__SJME_DF_14MAYO.xlsx,SALIDAS RAPIFRITOS- FEB20,0,"PROCESO BIENESTAR ESTUDIANTIL                                                                                                                                                            SUBPROCESO ATENCIÓN SOCIOECONÓMICA | Código: FBE.04 | CONTROL DE PEDIDO Y SALIDAS DE ALMACÉN (BODEGAS) | Versión: 04 | Fecha de Salida de Almacén | Categoría (Marque con X) | dd | mm | aaaa | Alimentos y bebidas | X | 20 | 2 | 2026 | Aseo y productos químicos | Desechables | Unidad de Servicio que solicita:  CAFETERIA ADMINISTRACION 3 / EDIFICIO ADMINISTRACION 3 PISO 6 | Hace referencia a los servicios: Comedores Desayuno, Comedores Almuerzo, Comedores Cena, Combo Saludable Almuerzo, Cafetería Humanitas, Cafetería Akademia, Cafetería Bien estar Bien, Cafetería Campestre, La Cafeteria Bienestar Almuerzos, Bandejas, Desayunos, Mostrador, Servicios Especiales, etc."
EMPANADAS-RAPRITOS__SJME_DF_14MAYO.xlsx,SALIDAS RAPIFRITOS- FEB20,1,"PROCESO BIENESTAR ESTUDIANTIL                                                                                                                                                            SUBPROCESO ATENCIÓN SOCIOECONÓMICA | Código: FBE.04 | CONTROL DE PEDIDO Y SALIDAS DE ALMACÉN (BODEGAS) | Versión: 04 | Fecha de Salida de Almacén | Categoría (Marque con X) | dd | mm | aaaa | Alimentos y bebidas | X | 20 | 2 | 2026 | Aseo y productos químicos | Desechables | Unidad de Servicio que solicita:  CAFETERIA BIENESTAR ESTUDIANTIL/ DEDIFICIO BIENESTAR ESTUDIANTIL PISO | Hace referencia a los servicios: Comedores Desayuno, Comedores Almuerzo, Comedores Cena, Combo Saludable Almuerzo, Cafetería Humanitas, Cafetería Akademia, Cafetería Bien estar Bien, Cafetería Campestre, La Cafeteria Bienestar Almuerzos, Bandejas, Desayunos, Mostrador, Servicios Especiales, etc."
EMPANADAS-RAPRITOS__SJME_DF_14MAYO.xlsx,SALIDAS RAPIFRITOS- FEB20,2,"PROCESO BIENESTAR ESTUDIANTIL                                                                                                                                                            SUBPROCESO ATENCIÓN SOCIOECONÓMICA | Código: FBE.04 | CONTROL DE PEDIDO Y SALIDAS DE ALMACÉN (BODEGAS) | Versión: 04 | Fecha de Salida de Almacén | Categoría (Marque con X) | dd | mm | aaaa | Alimentos y bebidas | X | 20 | 2 | 2026 | Aseo y productos químicos | Desechables | Unidad de Servicio que solicita: CAFETERIA CAFE PLAZOLETA CAMILO TORRES | Hace referencia a los servicios: Comedores Desayuno, Comedores Almuerzo, Comedores Cena, Combo Saludable Almuerzo, Cafetería Humanitas, Cafetería Akademia, Cafetería Bien estar Bien, Cafetería Campestre, La Cafeteria Bienestar Almuerzos, Bandejas, Desayunos, Mostrador, Servicios Especiales, etc."
EMPANADAS-RAPRITOS__SJME_DF_14MAYO.xlsx,SALIDAS RAPIFRITOS- FEB23 DF,0,"PROCESO BIENESTAR ESTUDIANTIL                                                                                                                                                            SUBPROCESO ATENCIÓN SOCIOECONÓMICA | Código: FBE.04 | CONTROL DE PEDIDO Y SALIDAS DE ALMACÉN (BODEGAS) | Versión: 04 | Fecha de Salida de Almacén | Categoría (Marque con X) | dd | mm | aaaa | Alimentos y bebidas | X | 23 | 2 | 2026 | Aseo y productos químicos | Desechables | Unidad de Servicio que solicita:  CAFETERIA ADMINISTRACION 3 / EDIFICIO ADMINISTRACION 3 PISO 6 | Hace referencia a los servicios: Comedores Desayuno, Comedores Almuerzo, Comedores Cena, Combo Saludable Almuerzo, Cafetería Humanitas, Cafetería Akademia, Cafetería Bien estar Bien, Cafetería Campestre, La Cafeteria Bienestar Almuerzos, Bandejas, Desayunos, Mostrador, Servicios Especiales, etc."
EMPANADAS-RAPRITOS__SJME_DF_14MAYO.xlsx,SALIDAS RAPIFRITOS- FEB23 DF,1,"PROCESO BIENESTAR ESTUDIANTIL                                                                                                                                                            SUBPROCESO ATENCIÓN SOCIOECONÓMICA | Código: FBE.04 | CONTROL DE PEDIDO Y SALIDAS DE ALMACÉN (BODEGAS) | Versión: 04 | Fecha de Salida de Almacén | Categoría (Marque con X) | dd | mm | aaaa | Alimentos y bebidas | X | 23 | 2 | 2026 | Aseo y productos químicos | Desechables | Unidad de Servicio que solicita:  CAFETERIA BIENESTAR ESTUDIANTIL/ DEDIFICIO BIENESTAR ESTUDIANTIL PISO | Hace referencia a los servicios: Comedores Desayuno, Comedores Almuerzo, Comedores Cena, Combo Saludable Almuerzo, Cafetería Humanitas, Cafetería Akademia, Cafetería Bien estar Bien, Cafetería Campestre, La Cafeteria Bienestar Almuerzos, Bandejas, Desayunos, Mostrador, Servicios Especiales, etc."
EMPANADAS-RAPRITOS__SJME_DF_14MAYO.xlsx,SALIDAS RAPIFRITOS- FEB23 DF,2,"PROCESO BIENESTAR ESTUDIANTIL                                                                                                                                                            SUBPROCESO ATENCIÓN SOCIOECONÓMICA | Código: FBE.04 | CONTROL DE PEDIDO Y SALIDAS DE ALMACÉN (BODEGAS) | Versión: 04 | Fecha de Salida de Almacén | Categoría (Marque con X) | dd | mm | aaaa | Alimentos y bebidas | X | 23 | 2 | 2026 | Aseo y productos químicos | Desechables | Unidad de Servicio que solicita: CAFETERIA CAFE PLAZOLETA CAMILO TORRES | Hace referencia a los servicios: Comedores Desayuno, Comedores Almuerzo, Comedores Cena, Combo Saludable Almuerzo, Cafetería Humanitas, Cafetería Akademia, Cafetería Bien estar Bien, Cafetería Campestre, La Cafeteria Bienestar Almuerzos, Bandejas, Desayunos, Mostrador, Servicios Especiales, etc."
EMPANADAS-RAPRITOS__SJME_DF_14MAYO.xlsx,SALIDAS RAPIFRITOS- FEB24,0,"PROCESO BIENESTAR ESTUDIANTIL                                                                                                                                                            SUBPROCESO ATENCIÓN SOCIOECONÓMICA | Código: FBE.04 | CONTROL DE PEDIDO Y SALIDAS DE ALMACÉN (BODEGAS) | Versión: 04 | Fecha de Salida de Almacén | Categoría (Marque con X) | dd | mm | aaaa | Alimentos y bebidas | X | 24 | 2 | 2026 | Aseo y productos químicos | Desechables | Unidad de Servicio que solicita:  CAFETERIA ADMINISTRACION 3 / EDIFICIO ADMINISTRACION 3 PISO 6 | Hace referencia a los servicios: Comedores Desayuno, Comedores Almuerzo, Comedores Cena, Combo Saludable Almuerzo, Cafetería Humanitas, Cafetería Akademia, Cafetería Bien estar Bien, Cafetería Campestre, La Cafeteria Bienestar Almuerzos, Bandejas, Desayunos, Mostrador, Servicios Especiales, etc."
EMPANADAS-RAPRITOS__SJME_DF_14MAYO.xlsx,SALIDAS RAPIFRITOS- FEB24,1,"PROCESO BIENESTAR ESTUDIANTIL                                                                                                                                                            SUBPROCESO ATENCIÓN SOCIOECONÓMICA | Código: FBE.04 | CONTROL DE PEDIDO Y SALIDAS DE ALMACÉN (BODEGAS) | Versión: 04 | Fecha de Salida de Almacén | Categoría (Marque con X) | dd | mm | aaaa | Alimentos y bebidas | X | 24 | 2 | 2026 | Aseo y productos químicos | Desechables | Unidad de Servicio que solicita:  CAFETERIA BIENESTAR ESTUDIANTIL/ DEDIFICIO BIENESTAR ESTUDIANTIL PISO | Hace referencia a los servicios: Comedores Desayuno, Comedores Almuerzo, Comedores Cena, Combo Saludable Almuerzo, Cafetería Humanitas, Cafetería Akademia, Cafetería Bien estar Bien, Cafetería Campestre, La Cafeteria Bienestar Almuerzos, Bandejas, Desayunos, Mostrador, Servicios Especiales, etc."
EMPANADAS-RAPRITOS__SJME_DF_14MAYO.xlsx,SALIDAS RAPIFRITOS- FEB24,2,"PROCESO BIENESTAR ESTUDIANTIL                                                                                                                                                            SUBPROCESO ATENCIÓN SOCIOECONÓMICA | Código: FBE.04 | CONTROL DE PEDIDO Y SALIDAS DE ALMACÉN (BODEGAS) | Versión: 04 | Fecha de Salida de Almacén | Categoría (Marque con X) | dd | mm | aaaa | Alimentos y bebidas | X | 24 | 2 | 2026 | Aseo y productos químicos | Desechables | Unidad de Servicio que solicita: CAFETERIA CAFE PLAZOLETA CAMILO TORRES | Hace referencia a los servicios: Comedores Desayuno, Comedores Almuerzo, Comedores Cena, Combo Saludable Almuerzo, Cafetería Humanitas, Cafetería Akademia, Cafetería Bien estar Bien, Cafetería Campestre, La Cafeteria Bienestar Almuerzos, Bandejas, Desayunos, Mostrador, Servicios Especiales, etc."
EMPANADAS-RAPRITOS__SJME_DF_14MAYO.xlsx,SALIDAS RAPIFRITOS- FEB25,0,"PROCESO BIENESTAR ESTUDIANTIL                                                                                                                                                            SUBPROCESO ATENCIÓN SOCIOECONÓMICA | Código: FBE.04 | CONTROL DE PEDIDO Y SALIDAS DE ALMACÉN (BODEGAS) | Versión: 04 | Fecha de Salida de Almacén | Categoría (Marque con X) | dd | mm | aaaa | Alimentos y bebidas | X | 25 | 2 | 2026 | Aseo y productos químicos | Desechables | Unidad de Servicio que solicita:  CAFETERIA ADMINISTRACION 3 / EDIFICIO ADMINISTRACION 3 PISO 6 | Hace referencia a los servicios: Comedores Desayuno, Comedores Almuerzo, Comedores Cena, Combo Saludable Almuerzo, Cafetería Humanitas, Cafetería Akademia, Cafetería Bien estar Bien, Cafetería Campestre, La Cafeteria Bienestar Almuerzos, Bandejas, Desayunos, Mostrador, Servicios Especiales, etc."
EMPANADAS-RAPRITOS__SJME_DF_14MAYO.xlsx,SALIDAS RAPIFRITOS- FEB25,1,"PROCESO BIENESTAR ESTUDIANTIL                                                                                                                                                            SUBPROCESO ATENCIÓN SOCIOECONÓMICA | Código: FBE.04 | CONTROL DE PEDIDO Y SALIDAS DE ALMACÉN (BODEGAS) | Versión: 04 | Fecha de Salida de Almacén | Categoría (Marque con X) | dd | mm | aaaa | Alimentos y bebidas | X | 25 | 2 | 2026 | Aseo y productos químicos | Desechables | Unidad de Servicio que solicita:  CAFETERIA BIENESTAR ESTUDIANTIL/ DEDIFICIO BIENESTAR ESTUDIANTIL PISO | Hace referencia a los servicios: Comedores Desayuno, Comedores Almuerzo, Comedores Cena, Combo Saludable Almuerzo, Cafetería Humanitas, Cafetería Akademia, Cafetería Bien estar Bien, Cafetería Campestre, La Cafeteria Bienestar Almuerzos, Bandejas, Desayunos, Mostrador, Servicios Especiales, etc."
EMPANADAS-RAPRITOS__SJME_DF_14MAYO.xlsx,SALIDAS RAPIFRITOS- FEB25,2,"PROCESO BIENESTAR ESTUDIANTIL                                                                                                                                                            SUBPROCESO ATENCIÓN SOCIOECONÓMICA | Código: FBE.04 | CONTROL DE PEDIDO Y SALIDAS DE ALMACÉN (BODEGAS) | Versión: 04 | Fecha de Salida de Almacén | Categoría (Marque con X) | dd | mm | aaaa | Alimentos y bebidas | X | 25 | 2 | 2026 | Aseo y productos químicos | Desechables | Unidad de Servicio que solicita: CAFETERIA CAFE PLAZOLETA CAMILO TORRES | Hace referencia a los servicios: Comedores Desayuno, Comedores Almuerzo, Comedores Cena, Combo Saludable Almuerzo, Cafetería Humanitas, Cafetería Akademia, Cafetería Bien estar Bien, Cafetería Campestre, La Cafeteria Bienestar Almuerzos, Bandejas, Desayunos, Mostrador, Servicios Especiales, etc."
EMPANADAS-RAPRITOS__SJME_DF_14MAYO.xlsx,SALIDAS RAPIFRITOS- FEB26,0,"PROCESO BIENESTAR ESTUDIANTIL                                                                                                                                                            SUBPROCESO ATENCIÓN SOCIOECONÓMICA | Código: FBE.04 | CONTROL DE PEDIDO Y SALIDAS DE ALMACÉN (BODEGAS) | Versión: 04 | Fecha de Salida de Almacén | Categoría (Marque con X) | dd | mm | aaaa | Alimentos y bebidas | X | 25 | 2 | 2026 | Aseo y productos químicos | Desechables | Unidad de Servicio que solicita:  CAFETERIA ADMINISTRACION 3 / EDIFICIO ADMINISTRACION 3 PISO 6 | Hace referencia a los servicios: Comedores Desayuno, Comedores Almuerzo, Comedores Cena, Combo Saludable Almuerzo, Cafetería Humanitas, Cafetería Akademia, Cafetería Bien estar Bien, Cafetería Campestre, La Cafeteria Bienestar Almuerzos, Bandejas, Desayunos, Mostrador, Servicios Especiales, etc."
EMPANADAS-RAPRITOS__SJME_DF_14MAYO.xlsx,SALIDAS RAPIFRITOS- FEB26,1,"PROCESO BIENESTAR ESTUDIANTIL                                                                                                                                                            SUBPROCESO ATENCIÓN SOCIOECONÓMICA | Código: FBE.04 | CONTROL DE PEDIDO Y SALIDAS DE ALMACÉN (BODEGAS) | Versión: 04 | Fecha de Salida de Almacén | Categoría (Marque con X) | dd | mm | aaaa | Alimentos y bebidas | X | 25 | 2 | 2026 | Aseo y productos químicos | Desechables | Unidad de Servicio que solicita:  CAFETERIA BIENESTAR ESTUDIANTIL/ DEDIFICIO BIENESTAR ESTUDIANTIL PISO | Hace referencia a los servicios: Comedores Desayuno, Comedores Almuerzo, Comedores Cena, Combo Saludable Almuerzo, Cafetería Humanitas, Cafetería Akademia, Cafetería Bien estar Bien, Cafetería Campestre, La Cafeteria Bienestar Almuerzos, Bandejas, Desayunos, Mostrador, Servicios Especiales, etc."
EMPANADAS-RAPRITOS__SJME_DF_14MAYO.xlsx,SALIDAS RAPIFRITOS- FEB26,2,"PROCESO BIENESTAR ESTUDIANTIL                                                                                                                                                            SUBPROCESO ATENCIÓN SOCIOECONÓMICA | Código: FBE.04 | CONTROL DE PEDIDO Y SALIDAS DE ALMACÉN (BODEGAS) | Versión: 04 | Fecha de Salida de Almacén | Categoría (Marque con X) | dd | mm | aaaa | Alimentos y bebidas | X | 25 | 2 | 2026 | Aseo y productos químicos | Desechables | Unidad de Servicio que solicita: CAFETERIA CAFE PLAZOLETA CAMILO TORRES | Hace referencia a los servicios: Comedores Desayuno, Comedores Almuerzo, Comedores Cena, Combo Saludable Almuerzo, Cafetería Humanitas, Cafetería Akademia, Cafetería Bien estar Bien, Cafetería Campestre, La Cafeteria Bienestar Almuerzos, Bandejas, Desayunos, Mostrador, Servicios Especiales, etc."
EMPANADAS-RAPRITOS__SJME_DF_14MAYO.xlsx,SALIDAS RAPIFRITOS- FEB27,0,"PROCESO BIENESTAR ESTUDIANTIL                                                                                                                                                            SUBPROCESO ATENCIÓN SOCIOECONÓMICA | Código: FBE.04 | CONTROL DE PEDIDO Y SALIDAS DE ALMACÉN (BODEGAS) | Versión: 04 | Fecha de Salida de Almacén | Categoría (Marque con X) | dd | mm | aaaa | Alimentos y bebidas | X | 27 | 2 | 2026 | Aseo y productos químicos | Desechables | Unidad de Servicio que solicita:  CAFETERIA ADMINISTRACION 3 / EDIFICIO ADMINISTRACION 3 PISO 6 | Hace referencia a los servicios: Comedores Desayuno, Comedores Almuerzo, Comedores Cena, Combo Saludable Almuerzo, Cafetería Humanitas, Cafetería Akademia, Cafetería Bien estar Bien, Cafetería Campestre, La Cafeteria Bienestar Almuerzos, Bandejas, Desayunos, Mostrador, Servicios Especiales, etc."
EMPANADAS-RAPRITOS__SJME_DF_14MAYO.xlsx,SALIDAS RAPIFRITOS- FEB27,1,"PROCESO BIENESTAR ESTUDIANTIL                                                                                                                                                            SUBPROCESO ATENCIÓN SOCIOECONÓMICA | Código: FBE.04 | CONTROL DE PEDIDO Y SALIDAS DE ALMACÉN (BODEGAS) | Versión: 04 | Fecha de Salida de Almacén | Categoría (Marque con X) | dd | mm | aaaa | Alimentos y bebidas | X | 27 | 2 | 2026 | Aseo y productos químicos | Desechables | Unidad de Servicio que solicita:  CAFETERIA BIENESTAR ESTUDIANTIL/ DEDIFICIO BIENESTAR ESTUDIANTIL PISO | Hace referencia a los servicios: Comedores Desayuno, Comedores Almuerzo, Comedores Cena, Combo Saludable Almuerzo, Cafetería Humanitas, Cafetería Akademia, Cafetería Bien estar Bien, Cafetería Campestre, La Cafeteria Bienestar Almuerzos, Bandejas, Desayunos, Mostrador, Servicios Especiales, etc."
EMPANADAS-RAPRITOS__SJME_DF_14MAYO.xlsx,SALIDAS RAPIFRITOS- FEB27,2,"PROCESO BIENESTAR ESTUDIANTIL                                                                                                                                                            SUBPROCESO ATENCIÓN SOCIOECONÓMICA | Código: FBE.04 | CONTROL DE PEDIDO Y SALIDAS DE ALMACÉN (BODEGAS) | Versión: 04 | Fecha de Salida de Almacén | Categoría (Marque con X) | dd | mm | aaaa | Alimentos y bebidas | X | 27 | 2 | 2026 | Aseo y productos químicos | Desechables | Unidad de Servicio que solicita: CAFETERIA CAFE PLAZOLETA CAMILO TORRES | Hace referencia a los servicios: Comedores Desayuno, Comedores Almuerzo, Comedores Cena, Combo Saludable Almuerzo, Cafetería Humanitas, Cafetería Akademia, Cafetería Bien estar Bien, Cafetería Campestre, La Cafeteria Bienestar Almuerzos, Bandejas, Desayunos, Mostrador, Servicios Especiales, etc."
EMPANADAS-RAPRITOS__SJME_DF_14MAYO.xlsx,SALIDAS RAPIFRITOS- MARZO 02,0,"PROCESO BIENESTAR ESTUDIANTIL                                                                                                                                                            SUBPROCESO ATENCIÓN SOCIOECONÓMICA | Código: FBE.04 | CONTROL DE PEDIDO Y SALIDAS DE ALMACÉN (BODEGAS) | Versión: 04 | Fecha de Salida de Almacén | Categoría (Marque con X) | dd | mm | aaaa | Alimentos y bebidas | X | 2 | 3 | 2026 | Aseo y productos químicos | Desechables | Unidad de Servicio que solicita:  CAFETERIA ADMINISTRACION 3 / EDIFICIO ADMINISTRACION 3 PISO 6 | Hace referencia a los servicios: Comedores Desayuno, Comedores Almuerzo, Comedores Cena, Combo Saludable Almuerzo, Cafetería Humanitas, Cafetería Akademia, Cafetería Bien estar Bien, Cafetería Campestre, La Cafeteria Bienestar Almuerzos, Bandejas, Desayunos, Mostrador, Servicios Especiales, etc."
EMPANADAS-RAPRITOS__SJME_DF_14MAYO.xlsx,SALIDAS RAPIFRITOS- MARZO 02,1,"PROCESO BIENESTAR ESTUDIANTIL                                                                                                                                                            SUBPROCESO ATENCIÓN SOCIOECONÓMICA | Código: FBE.04 | CONTROL DE PEDIDO Y SALIDAS DE ALMACÉN (BODEGAS) | Versión: 04 | Fecha de Salida de Almacén | Categoría (Marque con X) | dd | mm | aaaa | Alimentos y bebidas | X | 2 | 3 | 2026 | Aseo y productos químicos | Desechables | Unidad de Servicio que solicita:  CAFETERIA BIENESTAR ESTUDIANTIL/ DEDIFICIO BIENESTAR ESTUDIANTIL PISO | Hace referencia a los servicios: Comedores Desayuno, Comedores Almuerzo, Comedores Cena, Combo Saludable Almuerzo, Cafetería Humanitas, Cafetería Akademia, Cafetería Bien estar Bien, Cafetería Campestre, La Cafeteria Bienestar Almuerzos, Bandejas, Desayunos, Mostrador, Servicios Especiales, etc."
EMPANADAS-RAPRITOS__SJME_DF_14MAYO.xlsx,SALIDAS RAPIFRITOS- MARZO 02,2,"PROCESO BIENESTAR ESTUDIANTIL                                                                                                                                                            SUBPROCESO ATENCIÓN SOCIOECONÓMICA | Código: FBE.04 | CONTROL DE PEDIDO Y SALIDAS DE ALMACÉN (BODEGAS) | Versión: 04 | Fecha de Salida de Almacén | Categoría (Marque con X) | dd | mm | aaaa | Alimentos y bebidas | X | 2 | 3 | 2026 | Aseo y productos químicos | Desechables | Unidad de Servicio que solicita: CAFETERIA CAFE PLAZOLETA CAMILO TORRES | Hace referencia a los servicios: Comedores Desayuno, Comedores Almuerzo, Comedores Cena, Combo Saludable Almuerzo, Cafetería Humanitas, Cafetería Akademia, Cafetería Bien estar Bien, Cafetería Campestre, La Cafeteria Bienestar Almuerzos, Bandejas, Desayunos, Mostrador, Servicios Especiales, etc."
EMPANADAS-RAPRITOS__SJME_DF_14MAYO.xlsx,SALIDAS RAPIFRITOS- MARZO 03,0,"PROCESO BIENESTAR ESTUDIANTIL                                                                                                                                                            SUBPROCESO ATENCIÓN SOCIOECONÓMICA | Código: FBE.04 | CONTROL DE PEDIDO Y SALIDAS DE ALMACÉN (BODEGAS) | Versión: 04 | Fecha de Salida de Almacén | Categoría (Marque con X) | dd | mm | aaaa | Alimentos y bebidas | X | 3 | 3 | 2026 | Aseo y productos químicos | Desechables | Unidad de Servicio que solicita:  CAFETERIA ADMINISTRACION 3 / EDIFICIO ADMINISTRACION 3 PISO 6 | Hace referencia a los servicios: Comedores Desayuno, Comedores Almuerzo, Comedores Cena, Combo Saludable Almuerzo, Cafetería Humanitas, Cafetería Akademia, Cafetería Bien estar Bien, Cafetería Campestre, La Cafeteria Bienestar Almuerzos, Bandejas, Desayunos, Mostrador, Servicios Especiales, etc."
EMPANADAS-RAPRITOS__SJME_DF_14MAYO.xlsx,SALIDAS RAPIFRITOS- MARZO 03,1,"PROCESO BIENESTAR ESTUDIANTIL                                                                                                                                                            SUBPROCESO ATENCIÓN SOCIOECONÓMICA | Código: FBE.04 | CONTROL DE PEDIDO Y SALIDAS DE ALMACÉN (BODEGAS) | Versión: 04 | Fecha de Salida de Almacén | Categoría (Marque con X) | dd | mm | aaaa | Alimentos y bebidas | X | 3 | 3 | 2026 | Aseo y productos químicos | Desechables | Unidad de Servicio que solicita:  CAFETERIA BIENESTAR ESTUDIANTIL/ DEDIFICIO BIENESTAR ESTUDIANTIL PISO | Hace referencia a los servicios: Comedores Desayuno, Comedores Almuerzo, Comedores Cena, Combo Saludable Almuerzo, Cafetería Humanitas, Cafetería Akademia, Cafetería Bien estar Bien, Cafetería Campestre, La Cafeteria Bienestar Almuerzos, Bandejas, Desayunos, Mostrador, Servicios Especiales, etc."
EMPANADAS-RAPRITOS__SJME_DF_14MAYO.xlsx,SALIDAS RAPIFRITOS- MARZO 03,2,"PROCESO BIENESTAR ESTUDIANTIL                                                                                                                                                            SUBPROCESO ATENCIÓN SOCIOECONÓMICA | Código: FBE.04 | CONTROL DE PEDIDO Y SALIDAS DE ALMACÉN (BODEGAS) | Versión: 04 | Fecha de Salida de Almacén | Categoría (Marque con X) | dd | mm | aaaa | Alimentos y bebidas | X | 3 | 3 | 2026 | Aseo y productos químicos | Desechables | Unidad de Servicio que solicita: CAFETERIA CAFE PLAZOLETA CAMILO TORRES | Hace referencia a los servicios: Comedores Desayuno, Comedores Almuerzo, Comedores Cena, Combo Saludable Almuerzo, Cafetería Humanitas, Cafetería Akademia, Cafetería Bien estar Bien, Cafetería Campestre, La Cafeteria Bienestar Almuerzos, Bandejas, Desayunos, Mostrador, Servicios Especiales, etc."
EMPANADAS-RAPRITOS__SJME_DF_14MAYO.xlsx,SALIDAS RAPIFRITOS- MARZO 4,0,"PROCESO BIENESTAR ESTUDIANTIL                                                                                                                                                            SUBPROCESO ATENCIÓN SOCIOECONÓMICA | Código: FBE.04 | CONTROL DE PEDIDO Y SALIDAS DE ALMACÉN (BODEGAS) | Versión: 04 | Fecha de Salida de Almacén | Categoría (Marque con X) | dd | mm | aaaa | Alimentos y bebidas | X | 4 | 3 | 2026 | Aseo y productos químicos | Desechables | Unidad de Servicio que solicita:  CAFETERIA ADMINISTRACION 3 / EDIFICIO ADMINISTRACION 3 PISO 6 | Hace referencia a los servicios: Comedores Desayuno, Comedores Almuerzo, Comedores Cena, Combo Saludable Almuerzo, Cafetería Humanitas, Cafetería Akademia, Cafetería Bien estar Bien, Cafetería Campestre, La Cafeteria Bienestar Almuerzos, Bandejas, Desayunos, Mostrador, Servicios Especiales, etc."
EMPANADAS-RAPRITOS__SJME_DF_14MAYO.xlsx,SALIDAS RAPIFRITOS- MARZO 4,1,"PROCESO BIENESTAR ESTUDIANTIL                                                                                                                                                            SUBPROCESO ATENCIÓN SOCIOECONÓMICA | Código: FBE.04 | CONTROL DE PEDIDO Y SALIDAS DE ALMACÉN (BODEGAS) | Versión: 04 | Fecha de Salida de Almacén | Categoría (Marque con X) | dd | mm | aaaa | Alimentos y bebidas | X | 4 | 3 | 2026 | Aseo y productos químicos | Desechables | Unidad de Servicio que solicita:  CAFETERIA BIENESTAR ESTUDIANTIL/ DEDIFICIO BIENESTAR ESTUDIANTIL PISO | Hace referencia a los servicios: Comedores Desayuno, Comedores Almuerzo, Comedores Cena, Combo Saludable Almuerzo, Cafetería Humanitas, Cafetería Akademia, Cafetería Bien estar Bien, Cafetería Campestre, La Cafeteria Bienestar Almuerzos, Bandejas, Desayunos, Mostrador, Servicios Especiales, etc."
EMPANADAS-RAPRITOS__SJME_DF_14MAYO.xlsx,SALIDAS RAPIFRITOS- MARZO 4,2,"PROCESO BIENESTAR ESTUDIANTIL                                                                                                                                                            SUBPROCESO ATENCIÓN SOCIOECONÓMICA | Código: FBE.04 | CONTROL DE PEDIDO Y SALIDAS DE ALMACÉN (BODEGAS) | Versión: 04 | Fecha de Salida de Almacén | Categoría (Marque con X) | dd | mm | aaaa | Alimentos y bebidas | X | 4 | 3 | 2026 | Aseo y productos químicos | Desechables | Unidad de Servicio que solicita: CAFETERIA CAFE PLAZOLETA CAMILO TORRES | Hace referencia a los servicios: Comedores Desayuno, Comedores Almuerzo, Comedores Cena, Combo Saludable Almuerzo, Cafetería Humanitas, Cafetería Akademia, Cafetería Bien estar Bien, Cafetería Campestre, La Cafeteria Bienestar Almuerzos, Bandejas, Desayunos, Mostrador, Servicios Especiales, etc."
EMPANADAS-RAPRITOS__SJME_DF_14MAYO.xlsx,SALIDAS RAPIFRITOS- MARZO 5,0,"PROCESO BIENESTAR ESTUDIANTIL                                                                                                                                                            SUBPROCESO ATENCIÓN SOCIOECONÓMICA | Código: FBE.04 | CONTROL DE PEDIDO Y SALIDAS DE ALMACÉN (BODEGAS) | Versión: 04 | Fecha de Salida de Almacén | Categoría (Marque con X) | dd | mm | aaaa | Alimentos y bebidas | X | 5 | 3 | 2026 | Aseo y productos químicos | Desechables | Unidad de Servicio que solicita:  CAFETERIA BIENESTAR ESTUDIANTIL/ DEDIFICIO BIENESTAR ESTUDIANTIL PISO | Hace referencia a los servicios: Comedores Desayuno, Comedores Almuerzo, Comedores Cena, Combo Saludable Almuerzo, Cafetería Humanitas, Cafetería Akademia, Cafetería Bien estar Bien, Cafetería Campestre, La Cafeteria Bienestar Almuerzos, Bandejas, Desayunos, Mostrador, Servicios Especiales, etc."
EMPANADAS-RAPRITOS__SJME_DF_14MAYO.xlsx,SALIDAS RAPIFRITOS- MARZO 5,1,"PROCESO BIENESTAR ESTUDIANTIL                                                                                                                                                            SUBPROCESO ATENCIÓN SOCIOECONÓMICA | Código: FBE.04 | CONTROL DE PEDIDO Y SALIDAS DE ALMACÉN (BODEGAS) | Versión: 04 | Fecha de Salida de Almacén | Categoría (Marque con X) | dd | mm | aaaa | Alimentos y bebidas | X | 5 | 3 | 2026 | Aseo y productos químicos | Desechables | Unidad de Servicio que solicita:  CAFETERIA ADMINISTRACION 3 / EDIFICIO ADMINISTRACION 3 PISO 6 | Hace referencia a los servicios: Comedores Desayuno, Comedores Almuerzo, Comedores Cena, Combo Saludable Almuerzo, Cafetería Humanitas, Cafetería Akademia, Cafetería Bien estar Bien, Cafetería Campestre, La Cafeteria Bienestar Almuerzos, Bandejas, Desayunos, Mostrador, Servicios Especiales, etc."
EMPANADAS-RAPRITOS__SJME_DF_14MAYO.xlsx,SALIDAS RAPIFRITOS- MARZO 5,2,"PROCESO BIENESTAR ESTUDIANTIL                                                                                                                                                            SUBPROCESO ATENCIÓN SOCIOECONÓMICA | Código: FBE.04 | CONTROL DE PEDIDO Y SALIDAS DE ALMACÉN (BODEGAS) | Versión: 04 | Fecha de Salida de Almacén | Categoría (Marque con X) | dd | mm | aaaa | Alimentos y bebidas | X | 5 | 3 | 2026 | Aseo y productos químicos | Desechables | Unidad de Servicio que solicita: CAFETERIA CAFE PLAZOLETA CAMILO TORRES | Hace referencia a los servicios: Comedores Desayuno, Comedores Almuerzo, Comedores Cena, Combo Saludable Almuerzo, Cafetería Humanitas, Cafetería Akademia, Cafetería Bien estar Bien, Cafetería Campestre, La Cafeteria Bienestar Almuerzos, Bandejas, Desayunos, Mostrador, Servicios Especiales, etc."
EMPANADAS-RAPRITOS__SJME_DF_14MAYO.xlsx,SALIDAS RAPIFRITOS- MARZO006,0,"PROCESO BIENESTAR ESTUDIANTIL                                                                                                                                                            SUBPROCESO ATENCIÓN SOCIOECONÓMICA | Código: FBE.04 | CONTROL DE PEDIDO Y SALIDAS DE ALMACÉN (BODEGAS) | Versión: 04 | Fecha de Salida de Almacén | Categoría (Marque con X) | dd | mm | aaaa | Alimentos y bebidas | X | 6 | 3 | 2026 | Aseo y productos químicos | Desechables | Unidad de Servicio que solicita:  CAFETERIA BIENESTAR ESTUDIANTIL/ DEDIFICIO BIENESTAR ESTUDIANTIL PISO | Hace referencia a los servicios: Comedores Desayuno, Comedores Almuerzo, Comedores Cena, Combo Saludable Almuerzo, Cafetería Humanitas, Cafetería Akademia, Cafetería Bien estar Bien, Cafetería Campestre, La Cafeteria Bienestar Almuerzos, Bandejas, Desayunos, Mostrador, Servicios Especiales, etc."
EMPANADAS-RAPRITOS__SJME_DF_14MAYO.xlsx,SALIDAS RAPIFRITOS- MARZO006,1,"PROCESO BIENESTAR ESTUDIANTIL                                                                                                                                                            SUBPROCESO ATENCIÓN SOCIOECONÓMICA | Código: FBE.04 | CONTROL DE PEDIDO Y SALIDAS DE ALMACÉN (BODEGAS) | Versión: 04 | Fecha de Salida de Almacén | Categoría (Marque con X) | dd | mm | aaaa | Alimentos y bebidas | X | 6 | 3 | 2026 | Aseo y productos químicos | Desechables | Unidad de Servicio que solicita:   CAFETERIA ADMINISTRACION 3 / EDIFICIO ADMINISTRACION 3 PISO 6 | Hace referencia a los servicios: Comedores Desayuno, Comedores Almuerzo, Comedores Cena, Combo Saludable Almuerzo, Cafetería Humanitas, Cafetería Akademia, Cafetería Bien estar Bien, Cafetería Campestre, La Cafeteria Bienestar Almuerzos, Bandejas, Desayunos, Mostrador, Servicios Especiales, etc."
EMPANADAS-RAPRITOS__SJME_DF_14MAYO.xlsx,SALIDAS RAPIFRITOS- MARZO006,2,"PROCESO BIENESTAR ESTUDIANTIL                                                                                                                                                            SUBPROCESO ATENCIÓN SOCIOECONÓMICA | Código: FBE.04 | CONTROL DE PEDIDO Y SALIDAS DE ALMACÉN (BODEGAS) | Versión: 04 | Fecha de Salida de Almacén | Categoría (Marque con X) | dd | mm | aaaa | Alimentos y bebidas | X | 6 | 3 | 2026 | Aseo y productos químicos | Desechables | Unidad de Servicio que solicita: CAFETERIA CAFE PLAZOLETA CAMILO TORRES | Hace referencia a los servicios: Comedores Desayuno, Comedores Almuerzo, Comedores Cena, Combo Saludable Almuerzo, Cafetería Humanitas, Cafetería Akademia, Cafetería Bien estar Bien, Cafetería Campestre, La Cafeteria Bienestar Almuerzos, Bandejas, Desayunos, Mostrador, Servicios Especiales, etc."
EMPANADAS-RAPRITOS__SJME_DF_14MAYO.xlsx,SALIDAS RAPIFRITOS- MARZO9,0,"PROCESO BIENESTAR ESTUDIANTIL                                                                                                                                                            SUBPROCESO ATENCIÓN SOCIOECONÓMICA | Código: FBE.04 | CONTROL DE PEDIDO Y SALIDAS DE ALMACÉN (BODEGAS) | Versión: 04 | Fecha de Salida de Almacén | Categoría (Marque con X) | dd | mm | aaaa | Alimentos y bebidas | X | 9 | 3 | 2026 | Aseo y productos químicos | Desechables | Unidad de Servicio que solicita:   CAFETERIA BIENESTAR ESTUDIANTIL/ DEDIFICIO BIENESTAR ESTUDIANTIL PISO | Hace referencia a los servicios: Comedores Desayuno, Comedores Almuerzo, Comedores Cena, Combo Saludable Almuerzo, Cafetería Humanitas, Cafetería Akademia, Cafetería Bien estar Bien, Cafetería Campestre, La Cafeteria Bienestar Almuerzos, Bandejas, Desayunos, Mostrador, Servicios Especiales, etc."
EMPANADAS-RAPRITOS__SJME_DF_14MAYO.xlsx,SALIDAS RAPIFRITOS- MARZO9,1,"PROCESO BIENESTAR ESTUDIANTIL                                                                                                                                                            SUBPROCESO ATENCIÓN SOCIOECONÓMICA | Código: FBE.04 | CONTROL DE PEDIDO Y SALIDAS DE ALMACÉN (BODEGAS) | Versión: 04 | Fecha de Salida de Almacén | Categoría (Marque con X) | dd | mm | aaaa | Alimentos y bebidas | X | 9 | 3 | 2026 | Aseo y productos químicos | Desechables | Unidad de Servicio que solicita:  CAFETERIA ADMINISTRACION 3 / EDIFICIO ADMINISTRACION 3 PISO 6 | Hace referencia a los servicios: Comedores Desayuno, Comedores Almuerzo, Comedores Cena, Combo Saludable Almuerzo, Cafetería Humanitas, Cafetería Akademia, Cafetería Bien estar Bien, Cafetería Campestre, La Cafeteria Bienestar Almuerzos, Bandejas, Desayunos, Mostrador, Servicios Especiales, etc."
EMPANADAS-RAPRITOS__SJME_DF_14MAYO.xlsx,SALIDAS RAPIFRITOS- MARZO9,2,"PROCESO BIENESTAR ESTUDIANTIL                                                                                                                                                            SUBPROCESO ATENCIÓN SOCIOECONÓMICA | Código: FBE.04 | CONTROL DE PEDIDO Y SALIDAS DE ALMACÉN (BODEGAS) | Versión: 04 | Fecha de Salida de Almacén | Categoría (Marque con X) | dd | mm | aaaa | Alimentos y bebidas | X | 9 | 3 | 2026 | Aseo y productos químicos | Desechables | Unidad de Servicio que solicita: CAFETERIA CAFE PLAZOLETA CAMILO TORRES | Hace referencia a los servicios: Comedores Desayuno, Comedores Almuerzo, Comedores Cena, Combo Saludable Almuerzo, Cafetería Humanitas, Cafetería Akademia, Cafetería Bien estar Bien, Cafetería Campestre, La Cafeteria Bienestar Almuerzos, Bandejas, Desayunos, Mostrador, Servicios Especiales, etc."
EMPANADAS-RAPRITOS__SJME_DF_14MAYO.xlsx,SALIDAS RAPIFRITOS- MARZO10,0,"PROCESO BIENESTAR ESTUDIANTIL                                                                                                                                                            SUBPROCESO ATENCIÓN SOCIOECONÓMICA | Código: FBE.04 | CONTROL DE PEDIDO Y SALIDAS DE ALMACÉN (BODEGAS) | Versión: 04 | Fecha de Salida de Almacén | Categoría (Marque con X) | dd | mm | aaaa | Alimentos y bebidas | X | 10 | 3 | 2026 | Aseo y productos químicos | Desechables | Unidad de Servicio que solicita:  CAFETERIA BIENESTAR ESTUDIANTIL/ DEDIFICIO BIENESTAR ESTUDIANTIL PISO | Hace referencia a los servicios: Comedores Desayuno, Comedores Almuerzo, Comedores Cena, Combo Saludable Almuerzo, Cafetería Humanitas, Cafetería Akademia, Cafetería Bien estar Bien, Cafetería Campestre, La Cafeteria Bienestar Almuerzos, Bandejas, Desayunos, Mostrador, Servicios Especiales, etc."
EMPANADAS-RAPRITOS__SJME_DF_14MAYO.xlsx,SALIDAS RAPIFRITOS- MARZO10,1,"PROCESO BIENESTAR ESTUDIANTIL                                                                                                                                                            SUBPROCESO ATENCIÓN SOCIOECONÓMICA | Código: FBE.04 | CONTROL DE PEDIDO Y SALIDAS DE ALMACÉN (BODEGAS) | Versión: 04 | Fecha de Salida de Almacén | Categoría (Marque con X) | dd | mm | aaaa | Alimentos y bebidas | X | 10 | 3 | 2026 | Aseo y productos químicos | Desechables | Unidad de Servicio que solicita:  CAFETERIA ADMINISTRACION 3 / EDIFICIO ADMINISTRACION 3 PISO 6 | Hace referencia a los servicios: Comedores Desayuno, Comedores Almuerzo, Comedores Cena, Combo Saludable Almuerzo, Cafetería Humanitas, Cafetería Akademia, Cafetería Bien estar Bien, Cafetería Campestre, La Cafeteria Bienestar Almuerzos, Bandejas, Desayunos, Mostrador, Servicios Especiales, etc."
EMPANADAS-RAPRITOS__SJME_DF_14MAYO.xlsx,SALIDAS RAPIFRITOS- MARZO10,2,"PROCESO BIENESTAR ESTUDIANTIL                                                                                                                                                            SUBPROCESO ATENCIÓN SOCIOECONÓMICA | Código: FBE.04 | CONTROL DE PEDIDO Y SALIDAS DE ALMACÉN (BODEGAS) | Versión: 04 | Fecha de Salida de Almacén | Categoría (Marque con X) | dd | mm | aaaa | Alimentos y bebidas | X | 10 | 3 | 2026 | Aseo y productos químicos | Desechables | Unidad de Servicio que solicita: CAFETERIA CAFE PLAZOLETA CAMILO TORRES | Hace referencia a los servicios: Comedores Desayuno, Comedores Almuerzo, Comedores Cena, Combo Saludable Almuerzo, Cafetería Humanitas, Cafetería Akademia, Cafetería Bien estar Bien, Cafetería Campestre, La Cafeteria Bienestar Almuerzos, Bandejas, Desayunos, Mostrador, Servicios Especiales, etc."
EMPANADAS-RAPRITOS__SJME_DF_14MAYO.xlsx,SALIDAS RAPIFRITOS- MARZO11,0,"PROCESO BIENESTAR ESTUDIANTIL                                                                                                                                                            SUBPROCESO ATENCIÓN SOCIOECONÓMICA | Código: FBE.04 | CONTROL DE PEDIDO Y SALIDAS DE ALMACÉN (BODEGAS) | Versión: 04 | Fecha de Salida de Almacén | Categoría (Marque con X) | dd | mm | aaaa | Alimentos y bebidas | X | 11 | 3 | 2026 | Aseo y productos químicos | Desechables | Unidad de Servicio que solicita:  CAFETERIA BIENESTAR ESTUDIANTIL/ DEDIFICIO BIENESTAR ESTUDIANTIL PISO | Hace referencia a los servicios: Comedores Desayuno, Comedores Almuerzo, Comedores Cena, Combo Saludable Almuerzo, Cafetería Humanitas, Cafetería Akademia, Cafetería Bien estar Bien, Cafetería Campestre, La Cafeteria Bienestar Almuerzos, Bandejas, Desayunos, Mostrador, Servicios Especiales, etc."
EMPANADAS-RAPRITOS__SJME_DF_14MAYO.xlsx,SALIDAS RAPIFRITOS- MARZO11,1,"PROCESO BIENESTAR ESTUDIANTIL                                                                                                                                                            SUBPROCESO ATENCIÓN SOCIOECONÓMICA | Código: FBE.04 | CONTROL DE PEDIDO Y SALIDAS DE ALMACÉN (BODEGAS) | Versión: 04 | Fecha de Salida de Almacén | Categoría (Marque con X) | dd | mm | aaaa | Alimentos y bebidas | X | 11 | 3 | 2026 | Aseo y productos químicos | Desechables | Unidad de Servicio que solicita:  CAFETERIA ADMINISTRACION 3 / EDIFICIO ADMINISTRACION 3 PISO 6 | Hace referencia a los servicios: Comedores Desayuno, Comedores Almuerzo, Comedores Cena, Combo Saludable Almuerzo, Cafetería Humanitas, Cafetería Akademia, Cafetería Bien estar Bien, Cafetería Campestre, La Cafeteria Bienestar Almuerzos, Bandejas, Desayunos, Mostrador, Servicios Especiales, etc."
EMPANADAS-RAPRITOS__SJME_DF_14MAYO.xlsx,SALIDAS RAPIFRITOS- MARZO11,2,"PROCESO BIENESTAR ESTUDIANTIL                                                                                                                                                            SUBPROCESO ATENCIÓN SOCIOECONÓMICA | Código: FBE.04 | CONTROL DE PEDIDO Y SALIDAS DE ALMACÉN (BODEGAS) | Versión: 04 | Fecha de Salida de Almacén | Categoría (Marque con X) | dd | mm | aaaa | Alimentos y bebidas | X | 11 | 3 | 2026 | Aseo y productos químicos | Desechables | Unidad de Servicio que solicita: CAFETERIA CAFE PLAZOLETA CAMILO TORRES | Hace referencia a los servicios: Comedores Desayuno, Comedores Almuerzo, Comedores Cena, Combo Saludable Almuerzo, Cafetería Humanitas, Cafetería Akademia, Cafetería Bien estar Bien, Cafetería Campestre, La Cafeteria Bienestar Almuerzos, Bandejas, Desayunos, Mostrador, Servicios Especiales, etc."
EMPANADAS-RAPRITOS__SJME_DF_14MAYO.xlsx,SALIDAS RAPIFRITOS- MARZO 12,0,"PROCESO BIENESTAR ESTUDIANTIL                                                                                                                                                            SUBPROCESO ATENCIÓN SOCIOECONÓMICA | Código: FBE.04 | CONTROL DE PEDIDO Y SALIDAS DE ALMACÉN (BODEGAS) | Versión: 04 | Fecha de Salida de Almacén | Categoría (Marque con X) | dd | mm | aaaa | Alimentos y bebidas | X | 12 | 3 | 2026 | Aseo y productos químicos | Desechables | Unidad de Servicio que solicita:  CAFETERIA BIENESTAR ESTUDIANTIL/ DEDIFICIO BIENESTAR ESTUDIANTIL PISO | Hace referencia a los servicios: Comedores Desayuno, Comedores Almuerzo, Comedores Cena, Combo Saludable Almuerzo, Cafetería Humanitas, Cafetería Akademia, Cafetería Bien estar Bien, Cafetería Campestre, La Cafeteria Bienestar Almuerzos, Bandejas, Desayunos, Mostrador, Servicios Especiales, etc."
EMPANADAS-RAPRITOS__SJME_DF_14MAYO.xlsx,SALIDAS RAPIFRITOS- MARZO 12,1,"PROCESO BIENESTAR ESTUDIANTIL                                                                                                                                                            SUBPROCESO ATENCIÓN SOCIOECONÓMICA | Código: FBE.04 | CONTROL DE PEDIDO Y SALIDAS DE ALMACÉN (BODEGAS) | Versión: 04 | Fecha de Salida de Almacén | Categoría (Marque con X) | dd | mm | aaaa | Alimentos y bebidas | X | 12 | 3 | 2026 | Aseo y productos químicos | Desechables | Unidad de Servicio que solicita:  CAFETERIA ADMINISTRACION 3 / EDIFICIO ADMINISTRACION 3 PISO 6 | Hace referencia a los servicios: Comedores Desayuno, Comedores Almuerzo, Comedores Cena, Combo Saludable Almuerzo, Cafetería Humanitas, Cafetería Akademia, Cafetería Bien estar Bien, Cafetería Campestre, La Cafeteria Bienestar Almuerzos, Bandejas, Desayunos, Mostrador, Servicios Especiales, etc."
EMPANADAS-RAPRITOS__SJME_DF_14MAYO.xlsx,SALIDAS RAPIFRITOS- MARZO 12,2,"PROCESO BIENESTAR ESTUDIANTIL                                                                                                                                                            SUBPROCESO ATENCIÓN SOCIOECONÓMICA | Código: FBE.04 | CONTROL DE PEDIDO Y SALIDAS DE ALMACÉN (BODEGAS) | Versión: 04 | Fecha de Salida de Almacén | Categoría (Marque con X) | dd | mm | aaaa | Alimentos y bebidas | X | 12 | 3 | 2026 | Aseo y productos químicos | Desechables | Unidad de Servicio que solicita: CAFETERIA CAFE PLAZOLETA CAMILO TORRES | Hace referencia a los servicios: Comedores Desayuno, Comedores Almuerzo, Comedores Cena, Combo Saludable Almuerzo, Cafetería Humanitas, Cafetería Akademia, Cafetería Bien estar Bien, Cafetería Campestre, La Cafeteria Bienestar Almuerzos, Bandejas, Desayunos, Mostrador, Servicios Especiales, etc."
EMPANADAS-RAPRITOS__SJME_DF_14MAYO.xlsx,SALIDAS RAPIFRITOS- MARZO 13,0,"PROCESO BIENESTAR ESTUDIANTIL                                                                                                                                                            SUBPROCESO ATENCIÓN SOCIOECONÓMICA | Código: FBE.04 | CONTROL DE PEDIDO Y SALIDAS DE ALMACÉN (BODEGAS) | Versión: 04 | Fecha de Salida de Almacén | Categoría (Marque con X) | dd | mm | aaaa | Alimentos y bebidas | X | 13 | 3 | 2026 | Aseo y productos químicos | Desechables | Unidad de Servicio que solicita:  CAFETERIA BIENESTAR ESTUDIANTIL/ DEDIFICIO BIENESTAR ESTUDIANTIL PISO | Hace referencia a los servicios: Comedores Desayuno, Comedores Almuerzo, Comedores Cena, Combo Saludable Almuerzo, Cafetería Humanitas, Cafetería Akademia, Cafetería Bien estar Bien, Cafetería Campestre, La Cafeteria Bienestar Almuerzos, Bandejas, Desayunos, Mostrador, Servicios Especiales, etc."
EMPANADAS-RAPRITOS__SJME_DF_14MAYO.xlsx,SALIDAS RAPIFRITOS- MARZO 13,1,"PROCESO BIENESTAR ESTUDIANTIL                                                                                                                                                            SUBPROCESO ATENCIÓN SOCIOECONÓMICA | Código: FBE.04 | CONTROL DE PEDIDO Y SALIDAS DE ALMACÉN (BODEGAS) | Versión: 04 | Fecha de Salida de Almacén | Categoría (Marque con X) | dd | mm | aaaa | Alimentos y bebidas | X | 13 | 3 | 2026 | Aseo y productos químicos | Desechables | Unidad de Servicio que solicita:  CAFETERIA ADMINISTRACION 3 / EDIFICIO ADMINISTRACION 3 PISO 6 | Hace referencia a los servicios: Comedores Desayuno, Comedores Almuerzo, Comedores Cena, Combo Saludable Almuerzo, Cafetería Humanitas, Cafetería Akademia, Cafetería Bien estar Bien, Cafetería Campestre, La Cafeteria Bienestar Almuerzos, Bandejas, Desayunos, Mostrador, Servicios Especiales, etc."
EMPANADAS-RAPRITOS__SJME_DF_14MAYO.xlsx,SALIDAS RAPIFRITOS- MARZO 13,2,"PROCESO BIENESTAR ESTUDIANTIL                                                                                                                                                            SUBPROCESO ATENCIÓN SOCIOECONÓMICA | Código: FBE.04 | CONTROL DE PEDIDO Y SALIDAS DE ALMACÉN (BODEGAS) | Versión: 04 | Fecha de Salida de Almacén | Categoría (Marque con X) | dd | mm | aaaa | Alimentos y bebidas | X | 13 | 3 | 2026 | Aseo y productos químicos | Desechables | Unidad de Servicio que solicita: CAFETERIA CAFE PLAZOLETA CAMILO TORRES | Hace referencia a los servicios: Comedores Desayuno, Comedores Almuerzo, Comedores Cena, Combo Saludable Almuerzo, Cafetería Humanitas, Cafetería Akademia, Cafetería Bien estar Bien, Cafetería Campestre, La Cafeteria Bienestar Almuerzos, Bandejas, Desayunos, Mostrador, Servicios Especiales, etc."
EMPANADAS-RAPRITOS__SJME_DF_14MAYO.xlsx,SALIDAS RAPIFRITOS- MARZO 16,0,"PROCESO BIENESTAR ESTUDIANTIL                                                                                                                                                            SUBPROCESO ATENCIÓN SOCIOECONÓMICA | Código: FBE.04 | CONTROL DE PEDIDO Y SALIDAS DE ALMACÉN (BODEGAS) | Versión: 04 | Fecha de Salida de Almacén | Categoría (Marque con X) | dd | mm | aaaa | Alimentos y bebidas | X | 16 | 3 | 2026 | Aseo y productos químicos | Desechables | Unidad de Servicio que solicita:  CAFETERIA BIENESTAR ESTUDIANTIL/ DEDIFICIO BIENESTAR ESTUDIANTIL PISO | Hace referencia a los servicios: Comedores Desayuno, Comedores Almuerzo, Comedores Cena, Combo Saludable Almuerzo, Cafetería Humanitas, Cafetería Akademia, Cafetería Bien estar Bien, Cafetería Campestre, La Cafeteria Bienestar Almuerzos, Bandejas, Desayunos, Mostrador, Servicios Especiales, etc."
EMPANADAS-RAPRITOS__SJME_DF_14MAYO.xlsx,SALIDAS RAPIFRITOS- MARZO 16,1,"PROCESO BIENESTAR ESTUDIANTIL                                                                                                                                                            SUBPROCESO ATENCIÓN SOCIOECONÓMICA | Código: FBE.04 | CONTROL DE PEDIDO Y SALIDAS DE ALMACÉN (BODEGAS) | Versión: 04 | Fecha de Salida de Almacén | Categoría (Marque con X) | dd | mm | aaaa | Alimentos y bebidas | X | 16 | 3 | 2026 | Aseo y productos químicos | Desechables | Unidad de Servicio que solicita:  CAFETERIA ADMINISTRACION 3 / EDIFICIO ADMINISTRACION 3 PISO 6 | Hace referencia a los servicios: Comedores Desayuno, Comedores Almuerzo, Comedores Cena, Combo Saludable Almuerzo, Cafetería Humanitas, Cafetería Akademia, Cafetería Bien estar Bien, Cafetería Campestre, La Cafeteria Bienestar Almuerzos, Bandejas, Desayunos, Mostrador, Servicios Especiales, etc."
EMPANADAS-RAPRITOS__SJME_DF_14MAYO.xlsx,SALIDAS RAPIFRITOS- MARZO 16,2,"PROCESO BIENESTAR ESTUDIANTIL                                                                                                                                                            SUBPROCESO ATENCIÓN SOCIOECONÓMICA | Código: FBE.04 | CONTROL DE PEDIDO Y SALIDAS DE ALMACÉN (BODEGAS) | Versión: 04 | Fecha de Salida de Almacén | Categoría (Marque con X) | dd | mm | aaaa | Alimentos y bebidas | X | 16 | 3 | 2026 | Aseo y productos químicos | Desechables | Unidad de Servicio que solicita: CAFETERIA CAFE PLAZOLETA CAMILO TORRES | Hace referencia a los servicios: Comedores Desayuno, Comedores Almuerzo, Comedores Cena, Combo Saludable Almuerzo, Cafetería Humanitas, Cafetería Akademia, Cafetería Bien estar Bien, Cafetería Campestre, La Cafeteria Bienestar Almuerzos, Bandejas, Desayunos, Mostrador, Servicios Especiales, etc."
EMPANADAS-RAPRITOS__SJME_DF_14MAYO.xlsx,SALIDAS RAPIFRITOS- MARZO 17,0,"PROCESO BIENESTAR ESTUDIANTIL                                                                                                                                                            SUBPROCESO ATENCIÓN SOCIOECONÓMICA | Código: FBE.04 | CONTROL DE PEDIDO Y SALIDAS DE ALMACÉN (BODEGAS) | Versión: 04 | Fecha de Salida de Almacén | Categoría (Marque con X) | dd | mm | aaaa | Alimentos y bebidas | X | 17 | 3 | 2026 | Aseo y productos químicos | Desechables | Unidad de Servicio que solicita:  CAFETERIA BIENESTAR ESTUDIANTIL/ DEDIFICIO BIENESTAR ESTUDIANTIL PISO | Hace referencia a los servicios: Comedores Desayuno, Comedores Almuerzo, Comedores Cena, Combo Saludable Almuerzo, Cafetería Humanitas, Cafetería Akademia, Cafetería Bien estar Bien, Cafetería Campestre, La Cafeteria Bienestar Almuerzos, Bandejas, Desayunos, Mostrador, Servicios Especiales, etc."
EMPANADAS-RAPRITOS__SJME_DF_14MAYO.xlsx,SALIDAS RAPIFRITOS- MARZO 17,1,"PROCESO BIENESTAR ESTUDIANTIL                                                                                                                                                            SUBPROCESO ATENCIÓN SOCIOECONÓMICA | Código: FBE.04 | CONTROL DE PEDIDO Y SALIDAS DE ALMACÉN (BODEGAS) | Versión: 04 | Fecha de Salida de Almacén | Categoría (Marque con X) | dd | mm | aaaa | Alimentos y bebidas | X | 17 | 3 | 2026 | Aseo y productos químicos | Desechables | Unidad de Servicio que solicita:  CAFETERIA ADMINISTRACION 3 / EDIFICIO ADMINISTRACION 3 PISO 6 | Hace referencia a los servicios: Comedores Desayuno, Comedores Almuerzo, Comedores Cena, Combo Saludable Almuerzo, Cafetería Humanitas, Cafetería Akademia, Cafetería Bien estar Bien, Cafetería Campestre, La Cafeteria Bienestar Almuerzos, Bandejas, Desayunos, Mostrador, Servicios Especiales, etc."
EMPANADAS-RAPRITOS__SJME_DF_14MAYO.xlsx,SALIDAS RAPIFRITOS- MARZO 17,2,"PROCESO BIENESTAR ESTUDIANTIL                                                                                                                                                            SUBPROCESO ATENCIÓN SOCIOECONÓMICA | Código: FBE.04 | CONTROL DE PEDIDO Y SALIDAS DE ALMACÉN (BODEGAS) | Versión: 04 | Fecha de Salida de Almacén | Categoría (Marque con X) | dd | mm | aaaa | Alimentos y bebidas | X | 17 | 3 | 2026 | Aseo y productos químicos | Desechables | Unidad de Servicio que solicita: CAFETERIA CAFE PLAZOLETA CAMILO TORRES | Hace referencia a los servicios: Comedores Desayuno, Comedores Almuerzo, Comedores Cena, Combo Saludable Almuerzo, Cafetería Humanitas, Cafetería Akademia, Cafetería Bien estar Bien, Cafetería Campestre, La Cafeteria Bienestar Almuerzos, Bandejas, Desayunos, Mostrador, Servicios Especiales, etc."
EMPANADAS-RAPRITOS__SJME_DF_14MAYO.xlsx,SALIDAS RAPIFRITOS- MARZO 18,0,"PROCESO BIENESTAR ESTUDIANTIL                                                                                                                                                            SUBPROCESO ATENCIÓN SOCIOECONÓMICA | Código: FBE.04 | CONTROL DE PEDIDO Y SALIDAS DE ALMACÉN (BODEGAS) | Versión: 04 | Fecha de Salida de Almacén | Categoría (Marque con X) | dd | mm | aaaa | Alimentos y bebidas | X | 18 | 3 | 2026 | Aseo y productos químicos | Desechables | Unidad de Servicio que solicita:  CAFETERIA BIENESTAR ESTUDIANTIL/ DEDIFICIO BIENESTAR ESTUDIANTIL PISO | Hace referencia a los servicios: Comedores Desayuno, Comedores Almuerzo, Comedores Cena, Combo Saludable Almuerzo, Cafetería Humanitas, Cafetería Akademia, Cafetería Bien estar Bien, Cafetería Campestre, La Cafeteria Bienestar Almuerzos, Bandejas, Desayunos, Mostrador, Servicios Especiales, etc."
EMPANADAS-RAPRITOS__SJME_DF_14MAYO.xlsx,SALIDAS RAPIFRITOS- MARZO 18,1,"PROCESO BIENESTAR ESTUDIANTIL                                                                                                                                                            SUBPROCESO ATENCIÓN SOCIOECONÓMICA | Código: FBE.04 | CONTROL DE PEDIDO Y SALIDAS DE ALMACÉN (BODEGAS) | Versión: 04 | Fecha de Salida de Almacén | Categoría (Marque con X) | dd | mm | aaaa | Alimentos y bebidas | X | 19 | 3 | 2026 | Aseo y productos químicos | Desechables | Unidad de Servicio que solicita:  CAFETERIA ADMINISTRACION 3 / EDIFICIO ADMINISTRACION 3 PISO 6 | Hace referencia a los servicios: Comedores Desayuno, Comedores Almuerzo, Comedores Cena, Combo Saludable Almuerzo, Cafetería Humanitas, Cafetería Akademia, Cafetería Bien estar Bien, Cafetería Campestre, La Cafeteria Bienestar Almuerzos, Bandejas, Desayunos, Mostrador, Servicios Especiales, etc."
EMPANADAS-RAPRITOS__SJME_DF_14MAYO.xlsx,SALIDAS RAPIFRITOS- MARZO 18,2,"PROCESO BIENESTAR ESTUDIANTIL                                                                                                                                                            SUBPROCESO ATENCIÓN SOCIOECONÓMICA | Código: FBE.04 | CONTROL DE PEDIDO Y SALIDAS DE ALMACÉN (BODEGAS) | Versión: 04 | Fecha de Salida de Almacén | Categoría (Marque con X) | dd | mm | aaaa | Alimentos y bebidas | X | 19 | 3 | 2026 | Aseo y productos químicos | Desechables | Unidad de Servicio que solicita: CAFETERIA CAFE PLAZOLETA CAMILO TORRES | Hace referencia a los servicios: Comedores Desayuno, Comedores Almuerzo, Comedores Cena, Combo Saludable Almuerzo, Cafetería Humanitas, Cafetería Akademia, Cafetería Bien estar Bien, Cafetería Campestre, La Cafeteria Bienestar Almuerzos, Bandejas, Desayunos, Mostrador, Servicios Especiales, etc."
EMPANADAS-RAPRITOS__SJME_DF_14MAYO.xlsx,SALIDAS RAPIFRITOS- MARZO 19,0,"PROCESO BIENESTAR ESTUDIANTIL                                                                                                                                                            SUBPROCESO ATENCIÓN SOCIOECONÓMICA | Código: FBE.04 | CONTROL DE PEDIDO Y SALIDAS DE ALMACÉN (BODEGAS) | Versión: 04 | Fecha de Salida de Almacén | Categoría (Marque con X) | dd | mm | aaaa | Alimentos y bebidas | X | 19 | 3 | 2026 | Aseo y productos químicos | Desechables | Unidad de Servicio que solicita:  CAFETERIA BIENESTAR ESTUDIANTIL/ DEDIFICIO BIENESTAR ESTUDIANTIL PISO | Hace referencia a los servicios: Comedores Desayuno, Comedores Almuerzo, Comedores Cena, Combo Saludable Almuerzo, Cafetería Humanitas, Cafetería Akademia, Cafetería Bien estar Bien, Cafetería Campestre, La Cafeteria Bienestar Almuerzos, Bandejas, Desayunos, Mostrador, Servicios Especiales, etc."
EMPANADAS-RAPRITOS__SJME_DF_14MAYO.xlsx,SALIDAS RAPIFRITOS- MARZO 19,1,"PROCESO BIENESTAR ESTUDIANTIL                                                                                                                                                            SUBPROCESO ATENCIÓN SOCIOECONÓMICA | Código: FBE.04 | CONTROL DE PEDIDO Y SALIDAS DE ALMACÉN (BODEGAS) | Versión: 04 | Fecha de Salida de Almacén | Categoría (Marque con X) | dd | mm | aaaa | Alimentos y bebidas | X | 19 | 3 | 2026 | Aseo y productos químicos | Desechables | Unidad de Servicio que solicita:  CAFETERIA ADMINISTRACION 3 / EDIFICIO ADMINISTRACION 3 PISO 6 | Hace referencia a los servicios: Comedores Desayuno, Comedores Almuerzo, Comedores Cena, Combo Saludable Almuerzo, Cafetería Humanitas, Cafetería Akademia, Cafetería Bien estar Bien, Cafetería Campestre, La Cafeteria Bienestar Almuerzos, Bandejas, Desayunos, Mostrador, Servicios Especiales, etc."
EMPANADAS-RAPRITOS__SJME_DF_14MAYO.xlsx,SALIDAS RAPIFRITOS- MARZO 19,2,"PROCESO BIENESTAR ESTUDIANTIL                                                                                                                                                            SUBPROCESO ATENCIÓN SOCIOECONÓMICA | Código: FBE.04 | CONTROL DE PEDIDO Y SALIDAS DE ALMACÉN (BODEGAS) | Versión: 04 | Fecha de Salida de Almacén | Categoría (Marque con X) | dd | mm | aaaa | Alimentos y bebidas | X | 19 | 3 | 2026 | Aseo y productos químicos | Desechables | Unidad de Servicio que solicita: CAFETERIA CAFE PLAZOLETA CAMILO TORRES | Hace referencia a los servicios: Comedores Desayuno, Comedores Almuerzo, Comedores Cena, Combo Saludable Almuerzo, Cafetería Humanitas, Cafetería Akademia, Cafetería Bien estar Bien, Cafetería Campestre, La Cafeteria Bienestar Almuerzos, Bandejas, Desayunos, Mostrador, Servicios Especiales, etc."
EMPANADAS-RAPRITOS__SJME_DF_14MAYO.xlsx,SALIDAS RAPIFRITOS- MARZO 20,0,"PROCESO BIENESTAR ESTUDIANTIL                                                                                                                                                            SUBPROCESO ATENCIÓN SOCIOECONÓMICA | Código: FBE.04 | CONTROL DE PEDIDO Y SALIDAS DE ALMACÉN (BODEGAS) | Versión: 04 | Fecha de Salida de Almacén | Categoría (Marque con X) | dd | mm | aaaa | Alimentos y bebidas | X | 20 | 3 | 2026 | Aseo y productos químicos | Desechables | Unidad de Servicio que solicita:  CAFETERIA BIENESTAR ESTUDIANTIL/ DEDIFICIO BIENESTAR ESTUDIANTIL PISO | Hace referencia a los servicios: Comedores Desayuno, Comedores Almuerzo, Comedores Cena, Combo Saludable Almuerzo, Cafetería Humanitas, Cafetería Akademia, Cafetería Bien estar Bien, Cafetería Campestre, La Cafeteria Bienestar Almuerzos, Bandejas, Desayunos, Mostrador, Servicios Especiales, etc."
EMPANADAS-RAPRITOS__SJME_DF_14MAYO.xlsx,SALIDAS RAPIFRITOS- MARZO 20,1,"PROCESO BIENESTAR ESTUDIANTIL                                                                                                                                                            SUBPROCESO ATENCIÓN SOCIOECONÓMICA | Código: FBE.04 | CONTROL DE PEDIDO Y SALIDAS DE ALMACÉN (BODEGAS) | Versión: 04 | Fecha de Salida de Almacén | Categoría (Marque con X) | dd | mm | aaaa | Alimentos y bebidas | X | 20 | 3 | 2026 | Aseo y productos químicos | Desechables | Unidad de Servicio que solicita:  CAFETERIA ADMINISTRACION 3 / EDIFICIO ADMINISTRACION 3 PISO 6 | Hace referencia a los servicios: Comedores Desayuno, Comedores Almuerzo, Comedores Cena, Combo Saludable Almuerzo, Cafetería Humanitas, Cafetería Akademia, Cafetería Bien estar Bien, Cafetería Campestre, La Cafeteria Bienestar Almuerzos, Bandejas, Desayunos, Mostrador, Servicios Especiales, etc."
EMPANADAS-RAPRITOS__SJME_DF_14MAYO.xlsx,SALIDAS RAPIFRITOS- MARZO 20,2,"PROCESO BIENESTAR ESTUDIANTIL                                                                                                                                                            SUBPROCESO ATENCIÓN SOCIOECONÓMICA | Código: FBE.04 | CONTROL DE PEDIDO Y SALIDAS DE ALMACÉN (BODEGAS) | Versión: 04 | Fecha de Salida de Almacén | Categoría (Marque con X) | dd | mm | aaaa | Alimentos y bebidas | X | 20 | 3 | 2026 | Aseo y productos químicos | Desechables | Unidad de Servicio que solicita: CAFETERIA CAFE PLAZOLETA CAMILO TORRES | Hace referencia a los servicios: Comedores Desayuno, Comedores Almuerzo, Comedores Cena, Combo Saludable Almuerzo, Cafetería Humanitas, Cafetería Akademia, Cafetería Bien estar Bien, Cafetería Campestre, La Cafeteria Bienestar Almuerzos, Bandejas, Desayunos, Mostrador, Servicios Especiales, etc."
EMPANADAS-RAPRITOS__SJME_DF_14MAYO.xlsx,SALIDAS RAPIFRITOS- MARZO 24,0,"PROCESO BIENESTAR ESTUDIANTIL                                                                                                                                                            SUBPROCESO ATENCIÓN SOCIOECONÓMICA | Código: FBE.04 | CONTROL DE PEDIDO Y SALIDAS DE ALMACÉN (BODEGAS) | Versión: 04 | Fecha de Salida de Almacén | Categoría (Marque con X) | dd | mm | aaaa | Alimentos y bebidas | X | 24 | 3 | 2026 | Aseo y productos químicos | Desechables | Unidad de Servicio que solicita:  CAFETERIA BIENESTAR ESTUDIANTIL/ DEDIFICIO BIENESTAR ESTUDIANTIL PISO | Hace referencia a los servicios: Comedores Desayuno, Comedores Almuerzo, Comedores Cena, Combo Saludable Almuerzo, Cafetería Humanitas, Cafetería Akademia, Cafetería Bien estar Bien, Cafetería Campestre, La Cafeteria Bienestar Almuerzos, Bandejas, Desayunos, Mostrador, Servicios Especiales, etc."
EMPANADAS-RAPRITOS__SJME_DF_14MAYO.xlsx,SALIDAS RAPIFRITOS- MARZO 24,1,"PROCESO BIENESTAR ESTUDIANTIL                                                                                                                                                            SUBPROCESO ATENCIÓN SOCIOECONÓMICA | Código: FBE.04 | CONTROL DE PEDIDO Y SALIDAS DE ALMACÉN (BODEGAS) | Versión: 04 | Fecha de Salida de Almacén | Categoría (Marque con X) | dd | mm | aaaa | Alimentos y bebidas | X | 24 | 3 | 2026 | Aseo y productos químicos | Desechables | Unidad de Servicio que solicita:  CAFETERIA ADMINISTRACION 3 / EDIFICIO ADMINISTRACION 3 PISO 6 | Hace referencia a los servicios: Comedores Desayuno, Comedores Almuerzo, Comedores Cena, Combo Saludable Almuerzo, Cafetería Humanitas, Cafetería Akademia, Cafetería Bien estar Bien, Cafetería Campestre, La Cafeteria Bienestar Almuerzos, Bandejas, Desayunos, Mostrador, Servicios Especiales, etc."
EMPANADAS-RAPRITOS__SJME_DF_14MAYO.xlsx,SALIDAS RAPIFRITOS- MARZO 24,2,"PROCESO BIENESTAR ESTUDIANTIL                                                                                                                                                            SUBPROCESO ATENCIÓN SOCIOECONÓMICA | Código: FBE.04 | CONTROL DE PEDIDO Y SALIDAS DE ALMACÉN (BODEGAS) | Versión: 04 | Fecha de Salida de Almacén | Categoría (Marque con X) | dd | mm | aaaa | Alimentos y bebidas | X | 20 | 3 | 2026 | Aseo y productos químicos | Desechables | Unidad de Servicio que solicita: CAFETERIA CAFE PLAZOLETA CAMILO TORRES | Hace referencia a los servicios: Comedores Desayuno, Comedores Almuerzo, Comedores Cena, Combo Saludable Almuerzo, Cafetería Humanitas, Cafetería Akademia, Cafetería Bien estar Bien, Cafetería Campestre, La Cafeteria Bienestar Almuerzos, Bandejas, Desayunos, Mostrador, Servicios Especiales, etc."
EMPANADAS-RAPRITOS__SJME_DF_14MAYO.xlsx,SALIDAS RAPIFRITOS- MARZO 25,0,"PROCESO BIENESTAR ESTUDIANTIL                                                                                                                                                            SUBPROCESO ATENCIÓN SOCIOECONÓMICA | Código: FBE.04 | CONTROL DE PEDIDO Y SALIDAS DE ALMACÉN (BODEGAS) | Versión: 04 | Fecha de Salida de Almacén | Categoría (Marque con X) | dd | mm | aaaa | Alimentos y bebidas | X | 25 | 3 | 2026 | Aseo y productos químicos | Desechables | Unidad de Servicio que solicita:  CAFETERIA BIENESTAR ESTUDIANTIL/ DEDIFICIO BIENESTAR ESTUDIANTIL PISO | Hace referencia a los servicios: Comedores Desayuno, Comedores Almuerzo, Comedores Cena, Combo Saludable Almuerzo, Cafetería Humanitas, Cafetería Akademia, Cafetería Bien estar Bien, Cafetería Campestre, La Cafeteria Bienestar Almuerzos, Bandejas, Desayunos, Mostrador, Servicios Especiales, etc."
EMPANADAS-RAPRITOS__SJME_DF_14MAYO.xlsx,SALIDAS RAPIFRITOS- MARZO 25,1,"PROCESO BIENESTAR ESTUDIANTIL                                                                                                                                                            SUBPROCESO ATENCIÓN SOCIOECONÓMICA | Código: FBE.04 | CONTROL DE PEDIDO Y SALIDAS DE ALMACÉN (BODEGAS) | Versión: 04 | Fecha de Salida de Almacén | Categoría (Marque con X) | dd | mm | aaaa | Alimentos y bebidas | X | 25 | 3 | 2026 | Aseo y productos químicos | Desechables | Unidad de Servicio que solicita:  CAFETERIA ADMINISTRACION 3 / EDIFICIO ADMINISTRACION 3 PISO 6 | Hace referencia a los servicios: Comedores Desayuno, Comedores Almuerzo, Comedores Cena, Combo Saludable Almuerzo, Cafetería Humanitas, Cafetería Akademia, Cafetería Bien estar Bien, Cafetería Campestre, La Cafeteria Bienestar Almuerzos, Bandejas, Desayunos, Mostrador, Servicios Especiales, etc."
EMPANADAS-RAPRITOS__SJME_DF_14MAYO.xlsx,SALIDAS RAPIFRITOS- MARZO 25,2,"PROCESO BIENESTAR ESTUDIANTIL                                                                                                                                                            SUBPROCESO ATENCIÓN SOCIOECONÓMICA | Código: FBE.04 | CONTROL DE PEDIDO Y SALIDAS DE ALMACÉN (BODEGAS) | Versión: 04 | Fecha de Salida de Almacén | Categoría (Marque con X) | dd | mm | aaaa | Alimentos y bebidas | X | 25 | 3 | 2026 | Aseo y productos químicos | Desechables | Unidad de Servicio que solicita: CAFETERIA CAFE PLAZOLETA CAMILO TORRES | Hace referencia a los servicios: Comedores Desayuno, Comedores Almuerzo, Comedores Cena, Combo Saludable Almuerzo, Cafetería Humanitas, Cafetería Akademia, Cafetería Bien estar Bien, Cafetería Campestre, La Cafeteria Bienestar Almuerzos, Bandejas, Desayunos, Mostrador, Servicios Especiales, etc."
EMPANADAS-RAPRITOS__SJME_DF_14MAYO.xlsx,SALIDAS RAPIFRITOS- MARZO 26,0,"PROCESO BIENESTAR ESTUDIANTIL                                                                                                                                                            SUBPROCESO ATENCIÓN SOCIOECONÓMICA | Código: FBE.04 | CONTROL DE PEDIDO Y SALIDAS DE ALMACÉN (BODEGAS) | Versión: 04 | Fecha de Salida de Almacén | Categoría (Marque con X) | dd | mm | aaaa | Alimentos y bebidas | X | 26 | 3 | 2026 | Aseo y productos químicos | Desechables | Unidad de Servicio que solicita:  CAFETERIA BIENESTAR ESTUDIANTIL/ DEDIFICIO BIENESTAR ESTUDIANTIL PISO | Hace referencia a los servicios: Comedores Desayuno, Comedores Almuerzo, Comedores Cena, Combo Saludable Almuerzo, Cafetería Humanitas, Cafetería Akademia, Cafetería Bien estar Bien, Cafetería Campestre, La Cafeteria Bienestar Almuerzos, Bandejas, Desayunos, Mostrador, Servicios Especiales, etc."
EMPANADAS-RAPRITOS__SJME_DF_14MAYO.xlsx,SALIDAS RAPIFRITOS- MARZO 26,1,"PROCESO BIENESTAR ESTUDIANTIL                                                                                                                                                            SUBPROCESO ATENCIÓN SOCIOECONÓMICA | Código: FBE.04 | CONTROL DE PEDIDO Y SALIDAS DE ALMACÉN (BODEGAS) | Versión: 04 | Fecha de Salida de Almacén | Categoría (Marque con X) | dd | mm | aaaa | Alimentos y bebidas | X | 26 | 3 | 2026 | Aseo y productos químicos | Desechables | Unidad de Servicio que solicita:  CAFETERIA ADMINISTRACION 3 / EDIFICIO ADMINISTRACION 3 PISO 6 | Hace referencia a los servicios: Comedores Desayuno, Comedores Almuerzo, Comedores Cena, Combo Saludable Almuerzo, Cafetería Humanitas, Cafetería Akademia, Cafetería Bien estar Bien, Cafetería Campestre, La Cafeteria Bienestar Almuerzos, Bandejas, Desayunos, Mostrador, Servicios Especiales, etc."
EMPANADAS-RAPRITOS__SJME_DF_14MAYO.xlsx,SALIDAS RAPIFRITOS- MARZO 26,2,"PROCESO BIENESTAR ESTUDIANTIL                                                                                                                                                            SUBPROCESO ATENCIÓN SOCIOECONÓMICA | Código: FBE.04 | CONTROL DE PEDIDO Y SALIDAS DE ALMACÉN (BODEGAS) | Versión: 04 | Fecha de Salida de Almacén | Categoría (Marque con X) | dd | mm | aaaa | Alimentos y bebidas | X | 26 | 3 | 2026 | Aseo y productos químicos | Desechables | Unidad de Servicio que solicita: CAFETERIA CAFE PLAZOLETA CAMILO TORRES | Hace referencia a los servicios: Comedores Desayuno, Comedores Almuerzo, Comedores Cena, Combo Saludable Almuerzo, Cafetería Humanitas, Cafetería Akademia, Cafetería Bien estar Bien, Cafetería Campestre, La Cafeteria Bienestar Almuerzos, Bandejas, Desayunos, Mostrador, Servicios Especiales, etc."
EMPANADAS-RAPRITOS__SJME_DF_14MAYO.xlsx,SALIDAS RAPIFRITOS- MARZO 27,0,"PROCESO BIENESTAR ESTUDIANTIL                                                                                                                                                            SUBPROCESO ATENCIÓN SOCIOECONÓMICA | Código: FBE.04 | CONTROL DE PEDIDO Y SALIDAS DE ALMACÉN (BODEGAS) | Versión: 04 | Fecha de Salida de Almacén | Categoría (Marque con X) | dd | mm | aaaa | Alimentos y bebidas | X | 27 | 3 | 2026 | Aseo y productos químicos | Desechables | Unidad de Servicio que solicita:  CAFETERIA BIENESTAR ESTUDIANTIL/ DEDIFICIO BIENESTAR ESTUDIANTIL PISO | Hace referencia a los servicios: Comedores Desayuno, Comedores Almuerzo, Comedores Cena, Combo Saludable Almuerzo, Cafetería Humanitas, Cafetería Akademia, Cafetería Bien estar Bien, Cafetería Campestre, La Cafeteria Bienestar Almuerzos, Bandejas, Desayunos, Mostrador, Servicios Especiales, etc."
EMPANADAS-RAPRITOS__SJME_DF_14MAYO.xlsx,SALIDAS RAPIFRITOS- MARZO 27,1,"PROCESO BIENESTAR ESTUDIANTIL                                                                                                                                                            SUBPROCESO ATENCIÓN SOCIOECONÓMICA | Código: FBE.04 | CONTROL DE PEDIDO Y SALIDAS DE ALMACÉN (BODEGAS) | Versión: 04 | Fecha de Salida de Almacén | Categoría (Marque con X) | dd | mm | aaaa | Alimentos y bebidas | X | 27 | 3 | 2026 | Aseo y productos químicos | Desechables | Unidad de Servicio que solicita:  CAFETERIA ADMINISTRACION 3 / EDIFICIO ADMINISTRACION 3 PISO 6 | Hace referencia a los servicios: Comedores Desayuno, Comedores Almuerzo, Comedores Cena, Combo Saludable Almuerzo, Cafetería Humanitas, Cafetería Akademia, Cafetería Bien estar Bien, Cafetería Campestre, La Cafeteria Bienestar Almuerzos, Bandejas, Desayunos, Mostrador, Servicios Especiales, etc."
EMPANADAS-RAPRITOS__SJME_DF_14MAYO.xlsx,SALIDAS RAPIFRITOS- MARZO 27,2,"PROCESO BIENESTAR ESTUDIANTIL                                                                                                                                                            SUBPROCESO ATENCIÓN SOCIOECONÓMICA | Código: FBE.04 | CONTROL DE PEDIDO Y SALIDAS DE ALMACÉN (BODEGAS) | Versión: 04 | Fecha de Salida de Almacén | Categoría (Marque con X) | dd | mm | aaaa | Alimentos y bebidas | X | 27 | 3 | 2026 | Aseo y productos químicos | Desechables | Unidad de Servicio que solicita: CAFETERIA CAFE PLAZOLETA CAMILO TORRES | Hace referencia a los servicios: Comedores Desayuno, Comedores Almuerzo, Comedores Cena, Combo Saludable Almuerzo, Cafetería Humanitas, Cafetería Akademia, Cafetería Bien estar Bien, Cafetería Campestre, La Cafeteria Bienestar Almuerzos, Bandejas, Desayunos, Mostrador, Servicios Especiales, etc."
EMPANADAS-RAPRITOS__SJME_DF_14MAYO.xlsx,SALIDAS RAPIFRITOS- ABRIL 6,0,"PROCESO BIENESTAR ESTUDIANTIL                                                                                                                                                            SUBPROCESO ATENCIÓN SOCIOECONÓMICA | Código: FBE.04 | CONTROL DE PEDIDO Y SALIDAS DE ALMACÉN (BODEGAS) | Versión: 04 | Fecha de Salida de Almacén | Categoría (Marque con X) | dd | mm | aaaa | Alimentos y bebidas | X | 6 | 4 | 2026 | Aseo y productos químicos | Desechables | Unidad de Servicio que solicita:  CAFETERIA BIENESTAR ESTUDIANTIL/ DEDIFICIO BIENESTAR ESTUDIANTIL PISO | Hace referencia a los servicios: Comedores Desayuno, Comedores Almuerzo, Comedores Cena, Combo Saludable Almuerzo, Cafetería Humanitas, Cafetería Akademia, Cafetería Bien estar Bien, Cafetería Campestre, La Cafeteria Bienestar Almuerzos, Bandejas, Desayunos, Mostrador, Servicios Especiales, etc."
EMPANADAS-RAPRITOS__SJME_DF_14MAYO.xlsx,SALIDAS RAPIFRITOS- ABRIL 6,1,"PROCESO BIENESTAR ESTUDIANTIL                                                                                                                                                            SUBPROCESO ATENCIÓN SOCIOECONÓMICA | Código: FBE.04 | CONTROL DE PEDIDO Y SALIDAS DE ALMACÉN (BODEGAS) | Versión: 04 | Fecha de Salida de Almacén | Categoría (Marque con X) | dd | mm | aaaa | Alimentos y bebidas | X | 6 | 4 | 2026 | Aseo y productos químicos | Desechables | Unidad de Servicio que solicita:  CAFETERIA ADMINISTRACION 3 / EDIFICIO ADMINISTRACION 3 PISO 6 | Hace referencia a los servicios: Comedores Desayuno, Comedores Almuerzo, Comedores Cena, Combo Saludable Almuerzo, Cafetería Humanitas, Cafetería Akademia, Cafetería Bien estar Bien, Cafetería Campestre, La Cafeteria Bienestar Almuerzos, Bandejas, Desayunos, Mostrador, Servicios Especiales, etc."
EMPANADAS-RAPRITOS__SJME_DF_14MAYO.xlsx,SALIDAS RAPIFRITOS- ABRIL 6,2,"PROCESO BIENESTAR ESTUDIANTIL                                                                                                                                                            SUBPROCESO ATENCIÓN SOCIOECONÓMICA | Código: FBE.04 | CONTROL DE PEDIDO Y SALIDAS DE ALMACÉN (BODEGAS) | Versión: 04 | Fecha de Salida de Almacén | Categoría (Marque con X) | dd | mm | aaaa | Alimentos y bebidas | X | 6 | 4 | 2026 | Aseo y productos químicos | Desechables | Unidad de Servicio que solicita: CAFETERIA CAFE PLAZOLETA CAMILO TORRES | Hace referencia a los servicios: Comedores Desayuno, Comedores Almuerzo, Comedores Cena, Combo Saludable Almuerzo, Cafetería Humanitas, Cafetería Akademia, Cafetería Bien estar Bien, Cafetería Campestre, La Cafeteria Bienestar Almuerzos, Bandejas, Desayunos, Mostrador, Servicios Especiales, etc."
EMPANADAS-RAPRITOS__SJME_DF_14MAYO.xlsx,SALIDAS RAPIFRITOS- ABRIL 6,3,"PROCESO BIENESTAR ESTUDIANTIL                                                                                                                                                            SUBPROCESO ATENCIÓN SOCIOECONÓMICA | Código: FBE.04 | CONTROL DE PEDIDO Y SALIDAS DE ALMACÉN (BODEGAS) | Versión: 04 | Fecha de Salida de Almacén | Categoría (Marque con X) | dd | mm | aaaa | Alimentos y bebidas | X | 6 | 4 | 2026 | Aseo y productos químicos | Desechables | Unidad de Servicio que solicita: CAFETERIA CAFE PLAZOLETA CAMILO TORRES | Hace referencia a los servicios: Comedores Desayuno, Comedores Almuerzo, Comedores Cena, Combo Saludable Almuerzo, Cafetería Humanitas, Cafetería Akademia, Cafetería Bien estar Bien, Cafetería Campestre, La Cafeteria Bienestar Almuerzos, Bandejas, Desayunos, Mostrador, Servicios Especiales, etc."
EMPANADAS-RAPRITOS__SJME_DF_14MAYO.xlsx,SALIDAS RAPIFRITOS- ABRIL 7,0,"PROCESO BIENESTAR ESTUDIANTIL                                                                                                                                                            SUBPROCESO ATENCIÓN SOCIOECONÓMICA | Código: FBE.04 | CONTROL DE PEDIDO Y SALIDAS DE ALMACÉN (BODEGAS) | Versión: 04 | Fecha de Salida de Almacén | Categoría (Marque con X) | dd | mm | aaaa | Alimentos y bebidas | X | 7 | 4 | 2026 | Aseo y productos químicos | Desechables | Unidad de Servicio que solicita:   CAFETERIA ADMINISTRACION 3 / EDIFICIO ADMINISTRACION 3 PISO 6 | Hace referencia a los servicios: Comedores Desayuno, Comedores Almuerzo, Comedores Cena, Combo Saludable Almuerzo, Cafetería Humanitas, Cafetería Akademia, Cafetería Bien estar Bien, Cafetería Campestre, La Cafeteria Bienestar Almuerzos, Bandejas, Desayunos, Mostrador, Servicios Especiales, etc."
EMPANADAS-RAPRITOS__SJME_DF_14MAYO.xlsx,SALIDAS RAPIFRITOS- ABRIL 7,1,"PROCESO BIENESTAR ESTUDIANTIL                                                                                                                                                            SUBPROCESO ATENCIÓN SOCIOECONÓMICA | Código: FBE.04 | CONTROL DE PEDIDO Y SALIDAS DE ALMACÉN (BODEGAS) | Versión: 04 | Fecha de Salida de Almacén | Categoría (Marque con X) | dd | mm | aaaa | Alimentos y bebidas | X | 7 | 4 | 2026 | Aseo y productos químicos | Desechables | Unidad de Servicio que solicita:  CAFETERIA BIENESTAR ESTUDIANTIL/ DEDIFICIO BIENESTAR ESTUDIANTIL PISO | Hace referencia a los servicios: Comedores Desayuno, Comedores Almuerzo, Comedores Cena, Combo Saludable Almuerzo, Cafetería Humanitas, Cafetería Akademia, Cafetería Bien estar Bien, Cafetería Campestre, La Cafeteria Bienestar Almuerzos, Bandejas, Desayunos, Mostrador, Servicios Especiales, etc."
EMPANADAS-RAPRITOS__SJME_DF_14MAYO.xlsx,SALIDAS RAPIFRITOS- ABRIL 7,2,"PROCESO BIENESTAR ESTUDIANTIL                                                                                                                                                            SUBPROCESO ATENCIÓN SOCIOECONÓMICA | Código: FBE.04 | CONTROL DE PEDIDO Y SALIDAS DE ALMACÉN (BODEGAS) | Versión: 04 | Fecha de Salida de Almacén | Categoría (Marque con X) | dd | mm | aaaa | Alimentos y bebidas | X | 7 | 4 | 2026 | Aseo y productos químicos | Desechables | Unidad de Servicio que solicita: CAFETERIA CAFE PLAZOLETA CAMILO TORRES | Hace referencia a los servicios: Comedores Desayuno, Comedores Almuerzo, Comedores Cena, Combo Saludable Almuerzo, Cafetería Humanitas, Cafetería Akademia, Cafetería Bien estar Bien, Cafetería Campestre, La Cafeteria Bienestar Almuerzos, Bandejas, Desayunos, Mostrador, Servicios Especiales, etc."
EMPANADAS-RAPRITOS__SJME_DF_14MAYO.xlsx,SALIDAS RAPIFRITOS- ABRIL 8,0,"PROCESO BIENESTAR ESTUDIANTIL                                                                                                                                                            SUBPROCESO ATENCIÓN SOCIOECONÓMICA | Código: FBE.04 | CONTROL DE PEDIDO Y SALIDAS DE ALMACÉN (BODEGAS) | Versión: 04 | Fecha de Salida de Almacén | Categoría (Marque con X) | dd | mm | aaaa | Alimentos y bebidas | X | 8 | 4 | 2026 | Aseo y productos químicos | Desechables | Unidad de Servicio que solicita:   CAFETERIA ADMINISTRACION 3 / EDIFICIO ADMINISTRACION 3 PISO 6 | Hace referencia a los servicios: Comedores Desayuno, Comedores Almuerzo, Comedores Cena, Combo Saludable Almuerzo, Cafetería Humanitas, Cafetería Akademia, Cafetería Bien estar Bien, Cafetería Campestre, La Cafeteria Bienestar Almuerzos, Bandejas, Desayunos, Mostrador, Servicios Especiales, etc."
EMPANADAS-RAPRITOS__SJME_DF_14MAYO.xlsx,SALIDAS RAPIFRITOS- ABRIL 8,1,"PROCESO BIENESTAR ESTUDIANTIL                                                                                                                                                            SUBPROCESO ATENCIÓN SOCIOECONÓMICA | Código: FBE.04 | CONTROL DE PEDIDO Y SALIDAS DE ALMACÉN (BODEGAS) | Versión: 04 | Fecha de Salida de Almacén | Categoría (Marque con X) | dd | mm | aaaa | Alimentos y bebidas | X | 8 | 4 | 2026 | Aseo y productos químicos | Desechables | Unidad de Servicio que solicita:  CAFETERIA BIENESTAR ESTUDIANTIL/ DEDIFICIO BIENESTAR ESTUDIANTIL PISO | Hace referencia a los servicios: Comedores Desayuno, Comedores Almuerzo, Comedores Cena, Combo Saludable Almuerzo, Cafetería Humanitas, Cafetería Akademia, Cafetería Bien estar Bien, Cafetería Campestre, La Cafeteria Bienestar Almuerzos, Bandejas, Desayunos, Mostrador, Servicios Especiales, etc."
EMPANADAS-RAPRITOS__SJME_DF_14MAYO.xlsx,SALIDAS RAPIFRITOS- ABRIL 8,2,"PROCESO BIENESTAR ESTUDIANTIL                                                                                                                                                            SUBPROCESO ATENCIÓN SOCIOECONÓMICA | Código: FBE.04 | CONTROL DE PEDIDO Y SALIDAS DE ALMACÉN (BODEGAS) | Versión: 04 | Fecha de Salida de Almacén | Categoría (Marque con X) | dd | mm | aaaa | Alimentos y bebidas | X | 8 | 4 | 2026 | Aseo y productos químicos | Desechables | Unidad de Servicio que solicita: CAFETERIA CAFE PLAZOLETA CAMILO TORRES | Hace referencia a los servicios: Comedores Desayuno, Comedores Almuerzo, Comedores Cena, Combo Saludable Almuerzo, Cafetería Humanitas, Cafetería Akademia, Cafetería Bien estar Bien, Cafetería Campestre, La Cafeteria Bienestar Almuerzos, Bandejas, Desayunos, Mostrador, Servicios Especiales, etc."
EMPANADAS-RAPRITOS__SJME_DF_14MAYO.xlsx,SALIDAS RAPIFRITOS- ABRIL 9,0,"PROCESO BIENESTAR ESTUDIANTIL                                                                                                                                                            SUBPROCESO ATENCIÓN SOCIOECONÓMICA | Código: FBE.04 | CONTROL DE PEDIDO Y SALIDAS DE ALMACÉN (BODEGAS) | Versión: 04 | Fecha de Salida de Almacén | Categoría (Marque con X) | dd | mm | aaaa | Alimentos y bebidas | X | 9 | 4 | 2026 | Aseo y productos químicos | Desechables | Unidad de Servicio que solicita:   CAFETERIA ADMINISTRACION 3 / EDIFICIO ADMINISTRACION 3 PISO 6 | Hace referencia a los servicios: Comedores Desayuno, Comedores Almuerzo, Comedores Cena, Combo Saludable Almuerzo, Cafetería Humanitas, Cafetería Akademia, Cafetería Bien estar Bien, Cafetería Campestre, La Cafeteria Bienestar Almuerzos, Bandejas, Desayunos, Mostrador, Servicios Especiales, etc."
EMPANADAS-RAPRITOS__SJME_DF_14MAYO.xlsx,SALIDAS RAPIFRITOS- ABRIL 9,1,"PROCESO BIENESTAR ESTUDIANTIL                                                                                                                                                            SUBPROCESO ATENCIÓN SOCIOECONÓMICA | Código: FBE.04 | CONTROL DE PEDIDO Y SALIDAS DE ALMACÉN (BODEGAS) | Versión: 04 | Fecha de Salida de Almacén | Categoría (Marque con X) | dd | mm | aaaa | Alimentos y bebidas | X | 9 | 4 | 2026 | Aseo y productos químicos | Desechables | Unidad de Servicio que solicita:  CAFETERIA BIENESTAR ESTUDIANTIL/ DEDIFICIO BIENESTAR ESTUDIANTIL PISO | Hace referencia a los servicios: Comedores Desayuno, Comedores Almuerzo, Comedores Cena, Combo Saludable Almuerzo, Cafetería Humanitas, Cafetería Akademia, Cafetería Bien estar Bien, Cafetería Campestre, La Cafeteria Bienestar Almuerzos, Bandejas, Desayunos, Mostrador, Servicios Especiales, etc."
EMPANADAS-RAPRITOS__SJME_DF_14MAYO.xlsx,SALIDAS RAPIFRITOS- ABRIL 9,2,"PROCESO BIENESTAR ESTUDIANTIL                                                                                                                                                            SUBPROCESO ATENCIÓN SOCIOECONÓMICA | Código: FBE.04 | CONTROL DE PEDIDO Y SALIDAS DE ALMACÉN (BODEGAS) | Versión: 04 | Fecha de Salida de Almacén | Categoría (Marque con X) | dd | mm | aaaa | Alimentos y bebidas | X | 9 | 4 | 2026 | Aseo y productos químicos | Desechables | Unidad de Servicio que solicita: CAFETERIA CAFE PLAZOLETA CAMILO TORRES | Hace referencia a los servicios: Comedores Desayuno, Comedores Almuerzo, Comedores Cena, Combo Saludable Almuerzo, Cafetería Humanitas, Cafetería Akademia, Cafetería Bien estar Bien, Cafetería Campestre, La Cafeteria Bienestar Almuerzos, Bandejas, Desayunos, Mostrador, Servicios Especiales, etc."
EMPANADAS-RAPRITOS__SJME_DF_14MAYO.xlsx,SALIDAS RAPIFRITOS- ABRIL 10,0,"PROCESO BIENESTAR ESTUDIANTIL                                                                                                                                                            SUBPROCESO ATENCIÓN SOCIOECONÓMICA | Código: FBE.04 | CONTROL DE PEDIDO Y SALIDAS DE ALMACÉN (BODEGAS) | Versión: 04 | Fecha de Salida de Almacén | Categoría (Marque con X) | dd | mm | aaaa | Alimentos y bebidas | X | 10 | 4 | 2026 | Aseo y productos químicos | Desechables | Unidad de Servicio que solicita:   CAFETERIA ADMINISTRACION 3 / EDIFICIO ADMINISTRACION 3 PISO 6 | Hace referencia a los servicios: Comedores Desayuno, Comedores Almuerzo, Comedores Cena, Combo Saludable Almuerzo, Cafetería Humanitas, Cafetería Akademia, Cafetería Bien estar Bien, Cafetería Campestre, La Cafeteria Bienestar Almuerzos, Bandejas, Desayunos, Mostrador, Servicios Especiales, etc."
EMPANADAS-RAPRITOS__SJME_DF_14MAYO.xlsx,SALIDAS RAPIFRITOS- ABRIL 10,1,"PROCESO BIENESTAR ESTUDIANTIL                                                                                                                                                            SUBPROCESO ATENCIÓN SOCIOECONÓMICA | Código: FBE.04 | CONTROL DE PEDIDO Y SALIDAS DE ALMACÉN (BODEGAS) | Versión: 04 | Fecha de Salida de Almacén | Categoría (Marque con X) | dd | mm | aaaa | Alimentos y bebidas | X | 10 | 4 | 2026 | Aseo y productos químicos | Desechables | Unidad de Servicio que solicita:  CAFETERIA BIENESTAR ESTUDIANTIL/ DEDIFICIO BIENESTAR ESTUDIANTIL PISO | Hace referencia a los servicios: Comedores Desayuno, Comedores Almuerzo, Comedores Cena, Combo Saludable Almuerzo, Cafetería Humanitas, Cafetería Akademia, Cafetería Bien estar Bien, Cafetería Campestre, La Cafeteria Bienestar Almuerzos, Bandejas, Desayunos, Mostrador, Servicios Especiales, etc."
EMPANADAS-RAPRITOS__SJME_DF_14MAYO.xlsx,SALIDAS RAPIFRITOS- ABRIL 10,2,"PROCESO BIENESTAR ESTUDIANTIL                                                                                                                                                            SUBPROCESO ATENCIÓN SOCIOECONÓMICA | Código: FBE.04 | CONTROL DE PEDIDO Y SALIDAS DE ALMACÉN (BODEGAS) | Versión: 04 | Fecha de Salida de Almacén | Categoría (Marque con X) | dd | mm | aaaa | Alimentos y bebidas | X | 10 | 4 | 2026 | Aseo y productos químicos | Desechables | Unidad de Servicio que solicita: CAFETERIA CAFE PLAZOLETA CAMILO TORRES | Hace referencia a los servicios: Comedores Desayuno, Comedores Almuerzo, Comedores Cena, Combo Saludable Almuerzo, Cafetería Humanitas, Cafetería Akademia, Cafetería Bien estar Bien, Cafetería Campestre, La Cafeteria Bienestar Almuerzos, Bandejas, Desayunos, Mostrador, Servicios Especiales, etc."
EMPANADAS-RAPRITOS__SJME_DF_14MAYO.xlsx,SALIDAS RAPIFRITOS- ABRIL 13,0,"PROCESO BIENESTAR ESTUDIANTIL                                                                                                                                                            SUBPROCESO ATENCIÓN SOCIOECONÓMICA | Código: FBE.04 | CONTROL DE PEDIDO Y SALIDAS DE ALMACÉN (BODEGAS) | Versión: 04 | Fecha de Salida de Almacén | Categoría (Marque con X) | dd | mm | aaaa | Alimentos y bebidas | X | 13 | 4 | 2026 | Aseo y productos químicos | Desechables | Unidad de Servicio que solicita:   CAFETERIA ADMINISTRACION 3 / EDIFICIO ADMINISTRACION 3 PISO 6 | Hace referencia a los servicios: Comedores Desayuno, Comedores Almuerzo, Comedores Cena, Combo Saludable Almuerzo, Cafetería Humanitas, Cafetería Akademia, Cafetería Bien estar Bien, Cafetería Campestre, La Cafeteria Bienestar Almuerzos, Bandejas, Desayunos, Mostrador, Servicios Especiales, etc."
EMPANADAS-RAPRITOS__SJME_DF_14MAYO.xlsx,SALIDAS RAPIFRITOS- ABRIL 13,1,"PROCESO BIENESTAR ESTUDIANTIL                                                                                                                                                            SUBPROCESO ATENCIÓN SOCIOECONÓMICA | Código: FBE.04 | CONTROL DE PEDIDO Y SALIDAS DE ALMACÉN (BODEGAS) | Versión: 04 | Fecha de Salida de Almacén | Categoría (Marque con X) | dd | mm | aaaa | Alimentos y bebidas | X | 13 | 4 | 2026 | Aseo y productos químicos | Desechables | Unidad de Servicio que solicita:  CAFETERIA BIENESTAR ESTUDIANTIL/ DEDIFICIO BIENESTAR ESTUDIANTIL PISO | Hace referencia a los servicios: Comedores Desayuno, Comedores Almuerzo, Comedores Cena, Combo Saludable Almuerzo, Cafetería Humanitas, Cafetería Akademia, Cafetería Bien estar Bien, Cafetería Campestre, La Cafeteria Bienestar Almuerzos, Bandejas, Desayunos, Mostrador, Servicios Especiales, etc."
EMPANADAS-RAPRITOS__SJME_DF_14MAYO.xlsx,SALIDAS RAPIFRITOS- ABRIL 13,2,"PROCESO BIENESTAR ESTUDIANTIL                                                                                                                                                            SUBPROCESO ATENCIÓN SOCIOECONÓMICA | Código: FBE.04 | CONTROL DE PEDIDO Y SALIDAS DE ALMACÉN (BODEGAS) | Versión: 04 | Fecha de Salida de Almacén | Categoría (Marque con X) | dd | mm | aaaa | Alimentos y bebidas | X | 13 | 4 | 2026 | Aseo y productos químicos | Desechables | Unidad de Servicio que solicita: CAFETERIA CAFE PLAZOLETA CAMILO TORRES | Hace referencia a los servicios: Comedores Desayuno, Comedores Almuerzo, Comedores Cena, Combo Saludable Almuerzo, Cafetería Humanitas, Cafetería Akademia, Cafetería Bien estar Bien, Cafetería Campestre, La Cafeteria Bienestar Almuerzos, Bandejas, Desayunos, Mostrador, Servicios Especiales, etc."
EMPANADAS-RAPRITOS__SJME_DF_14MAYO.xlsx,SALIDAS RAPIFRITOS- ABRIL 14,0,"PROCESO BIENESTAR ESTUDIANTIL                                                                                                                                                            SUBPROCESO ATENCIÓN SOCIOECONÓMICA | Código: FBE.04 | CONTROL DE PEDIDO Y SALIDAS DE ALMACÉN (BODEGAS) | Versión: 04 | Fecha de Salida de Almacén | Categoría (Marque con X) | dd | mm | aaaa | Alimentos y bebidas | X | 14 | 4 | 2026 | Aseo y productos químicos | Desechables | Unidad de Servicio que solicita:   CAFETERIA ADMINISTRACION 3 / EDIFICIO ADMINISTRACION 3 PISO 6 | Hace referencia a los servicios: Comedores Desayuno, Comedores Almuerzo, Comedores Cena, Combo Saludable Almuerzo, Cafetería Humanitas, Cafetería Akademia, Cafetería Bien estar Bien, Cafetería Campestre, La Cafeteria Bienestar Almuerzos, Bandejas, Desayunos, Mostrador, Servicios Especiales, etc."
EMPANADAS-RAPRITOS__SJME_DF_14MAYO.xlsx,SALIDAS RAPIFRITOS- ABRIL 14,1,"PROCESO BIENESTAR ESTUDIANTIL                                                                                                                                                            SUBPROCESO ATENCIÓN SOCIOECONÓMICA | Código: FBE.04 | CONTROL DE PEDIDO Y SALIDAS DE ALMACÉN (BODEGAS) | Versión: 04 | Fecha de Salida de Almacén | Categoría (Marque con X) | dd | mm | aaaa | Alimentos y bebidas | X | 14 | 4 | 2026 | Aseo y productos químicos | Desechables | Unidad de Servicio que solicita:  CAFETERIA BIENESTAR ESTUDIANTIL/ DEDIFICIO BIENESTAR ESTUDIANTIL PISO | Hace referencia a los servicios: Comedores Desayuno, Comedores Almuerzo, Comedores Cena, Combo Saludable Almuerzo, Cafetería Humanitas, Cafetería Akademia, Cafetería Bien estar Bien, Cafetería Campestre, La Cafeteria Bienestar Almuerzos, Bandejas, Desayunos, Mostrador, Servicios Especiales, etc."
EMPANADAS-RAPRITOS__SJME_DF_14MAYO.xlsx,SALIDAS RAPIFRITOS- ABRIL 14,2,"PROCESO BIENESTAR ESTUDIANTIL                                                                                                                                                            SUBPROCESO ATENCIÓN SOCIOECONÓMICA | Código: FBE.04 | CONTROL DE PEDIDO Y SALIDAS DE ALMACÉN (BODEGAS) | Versión: 04 | Fecha de Salida de Almacén | Categoría (Marque con X) | dd | mm | aaaa | Alimentos y bebidas | X | 14 | 4 | 2026 | Aseo y productos químicos | Desechables | Unidad de Servicio que solicita: CAFETERIA CAFE PLAZOLETA CAMILO TORRES | Hace referencia a los servicios: Comedores Desayuno, Comedores Almuerzo, Comedores Cena, Combo Saludable Almuerzo, Cafetería Humanitas, Cafetería Akademia, Cafetería Bien estar Bien, Cafetería Campestre, La Cafeteria Bienestar Almuerzos, Bandejas, Desayunos, Mostrador, Servicios Especiales, etc."
EMPANADAS-RAPRITOS__SJME_DF_14MAYO.xlsx,SALIDAS RAPIFRITOS- ABRIL 15,0,"PROCESO BIENESTAR ESTUDIANTIL                                                                                                                                                            SUBPROCESO ATENCIÓN SOCIOECONÓMICA | Código: FBE.04 | CONTROL DE PEDIDO Y SALIDAS DE ALMACÉN (BODEGAS) | Versión: 04 | Fecha de Salida de Almacén | Categoría (Marque con X) | dd | mm | aaaa | Alimentos y bebidas | X | 15 | 4 | 2026 | Aseo y productos químicos | Desechables | Unidad de Servicio que solicita:   CAFETERIA ADMINISTRACION 3 / EDIFICIO ADMINISTRACION 3 PISO 6 | Hace referencia a los servicios: Comedores Desayuno, Comedores Almuerzo, Comedores Cena, Combo Saludable Almuerzo, Cafetería Humanitas, Cafetería Akademia, Cafetería Bien estar Bien, Cafetería Campestre, La Cafeteria Bienestar Almuerzos, Bandejas, Desayunos, Mostrador, Servicios Especiales, etc."
EMPANADAS-RAPRITOS__SJME_DF_14MAYO.xlsx,SALIDAS RAPIFRITOS- ABRIL 15,1,"PROCESO BIENESTAR ESTUDIANTIL                                                                                                                                                            SUBPROCESO ATENCIÓN SOCIOECONÓMICA | Código: FBE.04 | CONTROL DE PEDIDO Y SALIDAS DE ALMACÉN (BODEGAS) | Versión: 04 | Fecha de Salida de Almacén | Categoría (Marque con X) | dd | mm | aaaa | Alimentos y bebidas | X | 15 | 4 | 2026 | Aseo y productos químicos | Desechables | Unidad de Servicio que solicita:  CAFETERIA BIENESTAR ESTUDIANTIL/ DEDIFICIO BIENESTAR ESTUDIANTIL PISO | Hace referencia a los servicios: Comedores Desayuno, Comedores Almuerzo, Comedores Cena, Combo Saludable Almuerzo, Cafetería Humanitas, Cafetería Akademia, Cafetería Bien estar Bien, Cafetería Campestre, La Cafeteria Bienestar Almuerzos, Bandejas, Desayunos, Mostrador, Servicios Especiales, etc."
EMPANADAS-RAPRITOS__SJME_DF_14MAYO.xlsx,SALIDAS RAPIFRITOS- ABRIL 15,2,"PROCESO BIENESTAR ESTUDIANTIL                                                                                                                                                            SUBPROCESO ATENCIÓN SOCIOECONÓMICA | Código: FBE.04 | CONTROL DE PEDIDO Y SALIDAS DE ALMACÉN (BODEGAS) | Versión: 04 | Fecha de Salida de Almacén | Categoría (Marque con X) | dd | mm | aaaa | Alimentos y bebidas | X | 15 | 4 | 2026 | Aseo y productos químicos | Desechables | Unidad de Servicio que solicita: CAFETERIA CAFE PLAZOLETA CAMILO TORRES | Hace referencia a los servicios: Comedores Desayuno, Comedores Almuerzo, Comedores Cena, Combo Saludable Almuerzo, Cafetería Humanitas, Cafetería Akademia, Cafetería Bien estar Bien, Cafetería Campestre, La Cafeteria Bienestar Almuerzos, Bandejas, Desayunos, Mostrador, Servicios Especiales, etc."
EMPANADAS-RAPRITOS__SJME_DF_14MAYO.xlsx,SALIDAS RAPIFRITOS- ABRIL 16,0,"PROCESO BIENESTAR ESTUDIANTIL                                                                                                                                                            SUBPROCESO ATENCIÓN SOCIOECONÓMICA | Código: FBE.04 | CONTROL DE PEDIDO Y SALIDAS DE ALMACÉN (BODEGAS) | Versión: 04 | Fecha de Salida de Almacén | Categoría (Marque con X) | dd | mm | aaaa | Alimentos y bebidas | X | 16 | 4 | 2026 | Aseo y productos químicos | Desechables | Unidad de Servicio que solicita:   CAFETERIA ADMINISTRACION 3 / EDIFICIO ADMINISTRACION 3 PISO 6 | Hace referencia a los servicios: Comedores Desayuno, Comedores Almuerzo, Comedores Cena, Combo Saludable Almuerzo, Cafetería Humanitas, Cafetería Akademia, Cafetería Bien estar Bien, Cafetería Campestre, La Cafeteria Bienestar Almuerzos, Bandejas, Desayunos, Mostrador, Servicios Especiales, etc."
EMPANADAS-RAPRITOS__SJME_DF_14MAYO.xlsx,SALIDAS RAPIFRITOS- ABRIL 16,1,"PROCESO BIENESTAR ESTUDIANTIL                                                                                                                                                            SUBPROCESO ATENCIÓN SOCIOECONÓMICA | Código: FBE.04 | CONTROL DE PEDIDO Y SALIDAS DE ALMACÉN (BODEGAS) | Versión: 04 | Fecha de Salida de Almacén | Categoría (Marque con X) | dd | mm | aaaa | Alimentos y bebidas | X | 16 | 4 | 2026 | Aseo y productos químicos | Desechables | Unidad de Servicio que solicita:  CAFETERIA BIENESTAR ESTUDIANTIL/ DEDIFICIO BIENESTAR ESTUDIANTIL PISO | Hace referencia a los servicios: Comedores Desayuno, Comedores Almuerzo, Comedores Cena, Combo Saludable Almuerzo, Cafetería Humanitas, Cafetería Akademia, Cafetería Bien estar Bien, Cafetería Campestre, La Cafeteria Bienestar Almuerzos, Bandejas, Desayunos, Mostrador, Servicios Especiales, etc."
EMPANADAS-RAPRITOS__SJME_DF_14MAYO.xlsx,SALIDAS RAPIFRITOS- ABRIL 16,2,"PROCESO BIENESTAR ESTUDIANTIL                                                                                                                                                            SUBPROCESO ATENCIÓN SOCIOECONÓMICA | Código: FBE.04 | CONTROL DE PEDIDO Y SALIDAS DE ALMACÉN (BODEGAS) | Versión: 04 | Fecha de Salida de Almacén | Categoría (Marque con X) | dd | mm | aaaa | Alimentos y bebidas | X | 16 | 4 | 2026 | Aseo y productos químicos | Desechables | Unidad de Servicio que solicita: CAFETERIA CAFE PLAZOLETA CAMILO TORRES | Hace referencia a los servicios: Comedores Desayuno, Comedores Almuerzo, Comedores Cena, Combo Saludable Almuerzo, Cafetería Humanitas, Cafetería Akademia, Cafetería Bien estar Bien, Cafetería Campestre, La Cafeteria Bienestar Almuerzos, Bandejas, Desayunos, Mostrador, Servicios Especiales, etc."
EMPANADAS-RAPRITOS__SJME_DF_14MAYO.xlsx, RAPIFRITOS- ABRIL 17,0,"PROCESO BIENESTAR ESTUDIANTIL                                                                                                                                                            SUBPROCESO ATENCIÓN SOCIOECONÓMICA | Código: FBE.04 | CONTROL DE PEDIDO Y SALIDAS DE ALMACÉN (BODEGAS) | Versión: 04 | Fecha de Salida de Almacén | Categoría (Marque con X) | dd | mm | aaaa | Alimentos y bebidas | X | 20 | 4 | 2026 | Aseo y productos químicos | Desechables | Unidad de Servicio que solicita:   CAFETERIA ADMINISTRACION 3 / EDIFICIO ADMINISTRACION 3 PISO 6 | Hace referencia a los servicios: Comedores Desayuno, Comedores Almuerzo, Comedores Cena, Combo Saludable Almuerzo, Cafetería Humanitas, Cafetería Akademia, Cafetería Bien estar Bien, Cafetería Campestre, La Cafeteria Bienestar Almuerzos, Bandejas, Desayunos, Mostrador, Servicios Especiales, etc."
EMPANADAS-RAPRITOS__SJME_DF_14MAYO.xlsx, RAPIFRITOS- ABRIL 17,1,"PROCESO BIENESTAR ESTUDIANTIL                                                                                                                                                            SUBPROCESO ATENCIÓN SOCIOECONÓMICA | Código: FBE.04 | CONTROL DE PEDIDO Y SALIDAS DE ALMACÉN (BODEGAS) | Versión: 04 | Fecha de Salida de Almacén | Categoría (Marque con X) | dd | mm | aaaa | Alimentos y bebidas | X | 17 | 4 | 2026 | Aseo y productos químicos | Desechables | Unidad de Servicio que solicita:   CAFETERIA ADMINISTRACION 3 / EDIFICIO ADMINISTRACION 3 PISO 6 | Hace referencia a los servicios: Comedores Desayuno, Comedores Almuerzo, Comedores Cena, Combo Saludable Almuerzo, Cafetería Humanitas, Cafetería Akademia, Cafetería Bien estar Bien, Cafetería Campestre, La Cafeteria Bienestar Almuerzos, Bandejas, Desayunos, Mostrador, Servicios Especiales, etc."
EMPANADAS-RAPRITOS__SJME_DF_14MAYO.xlsx, RAPIFRITOS- ABRIL 17,2,"PROCESO BIENESTAR ESTUDIANTIL                                                                                                                                                            SUBPROCESO ATENCIÓN SOCIOECONÓMICA | Código: FBE.04 | CONTROL DE PEDIDO Y SALIDAS DE ALMACÉN (BODEGAS) | Versión: 04 | Fecha de Salida de Almacén | Categoría (Marque con X) | dd | mm | aaaa | Alimentos y bebidas | X | 17 | 4 | 2026 | Aseo y productos químicos | Desechables | Unidad de Servicio que solicita: CAFETERIA CAFE PLAZOLETA CAMILO TORRES | Hace referencia a los servicios: Comedores Desayuno, Comedores Almuerzo, Comedores Cena, Combo Saludable Almuerzo, Cafetería Humanitas, Cafetería Akademia, Cafetería Bien estar Bien, Cafetería Campestre, La Cafeteria Bienestar Almuerzos, Bandejas, Desayunos, Mostrador, Servicios Especiales, etc."
EMPANADAS-RAPRITOS__SJME_DF_14MAYO.xlsx, SALIDAS RAPIFRITOS- ABRIL 20,0,"PROCESO BIENESTAR ESTUDIANTIL                                                                                                                                                            SUBPROCESO ATENCIÓN SOCIOECONÓMICA | Código: FBE.04 | CONTROL DE PEDIDO Y SALIDAS DE ALMACÉN (BODEGAS) | Versión: 04 | Fecha de Salida de Almacén | Categoría (Marque con X) | dd | mm | aaaa | Alimentos y bebidas | X | 20 | 4 | 2026 | Aseo y productos químicos | Desechables | Unidad de Servicio que solicita:   CAFETERIA ADMINISTRACION 3 / EDIFICIO ADMINISTRACION 3 PISO 6 | Hace referencia a los servicios: Comedores Desayuno, Comedores Almuerzo, Comedores Cena, Combo Saludable Almuerzo, Cafetería Humanitas, Cafetería Akademia, Cafetería Bien estar Bien, Cafetería Campestre, La Cafeteria Bienestar Almuerzos, Bandejas, Desayunos, Mostrador, Servicios Especiales, etc."
EMPANADAS-RAPRITOS__SJME_DF_14MAYO.xlsx, SALIDAS RAPIFRITOS- ABRIL 20,1,"PROCESO BIENESTAR ESTUDIANTIL                                                                                                                                                            SUBPROCESO ATENCIÓN SOCIOECONÓMICA | Código: FBE.04 | CONTROL DE PEDIDO Y SALIDAS DE ALMACÉN (BODEGAS) | Versión: 04 | Fecha de Salida de Almacén | Categoría (Marque con X) | dd | mm | aaaa | Alimentos y bebidas | X | 20 | 4 | 2026 | Aseo y productos químicos | Desechables | Unidad de Servicio que solicita:  CAFETERIA BIENESTAR ESTUDIANTIL/ DEDIFICIO BIENESTAR ESTUDIANTIL PISO | Hace referencia a los servicios: Comedores Desayuno, Comedores Almuerzo, Comedores Cena, Combo Saludable Almuerzo, Cafetería Humanitas, Cafetería Akademia, Cafetería Bien estar Bien, Cafetería Campestre, La Cafeteria Bienestar Almuerzos, Bandejas, Desayunos, Mostrador, Servicios Especiales, etc."
EMPANADAS-RAPRITOS__SJME_DF_14MAYO.xlsx, SALIDAS RAPIFRITOS- ABRIL 20,2,"PROCESO BIENESTAR ESTUDIANTIL                                                                                                                                                            SUBPROCESO ATENCIÓN SOCIOECONÓMICA | Código: FBE.04 | CONTROL DE PEDIDO Y SALIDAS DE ALMACÉN (BODEGAS) | Versión: 04 | Fecha de Salida de Almacén | Categoría (Marque con X) | dd | mm | aaaa | Alimentos y bebidas | X | 20 | 4 | 2026 | Aseo y productos químicos | Desechables | Unidad de Servicio que solicita: CAFETERIA CAFE PLAZOLETA CAMILO TORRES | Hace referencia a los servicios: Comedores Desayuno, Comedores Almuerzo, Comedores Cena, Combo Saludable Almuerzo, Cafetería Humanitas, Cafetería Akademia, Cafetería Bien estar Bien, Cafetería Campestre, La Cafeteria Bienestar Almuerzos, Bandejas, Desayunos, Mostrador, Servicios Especiales, etc."
EMPANADAS-RAPRITOS__SJME_DF_14MAYO.xlsx,  SALIDAS RAPIFRITOS- ABRIL 21,0,"PROCESO BIENESTAR ESTUDIANTIL                                                                                                                                                            SUBPROCESO ATENCIÓN SOCIOECONÓMICA | Código: FBE.04 | CONTROL DE PEDIDO Y SALIDAS DE ALMACÉN (BODEGAS) | Versión: 04 | Fecha de Salida de Almacén | Categoría (Marque con X) | dd | mm | aaaa | Alimentos y bebidas | X | 21 | 4 | 2026 | Aseo y productos químicos | Desechables | Unidad de Servicio que solicita:   CAFETERIA ADMINISTRACION 3 / EDIFICIO ADMINISTRACION 3 PISO 6 | Hace referencia a los servicios: Comedores Desayuno, Comedores Almuerzo, Comedores Cena, Combo Saludable Almuerzo, Cafetería Humanitas, Cafetería Akademia, Cafetería Bien estar Bien, Cafetería Campestre, La Cafeteria Bienestar Almuerzos, Bandejas, Desayunos, Mostrador, Servicios Especiales, etc."
EMPANADAS-RAPRITOS__SJME_DF_14MAYO.xlsx,  SALIDAS RAPIFRITOS- ABRIL 21,1,"PROCESO BIENESTAR ESTUDIANTIL                                                                                                                                                            SUBPROCESO ATENCIÓN SOCIOECONÓMICA | Código: FBE.04 | CONTROL DE PEDIDO Y SALIDAS DE ALMACÉN (BODEGAS) | Versión: 04 | Fecha de Salida de Almacén | Categoría (Marque con X) | dd | mm | aaaa | Alimentos y bebidas | X | 21 | 4 | 2026 | Aseo y productos químicos | Desechables | Unidad de Servicio que solicita:  CAFETERIA BIENESTAR ESTUDIANTIL/ DEDIFICIO BIENESTAR ESTUDIANTIL PISO | Hace referencia a los servicios: Comedores Desayuno, Comedores Almuerzo, Comedores Cena, Combo Saludable Almuerzo, Cafetería Humanitas, Cafetería Akademia, Cafetería Bien estar Bien, Cafetería Campestre, La Cafeteria Bienestar Almuerzos, Bandejas, Desayunos, Mostrador, Servicios Especiales, etc."
EMPANADAS-RAPRITOS__SJME_DF_14MAYO.xlsx,  SALIDAS RAPIFRITOS- ABRIL 21,2,"PROCESO BIENESTAR ESTUDIANTIL                                                                                                                                                            SUBPROCESO ATENCIÓN SOCIOECONÓMICA | Código: FBE.04 | CONTROL DE PEDIDO Y SALIDAS DE ALMACÉN (BODEGAS) | Versión: 04 | Fecha de Salida de Almacén | Categoría (Marque con X) | dd | mm | aaaa | Alimentos y bebidas | X | 21 | 4 | 2026 | Aseo y productos químicos | Desechables | Unidad de Servicio que solicita: CAFETERIA CAFE PLAZOLETA CAMILO TORRES | Hace referencia a los servicios: Comedores Desayuno, Comedores Almuerzo, Comedores Cena, Combo Saludable Almuerzo, Cafetería Humanitas, Cafetería Akademia, Cafetería Bien estar Bien, Cafetería Campestre, La Cafeteria Bienestar Almuerzos, Bandejas, Desayunos, Mostrador, Servicios Especiales, etc."
EMPANADAS-RAPRITOS__SJME_DF_14MAYO.xlsx,SALIDAS RAPIFRITOS- ABRIL 22,0,"PROCESO BIENESTAR ESTUDIANTIL                                                                                                                                                            SUBPROCESO ATENCIÓN SOCIOECONÓMICA | Código: FBE.04 | CONTROL DE PEDIDO Y SALIDAS DE ALMACÉN (BODEGAS) | Versión: 04 | Fecha de Salida de Almacén | Categoría (Marque con X) | dd | mm | aaaa | Alimentos y bebidas | X | 22 | 4 | 2026 | Aseo y productos químicos | Desechables | Unidad de Servicio que solicita:   CAFETERIA ADMINISTRACION 3 / EDIFICIO ADMINISTRACION 3 PISO 6 | Hace referencia a los servicios: Comedores Desayuno, Comedores Almuerzo, Comedores Cena, Combo Saludable Almuerzo, Cafetería Humanitas, Cafetería Akademia, Cafetería Bien estar Bien, Cafetería Campestre, La Cafeteria Bienestar Almuerzos, Bandejas, Desayunos, Mostrador, Servicios Especiales, etc."
EMPANADAS-RAPRITOS__SJME_DF_14MAYO.xlsx,SALIDAS RAPIFRITOS- ABRIL 22,1,"PROCESO BIENESTAR ESTUDIANTIL                                                                                                                                                            SUBPROCESO ATENCIÓN SOCIOECONÓMICA | Código: FBE.04 | CONTROL DE PEDIDO Y SALIDAS DE ALMACÉN (BODEGAS) | Versión: 04 | Fecha de Salida de Almacén | Categoría (Marque con X) | dd | mm | aaaa | Alimentos y bebidas | X | 22 | 4 | 2026 | Aseo y productos químicos | Desechables | Unidad de Servicio que solicita:  CAFETERIA BIENESTAR ESTUDIANTIL/ DEDIFICIO BIENESTAR ESTUDIANTIL PISO | Hace referencia a los servicios: Comedores Desayuno, Comedores Almuerzo, Comedores Cena, Combo Saludable Almuerzo, Cafetería Humanitas, Cafetería Akademia, Cafetería Bien estar Bien, Cafetería Campestre, La Cafeteria Bienestar Almuerzos, Bandejas, Desayunos, Mostrador, Servicios Especiales, etc."
EMPANADAS-RAPRITOS__SJME_DF_14MAYO.xlsx,SALIDAS RAPIFRITOS- ABRIL 22,2,"PROCESO BIENESTAR ESTUDIANTIL                                                                                                                                                            SUBPROCESO ATENCIÓN SOCIOECONÓMICA | Código: FBE.04 | CONTROL DE PEDIDO Y SALIDAS DE ALMACÉN (BODEGAS) | Versión: 04 | Fecha de Salida de Almacén | Categoría (Marque con X) | dd | mm | aaaa | Alimentos y bebidas | X | 22 | 4 | 2026 | Aseo y productos químicos | Desechables | Unidad de Servicio que solicita: CAFETERIA CAFE PLAZOLETA CAMILO TORRES | Hace referencia a los servicios: Comedores Desayuno, Comedores Almuerzo, Comedores Cena, Combo Saludable Almuerzo, Cafetería Humanitas, Cafetería Akademia, Cafetería Bien estar Bien, Cafetería Campestre, La Cafeteria Bienestar Almuerzos, Bandejas, Desayunos, Mostrador, Servicios Especiales, etc."
EMPANADAS-RAPRITOS__SJME_DF_14MAYO.xlsx,  SALIDAS RAPIFRITOS- ABRIL 23,0,"PROCESO BIENESTAR ESTUDIANTIL                                                                                                                                                            SUBPROCESO ATENCIÓN SOCIOECONÓMICA | Código: FBE.04 | CONTROL DE PEDIDO Y SALIDAS DE ALMACÉN (BODEGAS) | Versión: 04 | Fecha de Salida de Almacén | Categoría (Marque con X) | dd | mm | aaaa | Alimentos y bebidas | X | 23 | 4 | 2026 | Aseo y productos químicos | Desechables | Unidad de Servicio que solicita: CAFETERIA CAFE PLAZOLETA CAMILO TORRES | Hace referencia a los servicios: Comedores Desayuno, Comedores Almuerzo, Comedores Cena, Combo Saludable Almuerzo, Cafetería Humanitas, Cafetería Akademia, Cafetería Bien estar Bien, Cafetería Campestre, La Cafeteria Bienestar Almuerzos, Bandejas, Desayunos, Mostrador, Servicios Especiales, etc."
EMPANADAS-RAPRITOS__SJME_DF_14MAYO.xlsx,  SALIDAS RAPIFRITOS- ABRIL 23,1,"PROCESO BIENESTAR ESTUDIANTIL                                                                                                                                                            SUBPROCESO ATENCIÓN SOCIOECONÓMICA | Código: FBE.04 | CONTROL DE PEDIDO Y SALIDAS DE ALMACÉN (BODEGAS) | Versión: 04 | Fecha de Salida de Almacén | Categoría (Marque con X) | dd | mm | aaaa | Alimentos y bebidas | X | 23 | 4 | 2026 | Aseo y productos químicos | Desechables | Unidad de Servicio que solicita:  CAFETERIA BIENESTAR ESTUDIANTIL/ DEDIFICIO BIENESTAR ESTUDIANTIL PISO | Hace referencia a los servicios: Comedores Desayuno, Comedores Almuerzo, Comedores Cena, Combo Saludable Almuerzo, Cafetería Humanitas, Cafetería Akademia, Cafetería Bien estar Bien, Cafetería Campestre, La Cafeteria Bienestar Almuerzos, Bandejas, Desayunos, Mostrador, Servicios Especiales, etc."
EMPANADAS-RAPRITOS__SJME_DF_14MAYO.xlsx,  SALIDAS RAPIFRITOS- ABRIL 23,2,"PROCESO BIENESTAR ESTUDIANTIL                                                                                                                                                            SUBPROCESO ATENCIÓN SOCIOECONÓMICA | Código: FBE.04 | CONTROL DE PEDIDO Y SALIDAS DE ALMACÉN (BODEGAS) | Versión: 04 | Fecha de Salida de Almacén | Categoría (Marque con X) | dd | mm | aaaa | Alimentos y bebidas | X | 23 | 4 | 2026 | Aseo y productos químicos | Desechables | Unidad de Servicio que solicita: CAFETERIA CAFE PLAZOLETA CAMILO TORRES | Hace referencia a los servicios: Comedores Desayuno, Comedores Almuerzo, Comedores Cena, Combo Saludable Almuerzo, Cafetería Humanitas, Cafetería Akademia, Cafetería Bien estar Bien, Cafetería Campestre, La Cafeteria Bienestar Almuerzos, Bandejas, Desayunos, Mostrador, Servicios Especiales, etc."
EMPANADAS-RAPRITOS__SJME_DF_14MAYO.xlsx, SALIDAS RAPIFRITOS- ABRIL 24,0,"PROCESO BIENESTAR ESTUDIANTIL                                                                                                                                                            SUBPROCESO ATENCIÓN SOCIOECONÓMICA | Código: FBE.04 | CONTROL DE PEDIDO Y SALIDAS DE ALMACÉN (BODEGAS) | Versión: 04 | Fecha de Salida de Almacén | Categoría (Marque con X) | dd | mm | aaaa | Alimentos y bebidas | X | 24 | 4 | 2026 | Aseo y productos químicos | Desechables | Unidad de Servicio que solicita:   CAFETERIA ADMINISTRACION 3 / EDIFICIO ADMINISTRACION 3 PISO 6 | Hace referencia a los servicios: Comedores Desayuno, Comedores Almuerzo, Comedores Cena, Combo Saludable Almuerzo, Cafetería Humanitas, Cafetería Akademia, Cafetería Bien estar Bien, Cafetería Campestre, La Cafeteria Bienestar Almuerzos, Bandejas, Desayunos, Mostrador, Servicios Especiales, etc."
EMPANADAS-RAPRITOS__SJME_DF_14MAYO.xlsx, SALIDAS RAPIFRITOS- ABRIL 24,1,"PROCESO BIENESTAR ESTUDIANTIL                                                                                                                                                            SUBPROCESO ATENCIÓN SOCIOECONÓMICA | Código: FBE.04 | CONTROL DE PEDIDO Y SALIDAS DE ALMACÉN (BODEGAS) | Versión: 04 | Fecha de Salida de Almacén | Categoría (Marque con X) | dd | mm | aaaa | Alimentos y bebidas | X | 24 | 4 | 2026 | Aseo y productos químicos | Desechables | Unidad de Servicio que solicita:  CAFETERIA BIENESTAR ESTUDIANTIL/ DEDIFICIO BIENESTAR ESTUDIANTIL PISO | Hace referencia a los servicios: Comedores Desayuno, Comedores Almuerzo, Comedores Cena, Combo Saludable Almuerzo, Cafetería Humanitas, Cafetería Akademia, Cafetería Bien estar Bien, Cafetería Campestre, La Cafeteria Bienestar Almuerzos, Bandejas, Desayunos, Mostrador, Servicios Especiales, etc."
EMPANADAS-RAPRITOS__SJME_DF_14MAYO.xlsx, SALIDAS RAPIFRITOS- ABRIL 24,2,"PROCESO BIENESTAR ESTUDIANTIL                                                                                                                                                            SUBPROCESO ATENCIÓN SOCIOECONÓMICA | Código: FBE.04 | CONTROL DE PEDIDO Y SALIDAS DE ALMACÉN (BODEGAS) | Versión: 04 | Fecha de Salida de Almacén | Categoría (Marque con X) | dd | mm | aaaa | Alimentos y bebidas | X | 24 | 4 | 2026 | Aseo y productos químicos | Desechables | Unidad de Servicio que solicita: CAFETERIA CAFE PLAZOLETA CAMILO TORRES | Hace referencia a los servicios: Comedores Desayuno, Comedores Almuerzo, Comedores Cena, Combo Saludable Almuerzo, Cafetería Humanitas, Cafetería Akademia, Cafetería Bien estar Bien, Cafetería Campestre, La Cafeteria Bienestar Almuerzos, Bandejas, Desayunos, Mostrador, Servicios Especiales, etc."
EMPANADAS-RAPRITOS__SJME_DF_14MAYO.xlsx,SALIDAS RAPIFRITOS- ABRIL 27,0,"PROCESO BIENESTAR ESTUDIANTIL                                                                                                                                                            SUBPROCESO ATENCIÓN SOCIOECONÓMICA | Código: FBE.04 | CONTROL DE PEDIDO Y SALIDAS DE ALMACÉN (BODEGAS) | Versión: 04 | Fecha de Salida de Almacén | Categoría (Marque con X) | dd | mm | aaaa | Alimentos y bebidas | X | 27 | 4 | 2026 | Aseo y productos químicos | Desechables | Unidad de Servicio que solicita:   CAFETERIA ADMINISTRACION 3 / EDIFICIO ADMINISTRACION 3 PISO 6 | Hace referencia a los servicios: Comedores Desayuno, Comedores Almuerzo, Comedores Cena, Combo Saludable Almuerzo, Cafetería Humanitas, Cafetería Akademia, Cafetería Bien estar Bien, Cafetería Campestre, La Cafeteria Bienestar Almuerzos, Bandejas, Desayunos, Mostrador, Servicios Especiales, etc."
EMPANADAS-RAPRITOS__SJME_DF_14MAYO.xlsx,SALIDAS RAPIFRITOS- ABRIL 27,1,"PROCESO BIENESTAR ESTUDIANTIL                                                                                                                                                            SUBPROCESO ATENCIÓN SOCIOECONÓMICA | Código: FBE.04 | CONTROL DE PEDIDO Y SALIDAS DE ALMACÉN (BODEGAS) | Versión: 04 | Fecha de Salida de Almacén | Categoría (Marque con X) | dd | mm | aaaa | Alimentos y bebidas | X | 27 | 4 | 2026 | Aseo y productos químicos | Desechables | Unidad de Servicio que solicita:  CAFETERIA BIENESTAR ESTUDIANTIL/ DEDIFICIO BIENESTAR ESTUDIANTIL PISO | Hace referencia a los servicios: Comedores Desayuno, Comedores Almuerzo, Comedores Cena, Combo Saludable Almuerzo, Cafetería Humanitas, Cafetería Akademia, Cafetería Bien estar Bien, Cafetería Campestre, La Cafeteria Bienestar Almuerzos, Bandejas, Desayunos, Mostrador, Servicios Especiales, etc."
EMPANADAS-RAPRITOS__SJME_DF_14MAYO.xlsx,SALIDAS RAPIFRITOS- ABRIL 27,2,"PROCESO BIENESTAR ESTUDIANTIL                                                                                                                                                            SUBPROCESO ATENCIÓN SOCIOECONÓMICA | Código: FBE.04 | CONTROL DE PEDIDO Y SALIDAS DE ALMACÉN (BODEGAS) | Versión: 04 | Fecha de Salida de Almacén | Categoría (Marque con X) | dd | mm | aaaa | Alimentos y bebidas | X | 27 | 4 | 2026 | Aseo y productos químicos | Desechables | Unidad de Servicio que solicita: CAFETERIA CAFE PLAZOLETA CAMILO TORRES | Hace referencia a los servicios: Comedores Desayuno, Comedores Almuerzo, Comedores Cena, Combo Saludable Almuerzo, Cafetería Humanitas, Cafetería Akademia, Cafetería Bien estar Bien, Cafetería Campestre, La Cafeteria Bienestar Almuerzos, Bandejas, Desayunos, Mostrador, Servicios Especiales, etc."
EMPANADAS-RAPRITOS__SJME_DF_14MAYO.xlsx,SALIDAS RAPIFRITOS- ABRIL 28,0,"PROCESO BIENESTAR ESTUDIANTIL                                                                                                                                                            SUBPROCESO ATENCIÓN SOCIOECONÓMICA | Código: FBE.04 | CONTROL DE PEDIDO Y SALIDAS DE ALMACÉN (BODEGAS) | Versión: 04 | Fecha de Salida de Almacén | Categoría (Marque con X) | dd | mm | aaaa | Alimentos y bebidas | X | 28 | 4 | 2026 | Aseo y productos químicos | Desechables | Unidad de Servicio que solicita:   CAFETERIA ADMINISTRACION 3 / EDIFICIO ADMINISTRACION 3 PISO 6 | Hace referencia a los servicios: Comedores Desayuno, Comedores Almuerzo, Comedores Cena, Combo Saludable Almuerzo, Cafetería Humanitas, Cafetería Akademia, Cafetería Bien estar Bien, Cafetería Campestre, La Cafeteria Bienestar Almuerzos, Bandejas, Desayunos, Mostrador, Servicios Especiales, etc."
EMPANADAS-RAPRITOS__SJME_DF_14MAYO.xlsx,SALIDAS RAPIFRITOS- ABRIL 28,1,"PROCESO BIENESTAR ESTUDIANTIL                                                                                                                                                            SUBPROCESO ATENCIÓN SOCIOECONÓMICA | Código: FBE.04 | CONTROL DE PEDIDO Y SALIDAS DE ALMACÉN (BODEGAS) | Versión: 04 | Fecha de Salida de Almacén | Categoría (Marque con X) | dd | mm | aaaa | Alimentos y bebidas | X | 28 | 4 | 2026 | Aseo y productos químicos | Desechables | Unidad de Servicio que solicita:  CAFETERIA BIENESTAR ESTUDIANTIL/ DEDIFICIO BIENESTAR ESTUDIANTIL PISO | Hace referencia a los servicios: Comedores Desayuno, Comedores Almuerzo, Comedores Cena, Combo Saludable Almuerzo, Cafetería Humanitas, Cafetería Akademia, Cafetería Bien estar Bien, Cafetería Campestre, La Cafeteria Bienestar Almuerzos, Bandejas, Desayunos, Mostrador, Servicios Especiales, etc."
EMPANADAS-RAPRITOS__SJME_DF_14MAYO.xlsx,SALIDAS RAPIFRITOS- ABRIL 28,2,"PROCESO BIENESTAR ESTUDIANTIL                                                                                                                                                            SUBPROCESO ATENCIÓN SOCIOECONÓMICA | Código: FBE.04 | CONTROL DE PEDIDO Y SALIDAS DE ALMACÉN (BODEGAS) | Versión: 04 | Fecha de Salida de Almacén | Categoría (Marque con X) | dd | mm | aaaa | Alimentos y bebidas | X | 28 | 4 | 2026 | Aseo y productos químicos | Desechables | Unidad de Servicio que solicita: CAFETERIA CAFE PLAZOLETA CAMILO TORRES | Hace referencia a los servicios: Comedores Desayuno, Comedores Almuerzo, Comedores Cena, Combo Saludable Almuerzo, Cafetería Humanitas, Cafetería Akademia, Cafetería Bien estar Bien, Cafetería Campestre, La Cafeteria Bienestar Almuerzos, Bandejas, Desayunos, Mostrador, Servicios Especiales, etc."
EMPANADAS-RAPRITOS__SJME_DF_14MAYO.xlsx,SALIDAS RAPIFRITOS- ABRIL 29,0,"PROCESO BIENESTAR ESTUDIANTIL                                                                                                                                                            SUBPROCESO ATENCIÓN SOCIOECONÓMICA | Código: FBE.04 | CONTROL DE PEDIDO Y SALIDAS DE ALMACÉN (BODEGAS) | Versión: 04 | Fecha de Salida de Almacén | Categoría (Marque con X) | dd | mm | aaaa | Alimentos y bebidas | X | 29 | 4 | 2026 | Aseo y productos químicos | Desechables | Unidad de Servicio que solicita:   CAFETERIA ADMINISTRACION 3 / EDIFICIO ADMINISTRACION 3 PISO 6 | Hace referencia a los servicios: Comedores Desayuno, Comedores Almuerzo, Comedores Cena, Combo Saludable Almuerzo, Cafetería Humanitas, Cafetería Akademia, Cafetería Bien estar Bien, Cafetería Campestre, La Cafeteria Bienestar Almuerzos, Bandejas, Desayunos, Mostrador, Servicios Especiales, etc."
EMPANADAS-RAPRITOS__SJME_DF_14MAYO.xlsx,SALIDAS RAPIFRITOS- ABRIL 29,1,"PROCESO BIENESTAR ESTUDIANTIL                                                                                                                                                            SUBPROCESO ATENCIÓN SOCIOECONÓMICA | Código: FBE.04 | CONTROL DE PEDIDO Y SALIDAS DE ALMACÉN (BODEGAS) | Versión: 04 | Fecha de Salida de Almacén | Categoría (Marque con X) | dd | mm | aaaa | Alimentos y bebidas | X | 29 | 4 | 2026 | Aseo y productos químicos | Desechables | Unidad de Servicio que solicita:  CAFETERIA BIENESTAR ESTUDIANTIL/ DEDIFICIO BIENESTAR ESTUDIANTIL PISO | Hace referencia a los servicios: Comedores Desayuno, Comedores Almuerzo, Comedores Cena, Combo Saludable Almuerzo, Cafetería Humanitas, Cafetería Akademia, Cafetería Bien estar Bien, Cafetería Campestre, La Cafeteria Bienestar Almuerzos, Bandejas, Desayunos, Mostrador, Servicios Especiales, etc."
EMPANADAS-RAPRITOS__SJME_DF_14MAYO.xlsx,SALIDAS RAPIFRITOS- ABRIL 29,2,"PROCESO BIENESTAR ESTUDIANTIL                                                                                                                                                            SUBPROCESO ATENCIÓN SOCIOECONÓMICA | Código: FBE.04 | CONTROL DE PEDIDO Y SALIDAS DE ALMACÉN (BODEGAS) | Versión: 04 | Fecha de Salida de Almacén | Categoría (Marque con X) | dd | mm | aaaa | Alimentos y bebidas | X | 29 | 4 | 2026 | Aseo y productos químicos | Desechables | Unidad de Servicio que solicita: CAFETERIA CAFE PLAZOLETA CAMILO TORRES | Hace referencia a los servicios: Comedores Desayuno, Comedores Almuerzo, Comedores Cena, Combo Saludable Almuerzo, Cafetería Humanitas, Cafetería Akademia, Cafetería Bien estar Bien, Cafetería Campestre, La Cafeteria Bienestar Almuerzos, Bandejas, Desayunos, Mostrador, Servicios Especiales, etc."
EMPANADAS-RAPRITOS__SJME_DF_14MAYO.xlsx,SALIDAS RAPIFRITOS- ABRIL 30,0,"PROCESO BIENESTAR ESTUDIANTIL                                                                                                                                                            SUBPROCESO ATENCIÓN SOCIOECONÓMICA | Código: FBE.04 | CONTROL DE PEDIDO Y SALIDAS DE ALMACÉN (BODEGAS) | Versión: 04 | Fecha de Salida de Almacén | Categoría (Marque con X) | dd | mm | aaaa | Alimentos y bebidas | X | 30 | 4 | 2026 | Aseo y productos químicos | Desechables | Unidad de Servicio que solicita:   CAFETERIA ADMINISTRACION 3 / EDIFICIO ADMINISTRACION 3 PISO 6 | Hace referencia a los servicios: Comedores Desayuno, Comedores Almuerzo, Comedores Cena, Combo Saludable Almuerzo, Cafetería Humanitas, Cafetería Akademia, Cafetería Bien estar Bien, Cafetería Campestre, La Cafeteria Bienestar Almuerzos, Bandejas, Desayunos, Mostrador, Servicios Especiales, etc."
EMPANADAS-RAPRITOS__SJME_DF_14MAYO.xlsx,SALIDAS RAPIFRITOS- ABRIL 30,1,"PROCESO BIENESTAR ESTUDIANTIL                                                                                                                                                            SUBPROCESO ATENCIÓN SOCIOECONÓMICA | Código: FBE.04 | CONTROL DE PEDIDO Y SALIDAS DE ALMACÉN (BODEGAS) | Versión: 04 | Fecha de Salida de Almacén | Categoría (Marque con X) | dd | mm | aaaa | Alimentos y bebidas | X | 30 | 4 | 2026 | Aseo y productos químicos | Desechables | Unidad de Servicio que solicita:  CAFETERIA BIENESTAR ESTUDIANTIL/ DEDIFICIO BIENESTAR ESTUDIANTIL PISO | Hace referencia a los servicios: Comedores Desayuno, Comedores Almuerzo, Comedores Cena, Combo Saludable Almuerzo, Cafetería Humanitas, Cafetería Akademia, Cafetería Bien estar Bien, Cafetería Campestre, La Cafeteria Bienestar Almuerzos, Bandejas, Desayunos, Mostrador, Servicios Especiales, etc."
EMPANADAS-RAPRITOS__SJME_DF_14MAYO.xlsx,SALIDAS RAPIFRITOS- ABRIL 30,2,"PROCESO BIENESTAR ESTUDIANTIL                                                                                                                                                            SUBPROCESO ATENCIÓN SOCIOECONÓMICA | Código: FBE.04 | CONTROL DE PEDIDO Y SALIDAS DE ALMACÉN (BODEGAS) | Versión: 04 | Fecha de Salida de Almacén | Categoría (Marque con X) | dd | mm | aaaa | Alimentos y bebidas | X | 30 | 4 | 2026 | Aseo y productos químicos | Desechables | Unidad de Servicio que solicita: CAFETERIA CAFE PLAZOLETA CAMILO TORRES | Hace referencia a los servicios: Comedores Desayuno, Comedores Almuerzo, Comedores Cena, Combo Saludable Almuerzo, Cafetería Humanitas, Cafetería Akademia, Cafetería Bien estar Bien, Cafetería Campestre, La Cafeteria Bienestar Almuerzos, Bandejas, Desayunos, Mostrador, Servicios Especiales, etc."
EMPANADAS-RAPRITOS__SJME_DF_14MAYO.xlsx, SALIDAS RAPIFRITOS- mayo 4,0,"PROCESO BIENESTAR ESTUDIANTIL                                                                                                                                                            SUBPROCESO ATENCIÓN SOCIOECONÓMICA | Código: FBE.04 | CONTROL DE PEDIDO Y SALIDAS DE ALMACÉN (BODEGAS) | Versión: 04 | Fecha de Salida de Almacén | Categoría (Marque con X) | dd | mm | aaaa | Alimentos y bebidas | X | 4 | 5 | 2026 | Aseo y productos químicos | Desechables | Unidad de Servicio que solicita:   CAFETERIA ADMINISTRACION 3 / EDIFICIO ADMINISTRACION 3 PISO 6 | Hace referencia a los servicios: Comedores Desayuno, Comedores Almuerzo, Comedores Cena, Combo Saludable Almuerzo, Cafetería Humanitas, Cafetería Akademia, Cafetería Bien estar Bien, Cafetería Campestre, La Cafeteria Bienestar Almuerzos, Bandejas, Desayunos, Mostrador, Servicios Especiales, etc."
EMPANADAS-RAPRITOS__SJME_DF_14MAYO.xlsx, SALIDAS RAPIFRITOS- mayo 4,1,"PROCESO BIENESTAR ESTUDIANTIL                                                                                                                                                            SUBPROCESO ATENCIÓN SOCIOECONÓMICA | Código: FBE.04 | CONTROL DE PEDIDO Y SALIDAS DE ALMACÉN (BODEGAS) | Versión: 04 | Fecha de Salida de Almacén | Categoría (Marque con X) | dd | mm | aaaa | Alimentos y bebidas | X | 4 | 5 | 2026 | Aseo y productos químicos | Desechables | Unidad de Servicio que solicita:  CAFETERIA BIENESTAR ESTUDIANTIL/ DEDIFICIO BIENESTAR ESTUDIANTIL PISO | Hace referencia a los servicios: Comedores Desayuno, Comedores Almuerzo, Comedores Cena, Combo Saludable Almuerzo, Cafetería Humanitas, Cafetería Akademia, Cafetería Bien estar Bien, Cafetería Campestre, La Cafeteria Bienestar Almuerzos, Bandejas, Desayunos, Mostrador, Servicios Especiales, etc."
EMPANADAS-RAPRITOS__SJME_DF_14MAYO.xlsx, SALIDAS RAPIFRITOS- mayo 4,2,"PROCESO BIENESTAR ESTUDIANTIL                                                                                                                                                            SUBPROCESO ATENCIÓN SOCIOECONÓMICA | Código: FBE.04 | CONTROL DE PEDIDO Y SALIDAS DE ALMACÉN (BODEGAS) | Versión: 04 | Fecha de Salida de Almacén | Categoría (Marque con X) | dd | mm | aaaa | Alimentos y bebidas | X | 4 | 5 | 2026 | Aseo y productos químicos | Desechables | Unidad de Servicio que solicita: CAFETERIA CAFE PLAZOLETA CAMILO TORRES | Hace referencia a los servicios: Comedores Desayuno, Comedores Almuerzo, Comedores Cena, Combo Saludable Almuerzo, Cafetería Humanitas, Cafetería Akademia, Cafetería Bien estar Bien, Cafetería Campestre, La Cafeteria Bienestar Almuerzos, Bandejas, Desayunos, Mostrador, Servicios Especiales, etc."
EMPANADAS-RAPRITOS__SJME_DF_14MAYO.xlsx,  SALIDAS RAPIFRITOS- mayo 5,0,"PROCESO BIENESTAR ESTUDIANTIL                                                                                                                                                            SUBPROCESO ATENCIÓN SOCIOECONÓMICA | Código: FBE.04 | CONTROL DE PEDIDO Y SALIDAS DE ALMACÉN (BODEGAS) | Versión: 04 | Fecha de Salida de Almacén | Categoría (Marque con X) | dd | mm | aaaa | Alimentos y bebidas | X | 5 | 5 | 2026 | Aseo y productos químicos | Desechables | Unidad de Servicio que solicita:   CAFETERIA ADMINISTRACION 3 / EDIFICIO ADMINISTRACION 3 PISO 6 | Hace referencia a los servicios: Comedores Desayuno, Comedores Almuerzo, Comedores Cena, Combo Saludable Almuerzo, Cafetería Humanitas, Cafetería Akademia, Cafetería Bien estar Bien, Cafetería Campestre, La Cafeteria Bienestar Almuerzos, Bandejas, Desayunos, Mostrador, Servicios Especiales, etc."
EMPANADAS-RAPRITOS__SJME_DF_14MAYO.xlsx,  SALIDAS RAPIFRITOS- mayo 5,1,"PROCESO BIENESTAR ESTUDIANTIL                                                                                                                                                            SUBPROCESO ATENCIÓN SOCIOECONÓMICA | Código: FBE.04 | CONTROL DE PEDIDO Y SALIDAS DE ALMACÉN (BODEGAS) | Versión: 04 | Fecha de Salida de Almacén | Categoría (Marque con X) | dd | mm | aaaa | Alimentos y bebidas | X | 5 | 5 | 2026 | Aseo y productos químicos | Desechables | Unidad de Servicio que solicita:  CAFETERIA BIENESTAR ESTUDIANTIL/ DEDIFICIO BIENESTAR ESTUDIANTIL PISO | Hace referencia a los servicios: Comedores Desayuno, Comedores Almuerzo, Comedores Cena, Combo Saludable Almuerzo, Cafetería Humanitas, Cafetería Akademia, Cafetería Bien estar Bien, Cafetería Campestre, La Cafeteria Bienestar Almuerzos, Bandejas, Desayunos, Mostrador, Servicios Especiales, etc."
EMPANADAS-RAPRITOS__SJME_DF_14MAYO.xlsx,  SALIDAS RAPIFRITOS- mayo 5,2,"PROCESO BIENESTAR ESTUDIANTIL                                                                                                                                                            SUBPROCESO ATENCIÓN SOCIOECONÓMICA | Código: FBE.04 | CONTROL DE PEDIDO Y SALIDAS DE ALMACÉN (BODEGAS) | Versión: 04 | Fecha de Salida de Almacén | Categoría (Marque con X) | dd | mm | aaaa | Alimentos y bebidas | X | 5 | 5 | 2026 | Aseo y productos químicos | Desechables | Unidad de Servicio que solicita: CAFETERIA CAFE PLAZOLETA CAMILO TORRES | Hace referencia a los servicios: Comedores Desayuno, Comedores Almuerzo, Comedores Cena, Combo Saludable Almuerzo, Cafetería Humanitas, Cafetería Akademia, Cafetería Bien estar Bien, Cafetería Campestre, La Cafeteria Bienestar Almuerzos, Bandejas, Desayunos, Mostrador, Servicios Especiales, etc."
EMPANADAS-RAPRITOS__SJME_DF_14MAYO.xlsx,SALIDAS RAPIFRITOS-MAYO 6,0,"PROCESO BIENESTAR ESTUDIANTIL                                                                                                                                                            SUBPROCESO ATENCIÓN SOCIOECONÓMICA | Código: FBE.04 | CONTROL DE PEDIDO Y SALIDAS DE ALMACÉN (BODEGAS) | Versión: 04 | Fecha de Salida de Almacén | Categoría (Marque con X) | dd | mm | aaaa | Alimentos y bebidas | X | 6 | 5 | 2026 | Aseo y productos químicos | Desechables | Unidad de Servicio que solicita:   CAFETERIA ADMINISTRACION 3 / EDIFICIO ADMINISTRACION 3 PISO 6 | Hace referencia a los servicios: Comedores Desayuno, Comedores Almuerzo, Comedores Cena, Combo Saludable Almuerzo, Cafetería Humanitas, Cafetería Akademia, Cafetería Bien estar Bien, Cafetería Campestre, La Cafeteria Bienestar Almuerzos, Bandejas, Desayunos, Mostrador, Servicios Especiales, etc."
EMPANADAS-RAPRITOS__SJME_DF_14MAYO.xlsx,SALIDAS RAPIFRITOS-MAYO 6,1,"PROCESO BIENESTAR ESTUDIANTIL                                                                                                                                                            SUBPROCESO ATENCIÓN SOCIOECONÓMICA | Código: FBE.04 | CONTROL DE PEDIDO Y SALIDAS DE ALMACÉN (BODEGAS) | Versión: 04 | Fecha de Salida de Almacén | Categoría (Marque con X) | dd | mm | aaaa | Alimentos y bebidas | X | 6 | 5 | 2026 | Aseo y productos químicos | Desechables | Unidad de Servicio que solicita:  CAFETERIA BIENESTAR ESTUDIANTIL/ DEDIFICIO BIENESTAR ESTUDIANTIL PISO | Hace referencia a los servicios: Comedores Desayuno, Comedores Almuerzo, Comedores Cena, Combo Saludable Almuerzo, Cafetería Humanitas, Cafetería Akademia, Cafetería Bien estar Bien, Cafetería Campestre, La Cafeteria Bienestar Almuerzos, Bandejas, Desayunos, Mostrador, Servicios Especiales, etc."
EMPANADAS-RAPRITOS__SJME_DF_14MAYO.xlsx,SALIDAS RAPIFRITOS-MAYO 6,2,"PROCESO BIENESTAR ESTUDIANTIL                                                                                                                                                            SUBPROCESO ATENCIÓN SOCIOECONÓMICA | Código: FBE.04 | CONTROL DE PEDIDO Y SALIDAS DE ALMACÉN (BODEGAS) | Versión: 04 | Fecha de Salida de Almacén | Categoría (Marque con X) | dd | mm | aaaa | Alimentos y bebidas | X | 6 | 5 | 2026 | Aseo y productos químicos | Desechables | Unidad de Servicio que solicita: CAFETERIA CAFE PLAZOLETA CAMILO TORRES | Hace referencia a los servicios: Comedores Desayuno, Comedores Almuerzo, Comedores Cena, Combo Saludable Almuerzo, Cafetería Humanitas, Cafetería Akademia, Cafetería Bien estar Bien, Cafetería Campestre, La Cafeteria Bienestar Almuerzos, Bandejas, Desayunos, Mostrador, Servicios Especiales, etc."
EMPANADAS-RAPRITOS__SJME_DF_14MAYO.xlsx, SALIDAS RAPIFRITOS-MAYO 7,0,"PROCESO BIENESTAR ESTUDIANTIL                                                                                                                                                            SUBPROCESO ATENCIÓN SOCIOECONÓMICA | Código: FBE.04 | CONTROL DE PEDIDO Y SALIDAS DE ALMACÉN (BODEGAS) | Versión: 04 | Fecha de Salida de Almacén | Categoría (Marque con X) | dd | mm | aaaa | Alimentos y bebidas | X | 7 | 5 | 2026 | Aseo y productos químicos | Desechables | Unidad de Servicio que solicita:   CAFETERIA ADMINISTRACION 3 / EDIFICIO ADMINISTRACION 3 PISO 6 | Hace referencia a los servicios: Comedores Desayuno, Comedores Almuerzo, Comedores Cena, Combo Saludable Almuerzo, Cafetería Humanitas, Cafetería Akademia, Cafetería Bien estar Bien, Cafetería Campestre, La Cafeteria Bienestar Almuerzos, Bandejas, Desayunos, Mostrador, Servicios Especiales, etc."
EMPANADAS-RAPRITOS__SJME_DF_14MAYO.xlsx, SALIDAS RAPIFRITOS-MAYO 7,1,"PROCESO BIENESTAR ESTUDIANTIL                                                                                                                                                            SUBPROCESO ATENCIÓN SOCIOECONÓMICA | Código: FBE.04 | CONTROL DE PEDIDO Y SALIDAS DE ALMACÉN (BODEGAS) | Versión: 04 | Fecha de Salida de Almacén | Categoría (Marque con X) | dd | mm | aaaa | Alimentos y bebidas | X | 7 | 5 | 2026 | Aseo y productos químicos | Desechables | Unidad de Servicio que solicita:  CAFETERIA BIENESTAR ESTUDIANTIL/ DEDIFICIO BIENESTAR ESTUDIANTIL PISO | Hace referencia a los servicios: Comedores Desayuno, Comedores Almuerzo, Comedores Cena, Combo Saludable Almuerzo, Cafetería Humanitas, Cafetería Akademia, Cafetería Bien estar Bien, Cafetería Campestre, La Cafeteria Bienestar Almuerzos, Bandejas, Desayunos, Mostrador, Servicios Especiales, etc."
EMPANADAS-RAPRITOS__SJME_DF_14MAYO.xlsx, SALIDAS RAPIFRITOS-MAYO 7,2,"PROCESO BIENESTAR ESTUDIANTIL                                                                                                                                                            SUBPROCESO ATENCIÓN SOCIOECONÓMICA | Código: FBE.04 | CONTROL DE PEDIDO Y SALIDAS DE ALMACÉN (BODEGAS) | Versión: 04 | Fecha de Salida de Almacén | Categoría (Marque con X) | dd | mm | aaaa | Alimentos y bebidas | X | 7 | 5 | 2026 | Aseo y productos químicos | Desechables | Unidad de Servicio que solicita: CAFETERIA CAFE PLAZOLETA CAMILO TORRES | Hace referencia a los servicios: Comedores Desayuno, Comedores Almuerzo, Comedores Cena, Combo Saludable Almuerzo, Cafetería Humanitas, Cafetería Akademia, Cafetería Bien estar Bien, Cafetería Campestre, La Cafeteria Bienestar Almuerzos, Bandejas, Desayunos, Mostrador, Servicios Especiales, etc."
EMPANADAS-RAPRITOS__SJME_DF_14MAYO.xlsx, SALIDAS RAPIFRITOS-MAYO 8,0,"PROCESO BIENESTAR ESTUDIANTIL                                                                                                                                                            SUBPROCESO ATENCIÓN SOCIOECONÓMICA | Código: FBE.04 | CONTROL DE PEDIDO Y SALIDAS DE ALMACÉN (BODEGAS) | Versión: 04 | Fecha de Salida de Almacén | Categoría (Marque con X) | dd | mm | aaaa | Alimentos y bebidas | X | 8 | 5 | 2026 | Aseo y productos químicos | Desechables | Unidad de Servicio que solicita:   CAFETERIA ADMINISTRACION 3 / EDIFICIO ADMINISTRACION 3 PISO 6 | Hace referencia a los servicios: Comedores Desayuno, Comedores Almuerzo, Comedores Cena, Combo Saludable Almuerzo, Cafetería Humanitas, Cafetería Akademia, Cafetería Bien estar Bien, Cafetería Campestre, La Cafeteria Bienestar Almuerzos, Bandejas, Desayunos, Mostrador, Servicios Especiales, etc."
EMPANADAS-RAPRITOS__SJME_DF_14MAYO.xlsx, SALIDAS RAPIFRITOS-MAYO 8,1,"PROCESO BIENESTAR ESTUDIANTIL                                                                                                                                                            SUBPROCESO ATENCIÓN SOCIOECONÓMICA | Código: FBE.04 | CONTROL DE PEDIDO Y SALIDAS DE ALMACÉN (BODEGAS) | Versión: 04 | Fecha de Salida de Almacén | Categoría (Marque con X) | dd | mm | aaaa | Alimentos y bebidas | X | 8 | 5 | 2026 | Aseo y productos químicos | Desechables | Unidad de Servicio que solicita:  CAFETERIA BIENESTAR ESTUDIANTIL/ DEDIFICIO BIENESTAR ESTUDIANTIL PISO | Hace referencia a los servicios: Comedores Desayuno, Comedores Almuerzo, Comedores Cena, Combo Saludable Almuerzo, Cafetería Humanitas, Cafetería Akademia, Cafetería Bien estar Bien, Cafetería Campestre, La Cafeteria Bienestar Almuerzos, Bandejas, Desayunos, Mostrador, Servicios Especiales, etc."
EMPANADAS-RAPRITOS__SJME_DF_14MAYO.xlsx, SALIDAS RAPIFRITOS-MAYO 8,2,"PROCESO BIENESTAR ESTUDIANTIL                                                                                                                                                            SUBPROCESO ATENCIÓN SOCIOECONÓMICA | Código: FBE.04 | CONTROL DE PEDIDO Y SALIDAS DE ALMACÉN (BODEGAS) | Versión: 04 | Fecha de Salida de Almacén | Categoría (Marque con X) | dd | mm | aaaa | Alimentos y bebidas | X | 8 | 5 | 2026 | Aseo y productos químicos | Desechables | Unidad de Servicio que solicita: CAFETERIA CAFE PLAZOLETA CAMILO TORRES | Hace referencia a los servicios: Comedores Desayuno, Comedores Almuerzo, Comedores Cena, Combo Saludable Almuerzo, Cafetería Humanitas, Cafetería Akademia, Cafetería Bien estar Bien, Cafetería Campestre, La Cafeteria Bienestar Almuerzos, Bandejas, Desayunos, Mostrador, Servicios Especiales, etc."
EMPANADAS-RAPRITOS__SJME_DF_14MAYO.xlsx,SALIDAS RAPIFRITOS-MAYO 11 ,0,"PROCESO BIENESTAR ESTUDIANTIL                                                                                                                                                            SUBPROCESO ATENCIÓN SOCIOECONÓMICA | Código: FBE.04 | CONTROL DE PEDIDO Y SALIDAS DE ALMACÉN (BODEGAS) | Versión: 04 | Fecha de Salida de Almacén | Categoría (Marque con X) | dd | mm | aaaa | Alimentos y bebidas | X | 11 | 5 | 2026 | Aseo y productos químicos | Desechables | Unidad de Servicio que solicita:   CAFETERIA ADMINISTRACION 3 / EDIFICIO ADMINISTRACION 3 PISO 6 | Hace referencia a los servicios: Comedores Desayuno, Comedores Almuerzo, Comedores Cena, Combo Saludable Almuerzo, Cafetería Humanitas, Cafetería Akademia, Cafetería Bien estar Bien, Cafetería Campestre, La Cafeteria Bienestar Almuerzos, Bandejas, Desayunos, Mostrador, Servicios Especiales, etc."
EMPANADAS-RAPRITOS__SJME_DF_14MAYO.xlsx,SALIDAS RAPIFRITOS-MAYO 11 ,1,"PROCESO BIENESTAR ESTUDIANTIL                                                                                                                                                            SUBPROCESO ATENCIÓN SOCIOECONÓMICA | Código: FBE.04 | CONTROL DE PEDIDO Y SALIDAS DE ALMACÉN (BODEGAS) | Versión: 04 | Fecha de Salida de Almacén | Categoría (Marque con X) | dd | mm | aaaa | Alimentos y bebidas | X | 11 | 5 | 2026 | Aseo y productos químicos | Desechables | Unidad de Servicio que solicita:  CAFETERIA BIENESTAR ESTUDIANTIL/ DEDIFICIO BIENESTAR ESTUDIANTIL PISO | Hace referencia a los servicios: Comedores Desayuno, Comedores Almuerzo, Comedores Cena, Combo Saludable Almuerzo, Cafetería Humanitas, Cafetería Akademia, Cafetería Bien estar Bien, Cafetería Campestre, La Cafeteria Bienestar Almuerzos, Bandejas, Desayunos, Mostrador, Servicios Especiales, etc."
EMPANADAS-RAPRITOS__SJME_DF_14MAYO.xlsx,SALIDAS RAPIFRITOS-MAYO 11 ,2,"PROCESO BIENESTAR ESTUDIANTIL                                                                                                                                                            SUBPROCESO ATENCIÓN SOCIOECONÓMICA | Código: FBE.04 | CONTROL DE PEDIDO Y SALIDAS DE ALMACÉN (BODEGAS) | Versión: 04 | Fecha de Salida de Almacén | Categoría (Marque con X) | dd | mm | aaaa | Alimentos y bebidas | X | 11 | 5 | 2026 | Aseo y productos químicos | Desechables | Unidad de Servicio que solicita: CAFETERIA CAFE PLAZOLETA CAMILO TORRES | Hace referencia a los servicios: Comedores Desayuno, Comedores Almuerzo, Comedores Cena, Combo Saludable Almuerzo, Cafetería Humanitas, Cafetería Akademia, Cafetería Bien estar Bien, Cafetería Campestre, La Cafeteria Bienestar Almuerzos, Bandejas, Desayunos, Mostrador, Servicios Especiales, etc."
EMPANADAS-RAPRITOS__SJME_DF_14MAYO.xlsx,SALIDAS RAPIFRITOS-MAYO 12,0,"PROCESO BIENESTAR ESTUDIANTIL                                                                                                                                                            SUBPROCESO ATENCIÓN SOCIOECONÓMICA | Código: FBE.04 | CONTROL DE PEDIDO Y SALIDAS DE ALMACÉN (BODEGAS) | Versión: 04 | Fecha de Salida de Almacén | Categoría (Marque con X) | dd | mm | aaaa | Alimentos y bebidas | X | 12 | 5 | 2026 | Aseo y productos químicos | Desechables | Unidad de Servicio que solicita:   CAFETERIA ADMINISTRACION 3 / EDIFICIO ADMINISTRACION 3 PISO 6 | Hace referencia a los servicios: Comedores Desayuno, Comedores Almuerzo, Comedores Cena, Combo Saludable Almuerzo, Cafetería Humanitas, Cafetería Akademia, Cafetería Bien estar Bien, Cafetería Campestre, La Cafeteria Bienestar Almuerzos, Bandejas, Desayunos, Mostrador, Servicios Especiales, etc."
EMPANADAS-RAPRITOS__SJME_DF_14MAYO.xlsx,SALIDAS RAPIFRITOS-MAYO 12,1,"PROCESO BIENESTAR ESTUDIANTIL                                                                                                                                                            SUBPROCESO ATENCIÓN SOCIOECONÓMICA | Código: FBE.04 | CONTROL DE PEDIDO Y SALIDAS DE ALMACÉN (BODEGAS) | Versión: 04 | Fecha de Salida de Almacén | Categoría (Marque con X) | dd | mm | aaaa | Alimentos y bebidas | X | 12 | 5 | 2026 | Aseo y productos químicos | Desechables | Unidad de Servicio que solicita:  CAFETERIA BIENESTAR ESTUDIANTIL/ DEDIFICIO BIENESTAR ESTUDIANTIL PISO | Hace referencia a los servicios: Comedores Desayuno, Comedores Almuerzo, Comedores Cena, Combo Saludable Almuerzo, Cafetería Humanitas, Cafetería Akademia, Cafetería Bien estar Bien, Cafetería Campestre, La Cafeteria Bienestar Almuerzos, Bandejas, Desayunos, Mostrador, Servicios Especiales, etc."
EMPANADAS-RAPRITOS__SJME_DF_14MAYO.xlsx,SALIDAS RAPIFRITOS-MAYO 12,2,"PROCESO BIENESTAR ESTUDIANTIL                                                                                                                                                            SUBPROCESO ATENCIÓN SOCIOECONÓMICA | Código: FBE.04 | CONTROL DE PEDIDO Y SALIDAS DE ALMACÉN (BODEGAS) | Versión: 04 | Fecha de Salida de Almacén | Categoría (Marque con X) | dd | mm | aaaa | Alimentos y bebidas | X | 12 | 5 | 2026 | Aseo y productos químicos | Desechables | Unidad de Servicio que solicita: CAFETERIA CAFE PLAZOLETA CAMILO TORRES | Hace referencia a los servicios: Comedores Desayuno, Comedores Almuerzo, Comedores Cena, Combo Saludable Almuerzo, Cafetería Humanitas, Cafetería Akademia, Cafetería Bien estar Bien, Cafetería Campestre, La Cafeteria Bienestar Almuerzos, Bandejas, Desayunos, Mostrador, Servicios Especiales, etc."
EMPANADAS-RAPRITOS__SJME_DF_14MAYO.xlsx,SALIDAS RAPIFRITOS-MAYO 13,0,"PROCESO BIENESTAR ESTUDIANTIL                                                                                                                                                            SUBPROCESO ATENCIÓN SOCIOECONÓMICA | Código: FBE.04 | CONTROL DE PEDIDO Y SALIDAS DE ALMACÉN (BODEGAS) | Versión: 04 | Fecha de Salida de Almacén | Categoría (Marque con X) | dd | mm | aaaa | Alimentos y bebidas | X | 13 | 5 | 2026 | Aseo y productos químicos | Desechables | Unidad de Servicio que solicita: CAFETERIA CAFE PLAZOLETA CAMILO TORRES | Hace referencia a los servicios: Comedores Desayuno, Comedores Almuerzo, Comedores Cena, Combo Saludable Almuerzo, Cafetería Humanitas, Cafetería Akademia, Cafetería Bien estar Bien, Cafetería Campestre, La Cafeteria Bienestar Almuerzos, Bandejas, Desayunos, Mostrador, Servicios Especiales, etc."
EMPANADAS-RAPRITOS__SJME_DF_14MAYO.xlsx,SALIDAS RAPIFRITOS-MAYO 13,1,"PROCESO BIENESTAR ESTUDIANTIL                                                                                                                                                            SUBPROCESO ATENCIÓN SOCIOECONÓMICA | Código: FBE.04 | CONTROL DE PEDIDO Y SALIDAS DE ALMACÉN (BODEGAS) | Versión: 04 | Fecha de Salida de Almacén | Categoría (Marque con X) | dd | mm | aaaa | Alimentos y bebidas | X | 13 | 5 | 2026 | Aseo y productos químicos | Desechables | Unidad de Servicio que solicita:  CAFETERIA BIENESTAR ESTUDIANTIL/ DEDIFICIO BIENESTAR ESTUDIANTIL PISO | Hace referencia a los servicios: Comedores Desayuno, Comedores Almuerzo, Comedores Cena, Combo Saludable Almuerzo, Cafetería Humanitas, Cafetería Akademia, Cafetería Bien estar Bien, Cafetería Campestre, La Cafeteria Bienestar Almuerzos, Bandejas, Desayunos, Mostrador, Servicios Especiales, etc."
EMPANADAS-RAPRITOS__SJME_DF_14MAYO.xlsx,SALIDAS RAPIFRITOS-MAYO 13,2,"PROCESO BIENESTAR ESTUDIANTIL                                                                                                                                                            SUBPROCESO ATENCIÓN SOCIOECONÓMICA | Código: FBE.04 | CONTROL DE PEDIDO Y SALIDAS DE ALMACÉN (BODEGAS) | Versión: 04 | Fecha de Salida de Almacén | Categoría (Marque con X) | dd | mm | aaaa | Alimentos y bebidas | X | 13 | 5 | 2026 | Aseo y productos químicos | Desechables | Unidad de Servicio que solicita: CAFETERIA CAFE PLAZOLETA CAMILO TORRES | Hace referencia a los servicios: Comedores Desayuno, Comedores Almuerzo, Comedores Cena, Combo Saludable Almuerzo, Cafetería Humanitas, Cafetería Akademia, Cafetería Bien estar Bien, Cafetería Campestre, La Cafeteria Bienestar Almuerzos, Bandejas, Desayunos, Mostrador, Servicios Especiales, etc."
EMPANADAS-RAPRITOS__SJME_DF_14MAYO.xlsx,SALIDAS RAPIFRITOS-MAYO 14,0,"PROCESO BIENESTAR ESTUDIANTIL                                                                                                                                                            SUBPROCESO ATENCIÓN SOCIOECONÓMICA | Código: FBE.04 | CONTROL DE PEDIDO Y SALIDAS DE ALMACÉN (BODEGAS) | Versión: 04 | Fecha de Salida de Almacén | Categoría (Marque con X) | dd | mm | aaaa | Alimentos y bebidas | X | 14 | 5 | 2026 | Aseo y productos químicos | Desechables | Unidad de Servicio que solicita: CAFETERIA CAFE PLAZOLETA CAMILO TORRES | Hace referencia a los servicios: Comedores Desayuno, Comedores Almuerzo, Comedores Cena, Combo Saludable Almuerzo, Cafetería Humanitas, Cafetería Akademia, Cafetería Bien estar Bien, Cafetería Campestre, La Cafeteria Bienestar Almuerzos, Bandejas, Desayunos, Mostrador, Servicios Especiales, etc."
EMPANADAS-RAPRITOS__SJME_DF_14MAYO.xlsx,SALIDAS RAPIFRITOS-MAYO 14,1,"PROCESO BIENESTAR ESTUDIANTIL                                                                                                                                                            SUBPROCESO ATENCIÓN SOCIOECONÓMICA | Código: FBE.04 | CONTROL DE PEDIDO Y SALIDAS DE ALMACÉN (BODEGAS) | Versión: 04 | Fecha de Salida de Almacén | Categoría (Marque con X) | dd | mm | aaaa | Alimentos y bebidas | X | 14 | 5 | 2026 | Aseo y productos químicos | Desechables | Unidad de Servicio que solicita:  CAFETERIA BIENESTAR ESTUDIANTIL/ DEDIFICIO BIENESTAR ESTUDIANTIL PISO | Hace referencia a los servicios: Comedores Desayuno, Comedores Almuerzo, Comedores Cena, Combo Saludable Almuerzo, Cafetería Humanitas, Cafetería Akademia, Cafetería Bien estar Bien, Cafetería Campestre, La Cafeteria Bienestar Almuerzos, Bandejas, Desayunos, Mostrador, Servicios Especiales, etc."
EMPANADAS-RAPRITOS__SJME_DF_14MAYO.xlsx,SALIDAS RAPIFRITOS-MAYO 14,2,"PROCESO BIENESTAR ESTUDIANTIL                                                                                                                                                            SUBPROCESO ATENCIÓN SOCIOECONÓMICA | Código: FBE.04 | CONTROL DE PEDIDO Y SALIDAS DE ALMACÉN (BODEGAS) | Versión: 04 | Fecha de Salida de Almacén | Categoría (Marque con X) | dd | mm | aaaa | Alimentos y bebidas | X | 14 | 5 | 2026 | Aseo y productos químicos | Desechables | Unidad de Servicio que solicita: CAFETERIA CAFE PLAZOLETA CAMILO TORRES | Hace referencia a los servicios: Comedores Desayuno, Comedores Almuerzo, Comedores Cena, Combo Saludable Almuerzo, Cafetería Humanitas, Cafetería Akademia, Cafetería Bien estar Bien, Cafetería Campestre, La Cafeteria Bienestar Almuerzos, Bandejas, Desayunos, Mostrador, Servicios Especiales, etc."
EMPANADAS-RAPRITOS__SJME_DF_14MAYO.xlsx,SALIDAS RAPIFRITOS-MAYO 15,0,"PROCESO BIENESTAR ESTUDIANTIL                                                                                                                                                            SUBPROCESO ATENCIÓN SOCIOECONÓMICA | Código: FBE.04 | CONTROL DE PEDIDO Y SALIDAS DE ALMACÉN (BODEGAS) | Versión: 04 | Fecha de Salida de Almacén | Categoría (Marque con X) | dd | mm | aaaa | Alimentos y bebidas | X | 19 | 5 | 2026 | Aseo y productos químicos | Desechables | Unidad de Servicio que solicita: CAFETERIA CAFE PLAZOLETA CAMILO TORRES | Hace referencia a los servicios: Comedores Desayuno, Comedores Almuerzo, Comedores Cena, Combo Saludable Almuerzo, Cafetería Humanitas, Cafetería Akademia, Cafetería Bien estar Bien, Cafetería Campestre, La Cafeteria Bienestar Almuerzos, Bandejas, Desayunos, Mostrador, Servicios Especiales, etc."
EMPANADAS-RAPRITOS__SJME_DF_14MAYO.xlsx,SALIDAS RAPIFRITOS-MAYO 15,1,"PROCESO BIENESTAR ESTUDIANTIL                                                                                                                                                            SUBPROCESO ATENCIÓN SOCIOECONÓMICA | Código: FBE.04 | CONTROL DE PEDIDO Y SALIDAS DE ALMACÉN (BODEGAS) | Versión: 04 | Fecha de Salida de Almacén | Categoría (Marque con X) | dd | mm | aaaa | Alimentos y bebidas | X | 15 | 5 | 2026 | Aseo y productos químicos | Desechables | Unidad de Servicio que solicita:  CAFETERIA BIENESTAR ESTUDIANTIL/ DEDIFICIO BIENESTAR ESTUDIANTIL PISO | Hace referencia a los servicios: Comedores Desayuno, Comedores Almuerzo, Comedores Cena, Combo Saludable Almuerzo, Cafetería Humanitas, Cafetería Akademia, Cafetería Bien estar Bien, Cafetería Campestre, La Cafeteria Bienestar Almuerzos, Bandejas, Desayunos, Mostrador, Servicios Especiales, etc."
EMPANADAS-RAPRITOS__SJME_DF_14MAYO.xlsx,SALIDAS RAPIFRITOS-MAYO 15,2,"PROCESO BIENESTAR ESTUDIANTIL                                                                                                                                                            SUBPROCESO ATENCIÓN SOCIOECONÓMICA | Código: FBE.04 | CONTROL DE PEDIDO Y SALIDAS DE ALMACÉN (BODEGAS) | Versión: 04 | Fecha de Salida de Almacén | Categoría (Marque con X) | dd | mm | aaaa | Alimentos y bebidas | X | 15 | 5 | 2026 | Aseo y productos químicos | Desechables | Unidad de Servicio que solicita: CAFETERIA CAFE PLAZOLETA CAMILO TORRES | Hace referencia a los servicios: Comedores Desayuno, Comedores Almuerzo, Comedores Cena, Combo Saludable Almuerzo, Cafetería Humanitas, Cafetería Akademia, Cafetería Bien estar Bien, Cafetería Campestre, La Cafeteria Bienestar Almuerzos, Bandejas, Desayunos, Mostrador, Servicios Especiales, etc."
EMPANADAS-RAPRITOS__SJME_DF_14MAYO.xlsx,SALIDAS RAPIFRITOS-MAYO 19,0,"PROCESO BIENESTAR ESTUDIANTIL                                                                                                                                                            SUBPROCESO ATENCIÓN SOCIOECONÓMICA | Código: FBE.04 | CONTROL DE PEDIDO Y SALIDAS DE ALMACÉN (BODEGAS) | Versión: 04 | Fecha de Salida de Almacén | Categoría (Marque con X) | dd | mm | aaaa | Alimentos y bebidas | X | 19 | 5 | 2026 | Aseo y productos químicos | Desechables | Unidad de Servicio que solicita:   CAFETERIA ADMINISTRACION 3 / EDIFICIO ADMINISTRACION 3 PISO 6 | Hace referencia a los servicios: Comedores Desayuno, Comedores Almuerzo, Comedores Cena, Combo Saludable Almuerzo, Cafetería Humanitas, Cafetería Akademia, Cafetería Bien estar Bien, Cafetería Campestre, La Cafeteria Bienestar Almuerzos, Bandejas, Desayunos, Mostrador, Servicios Especiales, etc."
EMPANADAS-RAPRITOS__SJME_DF_14MAYO.xlsx,SALIDAS RAPIFRITOS-MAYO 19,1,"PROCESO BIENESTAR ESTUDIANTIL                                                                                                                                                            SUBPROCESO ATENCIÓN SOCIOECONÓMICA | Código: FBE.04 | CONTROL DE PEDIDO Y SALIDAS DE ALMACÉN (BODEGAS) | Versión: 04 | Fecha de Salida de Almacén | Categoría (Marque con X) | dd | mm | aaaa | Alimentos y bebidas | X | 19 | 5 | 2026 | Aseo y productos químicos | Desechables | Unidad de Servicio que solicita:  CAFETERIA BIENESTAR ESTUDIANTIL/ DEDIFICIO BIENESTAR ESTUDIANTIL PISO | Hace referencia a los servicios: Comedores Desayuno, Comedores Almuerzo, Comedores Cena, Combo Saludable Almuerzo, Cafetería Humanitas, Cafetería Akademia, Cafetería Bien estar Bien, Cafetería Campestre, La Cafeteria Bienestar Almuerzos, Bandejas, Desayunos, Mostrador, Servicios Especiales, etc."
EMPANADAS-RAPRITOS__SJME_DF_14MAYO.xlsx,SALIDAS RAPIFRITOS-MAYO 19,2,"PROCESO BIENESTAR ESTUDIANTIL                                                                                                                                                            SUBPROCESO ATENCIÓN SOCIOECONÓMICA | Código: FBE.04 | CONTROL DE PEDIDO Y SALIDAS DE ALMACÉN (BODEGAS) | Versión: 04 | Fecha de Salida de Almacén | Categoría (Marque con X) | dd | mm | aaaa | Alimentos y bebidas | X | 19 | 5 | 2026 | Aseo y productos químicos | Desechables | Unidad de Servicio que solicita: CAFETERIA CAFE PLAZOLETA CAMILO TORRES | Hace referencia a los servicios: Comedores Desayuno, Comedores Almuerzo, Comedores Cena, Combo Saludable Almuerzo, Cafetería Humanitas, Cafetería Akademia, Cafetería Bien estar Bien, Cafetería Campestre, La Cafeteria Bienestar Almuerzos, Bandejas, Desayunos, Mostrador, Servicios Especiales, etc."
EMPANADAS-RAPRITOS__SJME_DF_14MAYO.xlsx,SALIDAS RAPIFRITOS-MAYO 20,0,"PROCESO BIENESTAR ESTUDIANTIL                                                                                                                                                            SUBPROCESO ATENCIÓN SOCIOECONÓMICA | Código: FBE.04 | CONTROL DE PEDIDO Y SALIDAS DE ALMACÉN (BODEGAS) | Versión: 04 | Fecha de Salida de Almacén | Categoría (Marque con X) | dd | mm | aaaa | Alimentos y bebidas | X | 20 | 5 | 2026 | Aseo y productos químicos | Desechables | Unidad de Servicio que solicita:   CAFETERIA ADMINISTRACION 3 / EDIFICIO ADMINISTRACION 3 PISO 6 | Hace referencia a los servicios: Comedores Desayuno, Comedores Almuerzo, Comedores Cena, Combo Saludable Almuerzo, Cafetería Humanitas, Cafetería Akademia, Cafetería Bien estar Bien, Cafetería Campestre, La Cafeteria Bienestar Almuerzos, Bandejas, Desayunos, Mostrador, Servicios Especiales, etc."
EMPANADAS-RAPRITOS__SJME_DF_14MAYO.xlsx,SALIDAS RAPIFRITOS-MAYO 20,1,"PROCESO BIENESTAR ESTUDIANTIL                                                                                                                                                            SUBPROCESO ATENCIÓN SOCIOECONÓMICA | Código: FBE.04 | CONTROL DE PEDIDO Y SALIDAS DE ALMACÉN (BODEGAS) | Versión: 04 | Fecha de Salida de Almacén | Categoría (Marque con X) | dd | mm | aaaa | Alimentos y bebidas | X | 20 | 5 | 2026 | Aseo y productos químicos | Desechables | Unidad de Servicio que solicita:  CAFETERIA BIENESTAR ESTUDIANTIL/ DEDIFICIO BIENESTAR ESTUDIANTIL PISO | Hace referencia a los servicios: Comedores Desayuno, Comedores Almuerzo, Comedores Cena, Combo Saludable Almuerzo, Cafetería Humanitas, Cafetería Akademia, Cafetería Bien estar Bien, Cafetería Campestre, La Cafeteria Bienestar Almuerzos, Bandejas, Desayunos, Mostrador, Servicios Especiales, etc."
EMPANADAS-RAPRITOS__SJME_DF_14MAYO.xlsx,SALIDAS RAPIFRITOS-MAYO 20,2,"PROCESO BIENESTAR ESTUDIANTIL                                                                                                                                                            SUBPROCESO ATENCIÓN SOCIOECONÓMICA | Código: FBE.04 | CONTROL DE PEDIDO Y SALIDAS DE ALMACÉN (BODEGAS) | Versión: 04 | Fecha de Salida de Almacén | Categoría (Marque con X) | dd | mm | aaaa | Alimentos y bebidas | X | 20 | 5 | 2026 | Aseo y productos químicos | Desechables | Unidad de Servicio que solicita: CAFETERIA CAFE PLAZOLETA CAMILO TORRES | Hace referencia a los servicios: Comedores Desayuno, Comedores Almuerzo, Comedores Cena, Combo Saludable Almuerzo, Cafetería Humanitas, Cafetería Akademia, Cafetería Bien estar Bien, Cafetería Campestre, La Cafeteria Bienestar Almuerzos, Bandejas, Desayunos, Mostrador, Servicios Especiales, etc."
EMPANADAS-RAPRITOS__SJME_DF_14MAYO.xlsx,SALIDAS RAPIFRITOS-MAYO 21,0,"PROCESO BIENESTAR ESTUDIANTIL                                                                                                                                                            SUBPROCESO ATENCIÓN SOCIOECONÓMICA | Código: FBE.04 | CONTROL DE PEDIDO Y SALIDAS DE ALMACÉN (BODEGAS) | Versión: 04 | Fecha de Salida de Almacén | Categoría (Marque con X) | dd | mm | aaaa | Alimentos y bebidas | X | 21 | 5 | 2026 | Aseo y productos químicos | Desechables | Unidad de Servicio que solicita:   CAFETERIA ADMINISTRACION 3 / EDIFICIO ADMINISTRACION 3 PISO 6 | Hace referencia a los servicios: Comedores Desayuno, Comedores Almuerzo, Comedores Cena, Combo Saludable Almuerzo, Cafetería Humanitas, Cafetería Akademia, Cafetería Bien estar Bien, Cafetería Campestre, La Cafeteria Bienestar Almuerzos, Bandejas, Desayunos, Mostrador, Servicios Especiales, etc."
EMPANADAS-RAPRITOS__SJME_DF_14MAYO.xlsx,SALIDAS RAPIFRITOS-MAYO 21,1,"PROCESO BIENESTAR ESTUDIANTIL                                                                                                                                                            SUBPROCESO ATENCIÓN SOCIOECONÓMICA | Código: FBE.04 | CONTROL DE PEDIDO Y SALIDAS DE ALMACÉN (BODEGAS) | Versión: 04 | Fecha de Salida de Almacén | Categoría (Marque con X) | dd | mm | aaaa | Alimentos y bebidas | X | 21 | 5 | 2026 | Aseo y productos químicos | Desechables | Unidad de Servicio que solicita:  CAFETERIA BIENESTAR ESTUDIANTIL/ DEDIFICIO BIENESTAR ESTUDIANTIL PISO | Hace referencia a los servicios: Comedores Desayuno, Comedores Almuerzo, Comedores Cena, Combo Saludable Almuerzo, Cafetería Humanitas, Cafetería Akademia, Cafetería Bien estar Bien, Cafetería Campestre, La Cafeteria Bienestar Almuerzos, Bandejas, Desayunos, Mostrador, Servicios Especiales, etc."
EMPANADAS-RAPRITOS__SJME_DF_14MAYO.xlsx,SALIDAS RAPIFRITOS-MAYO 21,2,"PROCESO BIENESTAR ESTUDIANTIL                                                                                                                                                            SUBPROCESO ATENCIÓN SOCIOECONÓMICA | Código: FBE.04 | CONTROL DE PEDIDO Y SALIDAS DE ALMACÉN (BODEGAS) | Versión: 04 | Fecha de Salida de Almacén | Categoría (Marque con X) | dd | mm | aaaa | Alimentos y bebidas | X | 21 | 5 | 2026 | Aseo y productos químicos | Desechables | Unidad de Servicio que solicita: CAFETERIA CAFE PLAZOLETA CAMILO TORRES | Hace referencia a los servicios: Comedores Desayuno, Comedores Almuerzo, Comedores Cena, Combo Saludable Almuerzo, Cafetería Humanitas, Cafetería Akademia, Cafetería Bien estar Bien, Cafetería Campestre, La Cafeteria Bienestar Almuerzos, Bandejas, Desayunos, Mostrador, Servicios Especiales, etc."
EMPANADAS-RAPRITOS__SJME_DF_14MAYO.xlsx,SALIDAS RAPIFRITOS-MAYO 22,0,"PROCESO BIENESTAR ESTUDIANTIL                                                                                                                                                            SUBPROCESO ATENCIÓN SOCIOECONÓMICA | Código: FBE.04 | CONTROL DE PEDIDO Y SALIDAS DE ALMACÉN (BODEGAS) | Versión: 04 | Fecha de Salida de Almacén | Categoría (Marque con X) | dd | mm | aaaa | Alimentos y bebidas | X | 21 | 5 | 2026 | Aseo y productos químicos | Desechables | Unidad de Servicio que solicita:   CAFETERIA ADMINISTRACION 3 / EDIFICIO ADMINISTRACION 3 PISO 6 | Hace referencia a los servicios: Comedores Desayuno, Comedores Almuerzo, Comedores Cena, Combo Saludable Almuerzo, Cafetería Humanitas, Cafetería Akademia, Cafetería Bien estar Bien, Cafetería Campestre, La Cafeteria Bienestar Almuerzos, Bandejas, Desayunos, Mostrador, Servicios Especiales, etc."
EMPANADAS-RAPRITOS__SJME_DF_14MAYO.xlsx,SALIDAS RAPIFRITOS-MAYO 22,1,"PROCESO BIENESTAR ESTUDIANTIL                                                                                                                                                            SUBPROCESO ATENCIÓN SOCIOECONÓMICA | Código: FBE.04 | CONTROL DE PEDIDO Y SALIDAS DE ALMACÉN (BODEGAS) | Versión: 04 | Fecha de Salida de Almacén | Categoría (Marque con X) | dd | mm | aaaa | Alimentos y bebidas | X | 22 | 5 | 2026 | Aseo y productos químicos | Desechables | Unidad de Servicio que solicita:  CAFETERIA BIENESTAR ESTUDIANTIL/ DEDIFICIO BIENESTAR ESTUDIANTIL PISO | Hace referencia a los servicios: Comedores Desayuno, Comedores Almuerzo, Comedores Cena, Combo Saludable Almuerzo, Cafetería Humanitas, Cafetería Akademia, Cafetería Bien estar Bien, Cafetería Campestre, La Cafeteria Bienestar Almuerzos, Bandejas, Desayunos, Mostrador, Servicios Especiales, etc."
EMPANADAS-RAPRITOS__SJME_DF_14MAYO.xlsx,SALIDAS RAPIFRITOS-MAYO 22,2,"PROCESO BIENESTAR ESTUDIANTIL                                                                                                                                                            SUBPROCESO ATENCIÓN SOCIOECONÓMICA | Código: FBE.04 | CONTROL DE PEDIDO Y SALIDAS DE ALMACÉN (BODEGAS) | Versión: 04 | Fecha de Salida de Almacén | Categoría (Marque con X) | dd | mm | aaaa | Alimentos y bebidas | X | 22 | 5 | 2026 | Aseo y productos químicos | Desechables | Unidad de Servicio que solicita: CAFETERIA CAFE PLAZOLETA CAMILO TORRES | Hace referencia a los servicios: Comedores Desayuno, Comedores Almuerzo, Comedores Cena, Combo Saludable Almuerzo, Cafetería Humanitas, Cafetería Akademia, Cafetería Bien estar Bien, Cafetería Campestre, La Cafeteria Bienestar Almuerzos, Bandejas, Desayunos, Mostrador, Servicios Especiales, etc."
EMPANADAS-RAPRITOS__SJME_DF_14MAYO.xlsx,SALIDAS RAPIFRITOS-MAYO 25,0,"PROCESO BIENESTAR ESTUDIANTIL                                                                                                                                                            SUBPROCESO ATENCIÓN SOCIOECONÓMICA | Código: FBE.04 | CONTROL DE PEDIDO Y SALIDAS DE ALMACÉN (BODEGAS) | Versión: 04 | Fecha de Salida de Almacén | Categoría (Marque con X) | dd | mm | aaaa | Alimentos y bebidas | X | 25 | 5 | 2026 | Aseo y productos químicos | Desechables | Unidad de Servicio que solicita:   CAFETERIA ADMINISTRACION 3 / EDIFICIO ADMINISTRACION 3 PISO 6 | Hace referencia a los servicios: Comedores Desayuno, Comedores Almuerzo, Comedores Cena, Combo Saludable Almuerzo, Cafetería Humanitas, Cafetería Akademia, Cafetería Bien estar Bien, Cafetería Campestre, La Cafeteria Bienestar Almuerzos, Bandejas, Desayunos, Mostrador, Servicios Especiales, etc."
EMPANADAS-RAPRITOS__SJME_DF_14MAYO.xlsx,SALIDAS RAPIFRITOS-MAYO 25,1,"PROCESO BIENESTAR ESTUDIANTIL                                                                                                                                                            SUBPROCESO ATENCIÓN SOCIOECONÓMICA | Código: FBE.04 | CONTROL DE PEDIDO Y SALIDAS DE ALMACÉN (BODEGAS) | Versión: 04 | Fecha de Salida de Almacén | Categoría (Marque con X) | dd | mm | aaaa | Alimentos y bebidas | X | 25 | 5 | 2026 | Aseo y productos químicos | Desechables | Unidad de Servicio que solicita:  CAFETERIA BIENESTAR ESTUDIANTIL/ DEDIFICIO BIENESTAR ESTUDIANTIL PISO | Hace referencia a los servicios: Comedores Desayuno, Comedores Almuerzo, Comedores Cena, Combo Saludable Almuerzo, Cafetería Humanitas, Cafetería Akademia, Cafetería Bien estar Bien, Cafetería Campestre, La Cafeteria Bienestar Almuerzos, Bandejas, Desayunos, Mostrador, Servicios Especiales, etc."
EMPANADAS-RAPRITOS__SJME_DF_14MAYO.xlsx,SALIDAS RAPIFRITOS-MAYO 25,2,"PROCESO BIENESTAR ESTUDIANTIL                                                                                                                                                            SUBPROCESO ATENCIÓN SOCIOECONÓMICA | Código: FBE.04 | CONTROL DE PEDIDO Y SALIDAS DE ALMACÉN (BODEGAS) | Versión: 04 | Fecha de Salida de Almacén | Categoría (Marque con X) | dd | mm | aaaa | Alimentos y bebidas | X | 25 | 5 | 2026 | Aseo y productos químicos | Desechables | Unidad de Servicio que solicita: CAFETERIA CAFE PLAZOLETA CAMILO TORRES | Hace referencia a los servicios: Comedores Desayuno, Comedores Almuerzo, Comedores Cena, Combo Saludable Almuerzo, Cafetería Humanitas, Cafetería Akademia, Cafetería Bien estar Bien, Cafetería Campestre, La Cafeteria Bienestar Almuerzos, Bandejas, Desayunos, Mostrador, Servicios Especiales, etc."
EMPANADAS-RAPRITOS__SJME_DF_14MAYO.xlsx,SALIDAS RAPIFRITOS-MAYO 26,0,"PROCESO BIENESTAR ESTUDIANTIL                                                                                                                                                            SUBPROCESO ATENCIÓN SOCIOECONÓMICA | Código: FBE.04 | CONTROL DE PEDIDO Y SALIDAS DE ALMACÉN (BODEGAS) | Versión: 04 | Fecha de Salida de Almacén | Categoría (Marque con X) | dd | mm | aaaa | Alimentos y bebidas | X | 26 | 5 | 2026 | Aseo y productos químicos | Desechables | Unidad de Servicio que solicita:   CAFETERIA ADMINISTRACION 3 / EDIFICIO ADMINISTRACION 3 PISO 6 | Hace referencia a los servicios: Comedores Desayuno, Comedores Almuerzo, Comedores Cena, Combo Saludable Almuerzo, Cafetería Humanitas, Cafetería Akademia, Cafetería Bien estar Bien, Cafetería Campestre, La Cafeteria Bienestar Almuerzos, Bandejas, Desayunos, Mostrador, Servicios Especiales, etc."
EMPANADAS-RAPRITOS__SJME_DF_14MAYO.xlsx,SALIDAS RAPIFRITOS-MAYO 26,1,"PROCESO BIENESTAR ESTUDIANTIL                                                                                                                                                            SUBPROCESO ATENCIÓN SOCIOECONÓMICA | Código: FBE.04 | CONTROL DE PEDIDO Y SALIDAS DE ALMACÉN (BODEGAS) | Versión: 04 | Fecha de Salida de Almacén | Categoría (Marque con X) | dd | mm | aaaa | Alimentos y bebidas | X | 26 | 5 | 2026 | Aseo y productos químicos | Desechables | Unidad de Servicio que solicita:  CAFETERIA BIENESTAR ESTUDIANTIL/ DEDIFICIO BIENESTAR ESTUDIANTIL PISO | Hace referencia a los servicios: Comedores Desayuno, Comedores Almuerzo, Comedores Cena, Combo Saludable Almuerzo, Cafetería Humanitas, Cafetería Akademia, Cafetería Bien estar Bien, Cafetería Campestre, La Cafeteria Bienestar Almuerzos, Bandejas, Desayunos, Mostrador, Servicios Especiales, etc."
EMPANADAS-RAPRITOS__SJME_DF_14MAYO.xlsx,SALIDAS RAPIFRITOS-MAYO 26,2,"PROCESO BIENESTAR ESTUDIANTIL                                                                                                                                                            SUBPROCESO ATENCIÓN SOCIOECONÓMICA | Código: FBE.04 | CONTROL DE PEDIDO Y SALIDAS DE ALMACÉN (BODEGAS) | Versión: 04 | Fecha de Salida de Almacén | Categoría (Marque con X) | dd | mm | aaaa | Alimentos y bebidas | X | 26 | 5 | 2026 | Aseo y productos químicos | Desechables | Unidad de Servicio que solicita: CAFETERIA CAFE PLAZOLETA CAMILO TORRES | Hace referencia a los servicios: Comedores Desayuno, Comedores Almuerzo, Comedores Cena, Combo Saludable Almuerzo, Cafetería Humanitas, Cafetería Akademia, Cafetería Bien estar Bien, Cafetería Campestre, La Cafeteria Bienestar Almuerzos, Bandejas, Desayunos, Mostrador, Servicios Especiales, etc."
EMPANADAS-RAPRITOS__SJME_DF_14MAYO.xlsx,SALIDAS RAPIFRITOS-MAYO 27,0,"PROCESO BIENESTAR ESTUDIANTIL                                                                                                                                                            SUBPROCESO ATENCIÓN SOCIOECONÓMICA | Código: FBE.04 | CONTROL DE PEDIDO Y SALIDAS DE ALMACÉN (BODEGAS) | Versión: 04 | Fecha de Salida de Almacén | Categoría (Marque con X) | dd | mm | aaaa | Alimentos y bebidas | X | 27 | 5 | 2026 | Aseo y productos químicos | Desechables | Unidad de Servicio que solicita:   CAFETERIA ADMINISTRACION 3 / EDIFICIO ADMINISTRACION 3 PISO 6 | Hace referencia a los servicios: Comedores Desayuno, Comedores Almuerzo, Comedores Cena, Combo Saludable Almuerzo, Cafetería Humanitas, Cafetería Akademia, Cafetería Bien estar Bien, Cafetería Campestre, La Cafeteria Bienestar Almuerzos, Bandejas, Desayunos, Mostrador, Servicios Especiales, etc."
EMPANADAS-RAPRITOS__SJME_DF_14MAYO.xlsx,SALIDAS RAPIFRITOS-MAYO 27,1,"PROCESO BIENESTAR ESTUDIANTIL                                                                                                                                                            SUBPROCESO ATENCIÓN SOCIOECONÓMICA | Código: FBE.04 | CONTROL DE PEDIDO Y SALIDAS DE ALMACÉN (BODEGAS) | Versión: 04 | Fecha de Salida de Almacén | Categoría (Marque con X) | dd | mm | aaaa | Alimentos y bebidas | X | 27 | 5 | 2026 | Aseo y productos químicos | Desechables | Unidad de Servicio que solicita:  CAFETERIA BIENESTAR ESTUDIANTIL/ DEDIFICIO BIENESTAR ESTUDIANTIL PISO | Hace referencia a los servicios: Comedores Desayuno, Comedores Almuerzo, Comedores Cena, Combo Saludable Almuerzo, Cafetería Humanitas, Cafetería Akademia, Cafetería Bien estar Bien, Cafetería Campestre, La Cafeteria Bienestar Almuerzos, Bandejas, Desayunos, Mostrador, Servicios Especiales, etc."
EMPANADAS-RAPRITOS__SJME_DF_14MAYO.xlsx,SALIDAS RAPIFRITOS-MAYO 27,2,"PROCESO BIENESTAR ESTUDIANTIL                                                                                                                                                            SUBPROCESO ATENCIÓN SOCIOECONÓMICA | Código: FBE.04 | CONTROL DE PEDIDO Y SALIDAS DE ALMACÉN (BODEGAS) | Versión: 04 | Fecha de Salida de Almacén | Categoría (Marque con X) | dd | mm | aaaa | Alimentos y bebidas | X | 27 | 5 | 2026 | Aseo y productos químicos | Desechables | Unidad de Servicio que solicita: CAFETERIA CAFE PLAZOLETA CAMILO TORRES | Hace referencia a los servicios: Comedores Desayuno, Comedores Almuerzo, Comedores Cena, Combo Saludable Almuerzo, Cafetería Humanitas, Cafetería Akademia, Cafetería Bien estar Bien, Cafetería Campestre, La Cafeteria Bienestar Almuerzos, Bandejas, Desayunos, Mostrador, Servicios Especiales, etc."
EMPANADAS-RAPRITOS__SJME_DF_14MAYO.xlsx,SALIDAS RAPIFRITOS-MAYO 28,0,"PROCESO BIENESTAR ESTUDIANTIL                                                                                                                                                            SUBPROCESO ATENCIÓN SOCIOECONÓMICA | Código: FBE.04 | CONTROL DE PEDIDO Y SALIDAS DE ALMACÉN (BODEGAS) | Versión: 04 | Fecha de Salida de Almacén | Categoría (Marque con X) | dd | mm | aaaa | Alimentos y bebidas | X | 28 | 5 | 2026 | Aseo y productos químicos | Desechables | Unidad de Servicio que solicita:   CAFETERIA ADMINISTRACION 3 / EDIFICIO ADMINISTRACION 3 PISO 6 | Hace referencia a los servicios: Comedores Desayuno, Comedores Almuerzo, Comedores Cena, Combo Saludable Almuerzo, Cafetería Humanitas, Cafetería Akademia, Cafetería Bien estar Bien, Cafetería Campestre, La Cafeteria Bienestar Almuerzos, Bandejas, Desayunos, Mostrador, Servicios Especiales, etc."
EMPANADAS-RAPRITOS__SJME_DF_14MAYO.xlsx,SALIDAS RAPIFRITOS-MAYO 28,1,"PROCESO BIENESTAR ESTUDIANTIL                                                                                                                                                            SUBPROCESO ATENCIÓN SOCIOECONÓMICA | Código: FBE.04 | CONTROL DE PEDIDO Y SALIDAS DE ALMACÉN (BODEGAS) | Versión: 04 | Fecha de Salida de Almacén | Categoría (Marque con X) | dd | mm | aaaa | Alimentos y bebidas | X | 28 | 5 | 2026 | Aseo y productos químicos | Desechables | Unidad de Servicio que solicita:  CAFETERIA BIENESTAR ESTUDIANTIL/ DEDIFICIO BIENESTAR ESTUDIANTIL PISO | Hace referencia a los servicios: Comedores Desayuno, Comedores Almuerzo, Comedores Cena, Combo Saludable Almuerzo, Cafetería Humanitas, Cafetería Akademia, Cafetería Bien estar Bien, Cafetería Campestre, La Cafeteria Bienestar Almuerzos, Bandejas, Desayunos, Mostrador, Servicios Especiales, etc."
EMPANADAS-RAPRITOS__SJME_DF_14MAYO.xlsx,SALIDAS RAPIFRITOS-MAYO 28,2,"PROCESO BIENESTAR ESTUDIANTIL                                                                                                                                                            SUBPROCESO ATENCIÓN SOCIOECONÓMICA | Código: FBE.04 | CONTROL DE PEDIDO Y SALIDAS DE ALMACÉN (BODEGAS) | Versión: 04 | Fecha de Salida de Almacén | Categoría (Marque con X) | dd | mm | aaaa | Alimentos y bebidas | X | 28 | 5 | 2026 | Aseo y productos químicos | Desechables | Unidad de Servicio que solicita: CAFETERIA CAFE PLAZOLETA CAMILO TORRES | Hace referencia a los servicios: Comedores Desayuno, Comedores Almuerzo, Comedores Cena, Combo Saludable Almuerzo, Cafetería Humanitas, Cafetería Akademia, Cafetería Bien estar Bien, Cafetería Campestre, La Cafeteria Bienestar Almuerzos, Bandejas, Desayunos, Mostrador, Servicios Especiales, etc."
EMPANADAS-RAPRITOS__SJME_DF_14MAYO.xlsx,SALIDAS RAPIFRITOS-MAYO 29,0,"PROCESO BIENESTAR ESTUDIANTIL                                                                                                                                                            SUBPROCESO ATENCIÓN SOCIOECONÓMICA | Código: FBE.04 | CONTROL DE PEDIDO Y SALIDAS DE ALMACÉN (BODEGAS) | Versión: 04 | Fecha de Salida de Almacén | Categoría (Marque con X) | dd | mm | aaaa | Alimentos y bebidas | X | 29 | 5 | 2026 | Aseo y productos químicos | Desechables | Unidad de Servicio que solicita:   CAFETERIA ADMINISTRACION 3 / EDIFICIO ADMINISTRACION 3 PISO 6 | Hace referencia a los servicios: Comedores Desayuno, Comedores Almuerzo, Comedores Cena, Combo Saludable Almuerzo, Cafetería Humanitas, Cafetería Akademia, Cafetería Bien estar Bien, Cafetería Campestre, La Cafeteria Bienestar Almuerzos, Bandejas, Desayunos, Mostrador, Servicios Especiales, etc."
EMPANADAS-RAPRITOS__SJME_DF_14MAYO.xlsx,SALIDAS RAPIFRITOS-MAYO 29,1,"PROCESO BIENESTAR ESTUDIANTIL                                                                                                                                                            SUBPROCESO ATENCIÓN SOCIOECONÓMICA | Código: FBE.04 | CONTROL DE PEDIDO Y SALIDAS DE ALMACÉN (BODEGAS) | Versión: 04 | Fecha de Salida de Almacén | Categoría (Marque con X) | dd | mm | aaaa | Alimentos y bebidas | X | 29 | 5 | 2026 | Aseo y productos químicos | Desechables | Unidad de Servicio que solicita:  CAFETERIA BIENESTAR ESTUDIANTIL/ DEDIFICIO BIENESTAR ESTUDIANTIL PISO | Hace referencia a los servicios: Comedores Desayuno, Comedores Almuerzo, Comedores Cena, Combo Saludable Almuerzo, Cafetería Humanitas, Cafetería Akademia, Cafetería Bien estar Bien, Cafetería Campestre, La Cafeteria Bienestar Almuerzos, Bandejas, Desayunos, Mostrador, Servicios Especiales, etc."
EMPANADAS-RAPRITOS__SJME_DF_14MAYO.xlsx,SALIDAS RAPIFRITOS-MAYO 29,2,"PROCESO BIENESTAR ESTUDIANTIL                                                                                                                                                            SUBPROCESO ATENCIÓN SOCIOECONÓMICA | Código: FBE.04 | CONTROL DE PEDIDO Y SALIDAS DE ALMACÉN (BODEGAS) | Versión: 04 | Fecha de Salida de Almacén | Categoría (Marque con X) | dd | mm | aaaa | Alimentos y bebidas | X | 29 | 5 | 2026 | Aseo y productos químicos | Desechables | Unidad de Servicio que solicita: CAFETERIA CAFE PLAZOLETA CAMILO TORRES | Hace referencia a los servicios: Comedores Desayuno, Comedores Almuerzo, Comedores Cena, Combo Saludable Almuerzo, Cafetería Humanitas, Cafetería Akademia, Cafetería Bien estar Bien, Cafetería Campestre, La Cafeteria Bienestar Almuerzos, Bandejas, Desayunos, Mostrador, Servicios Especiales, etc."
EMPANADAS-RAPRITOS__SJME_DF_14MAYO.xlsx,SALIDAS RAPIFRITOS- JUNIO 1,0,"PROCESO BIENESTAR ESTUDIANTIL                                                                                                                                                            SUBPROCESO ATENCIÓN SOCIOECONÓMICA | Código: FBE.04 | CONTROL DE PEDIDO Y SALIDAS DE ALMACÉN (BODEGAS) | Versión: 04 | Fecha de Salida de Almacén | Categoría (Marque con X) | dd | mm | aaaa | Alimentos y bebidas | X | 1 | 6 | 2026 | Aseo y productos químicos | Desechables | Unidad de Servicio que solicita:   CAFETERIA ADMINISTRACION 3 / EDIFICIO ADMINISTRACION 3 PISO 6 | Hace referencia a los servicios: Comedores Desayuno, Comedores Almuerzo, Comedores Cena, Combo Saludable Almuerzo, Cafetería Humanitas, Cafetería Akademia, Cafetería Bien estar Bien, Cafetería Campestre, La Cafeteria Bienestar Almuerzos, Bandejas, Desayunos, Mostrador, Servicios Especiales, etc."
EMPANADAS-RAPRITOS__SJME_DF_14MAYO.xlsx,SALIDAS RAPIFRITOS- JUNIO 1,1,"PROCESO BIENESTAR ESTUDIANTIL                                                                                                                                                            SUBPROCESO ATENCIÓN SOCIOECONÓMICA | Código: FBE.04 | CONTROL DE PEDIDO Y SALIDAS DE ALMACÉN (BODEGAS) | Versión: 04 | Fecha de Salida de Almacén | Categoría (Marque con X) | dd | mm | aaaa | Alimentos y bebidas | X | 1 | 6 | 2026 | Aseo y productos químicos | Desechables | Unidad de Servicio que solicita:  CAFETERIA BIENESTAR ESTUDIANTIL/ DEDIFICIO BIENESTAR ESTUDIANTIL PISO | Hace referencia a los servicios: Comedores Desayuno, Comedores Almuerzo, Comedores Cena, Combo Saludable Almuerzo, Cafetería Humanitas, Cafetería Akademia, Cafetería Bien estar Bien, Cafetería Campestre, La Cafeteria Bienestar Almuerzos, Bandejas, Desayunos, Mostrador, Servicios Especiales, etc."
EMPANADAS-RAPRITOS__SJME_DF_14MAYO.xlsx,SALIDAS RAPIFRITOS- JUNIO 1,2,"PROCESO BIENESTAR ESTUDIANTIL                                                                                                                                                            SUBPROCESO ATENCIÓN SOCIOECONÓMICA | Código: FBE.04 | CONTROL DE PEDIDO Y SALIDAS DE ALMACÉN (BODEGAS) | Versión: 04 | Fecha de Salida de Almacén | Categoría (Marque con X) | dd | mm | aaaa | Alimentos y bebidas | X | 1 | 6 | 2026 | Aseo y productos químicos | Desechables | Unidad de Servicio que solicita: CAFETERIA CAFE PLAZOLETA CAMILO TORRES | Hace referencia a los servicios: Comedores Desayuno, Comedores Almuerzo, Comedores Cena, Combo Saludable Almuerzo, Cafetería Humanitas, Cafetería Akademia, Cafetería Bien estar Bien, Cafetería Campestre, La Cafeteria Bienestar Almuerzos, Bandejas, Desayunos, Mostrador, Servicios Especiales, etc."
EMPANADAS-RAPRITOS__SJME_DF_AGOSTO.xlsx,AGOSTO 6,0,"PROCESO BIENESTAR ESTUDIANTIL                                                                                                                                                            SUBPROCESO ATENCIÓN SOCIOECONÓMICA | Código: FBE.04 | CONTROL DE PEDIDO Y SALIDAS DE ALMACÉN (BODEGAS) | Versión: 04 | Fecha de Salida de Almacén | Categoría (Marque con X) | dd | mm | aaaa | Alimentos y bebidas | X | 6 | 8 | 2026 | Aseo y productos químicos | Desechables | Unidad de Servicio que solicita: CAFETERIA ADMINISTRACION 3 / EDIFICIO ADMINISTRACION 3 PISO 6 | Hace referencia a los servicios: Comedores Desayuno, Comedores Almuerzo, Comedores Cena, Combo Saludable Almuerzo, Cafetería Humanitas, Cafetería Akademia, Cafetería Bien estar Bien, Cafetería Campestre, La Cafeteria Bienestar Almuerzos, Bandejas, Desayunos, Mostrador, Servicios Especiales, etc."
EMPANADAS-RAPRITOS__SJME_DF_AGOSTO.xlsx,AGOSTO 6,1,"PROCESO BIENESTAR ESTUDIANTIL                                                                                                                                                            SUBPROCESO ATENCIÓN SOCIOECONÓMICA | Código: FBE.04 | CONTROL DE PEDIDO Y SALIDAS DE ALMACÉN (BODEGAS) | Versión: 04 | Fecha de Salida de Almacén | Categoría (Marque con X) | dd | mm | aaaa | Alimentos y bebidas | X | 6 | 8 | 2026 | Aseo y productos químicos | Desechables | Unidad de Servicio que solicita:  CAFETERIA BIENESTAR ESTUDIANTIL/ DEDIFICIO BIENESTAR ESTUDIANTIL PISO | Hace referencia a los servicios: Comedores Desayuno, Comedores Almuerzo, Comedores Cena, Combo Saludable Almuerzo, Cafetería Humanitas, Cafetería Akademia, Cafetería Bien estar Bien, Cafetería Campestre, La Cafeteria Bienestar Almuerzos, Bandejas, Desayunos, Mostrador, Servicios Especiales, etc."
EMPANADAS-RAPRITOS__SJME_DF_AGOSTO.xlsx,AGOSTO 6,2,"PROCESO BIENESTAR ESTUDIANTIL                                                                                                                                                            SUBPROCESO ATENCIÓN SOCIOECONÓMICA | Código: FBE.04 | CONTROL DE PEDIDO Y SALIDAS DE ALMACÉN (BODEGAS) | Versión: 04 | Fecha de Salida de Almacén | Categoría (Marque con X) | dd | mm | aaaa | Alimentos y bebidas | X | 6 | 8 | 2026 | Aseo y productos químicos | Desechables | Unidad de Servicio que solicita: CAFE PLAZOLETA CAMILO TORRES | Hace referencia a los servicios: Comedores Desayuno, Comedores Almuerzo, Comedores Cena, Combo Saludable Almuerzo, Cafetería Humanitas, Cafetería Akademia, Cafetería Bien estar Bien, Cafetería Campestre, La Cafeteria Bienestar Almuerzos, Bandejas, Desayunos, Mostrador, Servicios Especiales, etc."
EMPANADAS-RAPRITOS__SJME_DF_AGOSTO.xlsx,AGOSTO 10,0,"PROCESO BIENESTAR ESTUDIANTIL                                                                                                                                                            SUBPROCESO ATENCIÓN SOCIOECONÓMICA | Código: FBE.04 | CONTROL DE PEDIDO Y SALIDAS DE ALMACÉN (BODEGAS) | Versión: 04 | Fecha de Salida de Almacén | Categoría (Marque con X) | dd | mm | aaaa | Alimentos y bebidas | X | 10 | 8 | 2026 | Aseo y productos químicos | Desechables | Unidad de Servicio que solicita: CAFETERIA ADMINISTRACION 3 / EDIFICIO ADMINISTRACION 3 PISO 6 | Hace referencia a los servicios: Comedores Desayuno, Comedores Almuerzo, Comedores Cena, Combo Saludable Almuerzo, Cafetería Humanitas, Cafetería Akademia, Cafetería Bien estar Bien, Cafetería Campestre, La Cafeteria Bienestar Almuerzos, Bandejas, Desayunos, Mostrador, Servicios Especiales, etc."
EMPANADAS-RAPRITOS__SJME_DF_AGOSTO.xlsx,AGOSTO 10,1,"PROCESO BIENESTAR ESTUDIANTIL                                                                                                                                                            SUBPROCESO ATENCIÓN SOCIOECONÓMICA | Código: FBE.04 | CONTROL DE PEDIDO Y SALIDAS DE ALMACÉN (BODEGAS) | Versión: 04 | Fecha de Salida de Almacén | Categoría (Marque con X) | dd | mm | aaaa | Alimentos y bebidas | X | 10 | 8 | 2026 | Aseo y productos químicos | Desechables | Unidad de Servicio que solicita:  CAFETERIA BIENESTAR ESTUDIANTIL/ DEDIFICIO BIENESTAR ESTUDIANTIL PISO | Hace referencia a los servicios: Comedores Desayuno, Comedores Almuerzo, Comedores Cena, Combo Saludable Almuerzo, Cafetería Humanitas, Cafetería Akademia, Cafetería Bien estar Bien, Cafetería Campestre, La Cafeteria Bienestar Almuerzos, Bandejas, Desayunos, Mostrador, Servicios Especiales, etc."
EMPANADAS-RAPRITOS__SJME_DF_AGOSTO.xlsx,AGOSTO 10,2,"PROCESO BIENESTAR ESTUDIANTIL                                                                                                                                                            SUBPROCESO ATENCIÓN SOCIOECONÓMICA | Código: FBE.04 | CONTROL DE PEDIDO Y SALIDAS DE ALMACÉN (BODEGAS) | Versión: 04 | Fecha de Salida de Almacén | Categoría (Marque con X) | dd | mm | aaaa | Alimentos y bebidas | X | 10 | 8 | 2026 | Aseo y productos químicos | Desechables | Unidad de Servicio que solicita: CAFE PLAZOLETA CAMILO TORRES | Hace referencia a los servicios: Comedores Desayuno, Comedores Almuerzo, Comedores Cena, Combo Saludable Almuerzo, Cafetería Humanitas, Cafetería Akademia, Cafetería Bien estar Bien, Cafetería Campestre, La Cafeteria Bienestar Almuerzos, Bandejas, Desayunos, Mostrador, Servicios Especiales, etc."
EMPANADAS-RAPRITOS__SJME_DF_AGOSTO.xlsx,AGOSTO 11,0,"PROCESO BIENESTAR ESTUDIANTIL                                                                                                                                                            SUBPROCESO ATENCIÓN SOCIOECONÓMICA | Código: FBE.04 | CONTROL DE PEDIDO Y SALIDAS DE ALMACÉN (BODEGAS) | Versión: 04 | Fecha de Salida de Almacén | Categoría (Marque con X) | dd | mm | aaaa | Alimentos y bebidas | X | 11 | 8 | 2026 | Aseo y productos químicos | Desechables | Unidad de Servicio que solicita: CAFETERIA ADMINISTRACION 3 / EDIFICIO ADMINISTRACION 3 PISO 6 | Hace referencia a los servicios: Comedores Desayuno, Comedores Almuerzo, Comedores Cena, Combo Saludable Almuerzo, Cafetería Humanitas, Cafetería Akademia, Cafetería Bien estar Bien, Cafetería Campestre, La Cafeteria Bienestar Almuerzos, Bandejas, Desayunos, Mostrador, Servicios Especiales, etc."
EMPANADAS-RAPRITOS__SJME_DF_AGOSTO.xlsx,AGOSTO 11,1,"PROCESO BIENESTAR ESTUDIANTIL                                                                                                                                                            SUBPROCESO ATENCIÓN SOCIOECONÓMICA | Código: FBE.04 | CONTROL DE PEDIDO Y SALIDAS DE ALMACÉN (BODEGAS) | Versión: 04 | Fecha de Salida de Almacén | Categoría (Marque con X) | dd | mm | aaaa | Alimentos y bebidas | X | 11 | 8 | 2026 | Aseo y productos químicos | Desechables | Unidad de Servicio que solicita:  CAFETERIA BIENESTAR ESTUDIANTIL/ DEDIFICIO BIENESTAR ESTUDIANTIL PISO | Hace referencia a los servicios: Comedores Desayuno, Comedores Almuerzo, Comedores Cena, Combo Saludable Almuerzo, Cafetería Humanitas, Cafetería Akademia, Cafetería Bien estar Bien, Cafetería Campestre, La Cafeteria Bienestar Almuerzos, Bandejas, Desayunos, Mostrador, Servicios Especiales, etc."
EMPANADAS-RAPRITOS__SJME_DF_AGOSTO.xlsx,AGOSTO 11,2,"PROCESO BIENESTAR ESTUDIANTIL                                                                                                                                                            SUBPROCESO ATENCIÓN SOCIOECONÓMICA | Código: FBE.04 | CONTROL DE PEDIDO Y SALIDAS DE ALMACÉN (BODEGAS) | Versión: 04 | Fecha de Salida de Almacén | Categoría (Marque con X) | dd | mm | aaaa | Alimentos y bebidas | X | 11 | 8 | 2026 | Aseo y productos químicos | Desechables | Unidad de Servicio que solicita: CAFE PLAZOLETA CAMILO TORRES | Hace referencia a los servicios: Comedores Desayuno, Comedores Almuerzo, Comedores Cena, Combo Saludable Almuerzo, Cafetería Humanitas, Cafetería Akademia, Cafetería Bien estar Bien, Cafetería Campestre, La Cafeteria Bienestar Almuerzos, Bandejas, Desayunos, Mostrador, Servicios Especiales, etc."
EMPANADAS-RAPRITOS__SJME_DF_AGOSTO.xlsx,AGOSTO 12,0,"PROCESO BIENESTAR ESTUDIANTIL                                                                                                                                                            SUBPROCESO ATENCIÓN SOCIOECONÓMICA | Código: FBE.04 | CONTROL DE PEDIDO Y SALIDAS DE ALMACÉN (BODEGAS) | Versión: 04 | Fecha de Salida de Almacén | Categoría (Marque con X) | dd | mm | aaaa | Alimentos y bebidas | X | 12 | 8 | 2026 | Aseo y productos químicos | Desechables | Unidad de Servicio que solicita: CAFETERIA ADMINISTRACION 3 / EDIFICIO ADMINISTRACION 3 PISO 6 | Hace referencia a los servicios: Comedores Desayuno, Comedores Almuerzo, Comedores Cena, Combo Saludable Almuerzo, Cafetería Humanitas, Cafetería Akademia, Cafetería Bien estar Bien, Cafetería Campestre, La Cafeteria Bienestar Almuerzos, Bandejas, Desayunos, Mostrador, Servicios Especiales, etc."
EMPANADAS-RAPRITOS__SJME_DF_AGOSTO.xlsx,AGOSTO 12,1,"PROCESO BIENESTAR ESTUDIANTIL                                                                                                                                                            SUBPROCESO ATENCIÓN SOCIOECONÓMICA | Código: FBE.04 | CONTROL DE PEDIDO Y SALIDAS DE ALMACÉN (BODEGAS) | Versión: 04 | Fecha de Salida de Almacén | Categoría (Marque con X) | dd | mm | aaaa | Alimentos y bebidas | X | 12 | 8 | 2026 | Aseo y productos químicos | Desechables | Unidad de Servicio que solicita:  CAFETERIA BIENESTAR ESTUDIANTIL/ DEDIFICIO BIENESTAR ESTUDIANTIL PISO | Hace referencia a los servicios: Comedores Desayuno, Comedores Almuerzo, Comedores Cena, Combo Saludable Almuerzo, Cafetería Humanitas, Cafetería Akademia, Cafetería Bien estar Bien, Cafetería Campestre, La Cafeteria Bienestar Almuerzos, Bandejas, Desayunos, Mostrador, Servicios Especiales, etc."
EMPANADAS-RAPRITOS__SJME_DF_AGOSTO.xlsx,AGOSTO 12,2,"PROCESO BIENESTAR ESTUDIANTIL                                                                                                                                                            SUBPROCESO ATENCIÓN SOCIOECONÓMICA | Código: FBE.04 | CONTROL DE PEDIDO Y SALIDAS DE ALMACÉN (BODEGAS) | Versión: 04 | Fecha de Salida de Almacén | Categoría (Marque con X) | dd | mm | aaaa | Alimentos y bebidas | X | 12 | 8 | 2026 | Aseo y productos químicos | Desechables | Unidad de Servicio que solicita: CAFE PLAZOLETA CAMILO TORRES | Hace referencia a los servicios: Comedores Desayuno, Comedores Almuerzo, Comedores Cena, Combo Saludable Almuerzo, Cafetería Humanitas, Cafetería Akademia, Cafetería Bien estar Bien, Cafetería Campestre, La Cafeteria Bienestar Almuerzos, Bandejas, Desayunos, Mostrador, Servicios Especiales, etc."
EMPANADAS-RAPRITOS__SJME_DF_AGOSTO.xlsx,AGOSTO 13,0,"PROCESO BIENESTAR ESTUDIANTIL                                                                                                                                                            SUBPROCESO ATENCIÓN SOCIOECONÓMICA | Código: FBE.04 | CONTROL DE PEDIDO Y SALIDAS DE ALMACÉN (BODEGAS) | Versión: 04 | Fecha de Salida de Almacén | Categoría (Marque con X) | dd | mm | aaaa | Alimentos y bebidas | X | 13 | 8 | 2026 | Aseo y productos químicos | Desechables | Unidad de Servicio que solicita: CAFETERIA ADMINISTRACION 3 / EDIFICIO ADMINISTRACION 3 PISO 6 | Hace referencia a los servicios: Comedores Desayuno, Comedores Almuerzo, Comedores Cena, Combo Saludable Almuerzo, Cafetería Humanitas, Cafetería Akademia, Cafetería Bien estar Bien, Cafetería Campestre, La Cafeteria Bienestar Almuerzos, Bandejas, Desayunos, Mostrador, Servicios Especiales, etc."
EMPANADAS-RAPRITOS__SJME_DF_AGOSTO.xlsx,AGOSTO 13,1,"PROCESO BIENESTAR ESTUDIANTIL                                                                                                                                                            SUBPROCESO ATENCIÓN SOCIOECONÓMICA | Código: FBE.04 | CONTROL DE PEDIDO Y SALIDAS DE ALMACÉN (BODEGAS) | Versión: 04 | Fecha de Salida de Almacén | Categoría (Marque con X) | dd | mm | aaaa | Alimentos y bebidas | X | 13 | 8 | 2026 | Aseo y productos químicos | Desechables | Unidad de Servicio que solicita:  CAFETERIA BIENESTAR ESTUDIANTIL/ DEDIFICIO BIENESTAR ESTUDIANTIL PISO | Hace referencia a los servicios: Comedores Desayuno, Comedores Almuerzo, Comedores Cena, Combo Saludable Almuerzo, Cafetería Humanitas, Cafetería Akademia, Cafetería Bien estar Bien, Cafetería Campestre, La Cafeteria Bienestar Almuerzos, Bandejas, Desayunos, Mostrador, Servicios Especiales, etc."
EMPANADAS-RAPRITOS__SJME_DF_AGOSTO.xlsx,AGOSTO 13,2,"PROCESO BIENESTAR ESTUDIANTIL                                                                                                                                                            SUBPROCESO ATENCIÓN SOCIOECONÓMICA | Código: FBE.04 | CONTROL DE PEDIDO Y SALIDAS DE ALMACÉN (BODEGAS) | Versión: 04 | Fecha de Salida de Almacén | Categoría (Marque con X) | dd | mm | aaaa | Alimentos y bebidas | X | 13 | 8 | 2026 | Aseo y productos químicos | Desechables | Unidad de Servicio que solicita: CAFE PLAZOLETA CAMILO TORRES | Hace referencia a los servicios: Comedores Desayuno, Comedores Almuerzo, Comedores Cena, Combo Saludable Almuerzo, Cafetería Humanitas, Cafetería Akademia, Cafetería Bien estar Bien, Cafetería Campestre, La Cafeteria Bienestar Almuerzos, Bandejas, Desayunos, Mostrador, Servicios Especiales, etc."
EMPANADAS-RAPRITOS__SJME_DF_AGOSTO.xlsx,AGOSTO 14,0,"PROCESO BIENESTAR ESTUDIANTIL                                                                                                                                                            SUBPROCESO ATENCIÓN SOCIOECONÓMICA | Código: FBE.04 | CONTROL DE PEDIDO Y SALIDAS DE ALMACÉN (BODEGAS) | Versión: 04 | Fecha de Salida de Almacén | Categoría (Marque con X) | dd | mm | aaaa | Alimentos y bebidas | X | 14 | 8 | 2026 | Aseo y productos químicos | Desechables | Unidad de Servicio que solicita: CAFETERIA ADMINISTRACION 3 / EDIFICIO ADMINISTRACION 3 PISO 6 | Hace referencia a los servicios: Comedores Desayuno, Comedores Almuerzo, Comedores Cena, Combo Saludable Almuerzo, Cafetería Humanitas, Cafetería Akademia, Cafetería Bien estar Bien, Cafetería Campestre, La Cafeteria Bienestar Almuerzos, Bandejas, Desayunos, Mostrador, Servicios Especiales, etc."
EMPANADAS-RAPRITOS__SJME_DF_AGOSTO.xlsx,AGOSTO 14,1,"PROCESO BIENESTAR ESTUDIANTIL                                                                                                                                                            SUBPROCESO ATENCIÓN SOCIOECONÓMICA | Código: FBE.04 | CONTROL DE PEDIDO Y SALIDAS DE ALMACÉN (BODEGAS) | Versión: 04 | Fecha de Salida de Almacén | Categoría (Marque con X) | dd | mm | aaaa | Alimentos y bebidas | X | 14 | 8 | 2026 | Aseo y productos químicos | Desechables | Unidad de Servicio que solicita:  CAFETERIA BIENESTAR ESTUDIANTIL/ DEDIFICIO BIENESTAR ESTUDIANTIL PISO | Hace referencia a los servicios: Comedores Desayuno, Comedores Almuerzo, Comedores Cena, Combo Saludable Almuerzo, Cafetería Humanitas, Cafetería Akademia, Cafetería Bien estar Bien, Cafetería Campestre, La Cafeteria Bienestar Almuerzos, Bandejas, Desayunos, Mostrador, Servicios Especiales, etc."
EMPANADAS-RAPRITOS__SJME_DF_AGOSTO.xlsx,AGOSTO 14,2,"PROCESO BIENESTAR ESTUDIANTIL                                                                                                                                                            SUBPROCESO ATENCIÓN SOCIOECONÓMICA | Código: FBE.04 | CONTROL DE PEDIDO Y SALIDAS DE ALMACÉN (BODEGAS) | Versión: 04 | Fecha de Salida de Almacén | Categoría (Marque con X) | dd | mm | aaaa | Alimentos y bebidas | X | 14 | 8 | 2026 | Aseo y productos químicos | Desechables | Unidad de Servicio que solicita: CAFE PLAZOLETA CAMILO TORRES | Hace referencia a los servicios: Comedores Desayuno, Comedores Almuerzo, Comedores Cena, Combo Saludable Almuerzo, Cafetería Humanitas, Cafetería Akademia, Cafetería Bien estar Bien, Cafetería Campestre, La Cafeteria Bienestar Almuerzos, Bandejas, Desayunos, Mostrador, Servicios Especiales, etc."
EMPANADAS-RAPRITOS__SJME_DF_AGOSTO.xlsx,AGOSTO 18,0,"PROCESO BIENESTAR ESTUDIANTIL                                                                                                                                                            SUBPROCESO ATENCIÓN SOCIOECONÓMICA | Código: FBE.04 | CONTROL DE PEDIDO Y SALIDAS DE ALMACÉN (BODEGAS) | Versión: 04 | Fecha de Salida de Almacén | Categoría (Marque con X) | dd | mm | aaaa | Alimentos y bebidas | X | 18 | 8 | 2026 | Aseo y productos químicos | Desechables | Unidad de Servicio que solicita: CAFETERIA ADMINISTRACION 3 / EDIFICIO ADMINISTRACION 3 PISO 6 | Hace referencia a los servicios: Comedores Desayuno, Comedores Almuerzo, Comedores Cena, Combo Saludable Almuerzo, Cafetería Humanitas, Cafetería Akademia, Cafetería Bien estar Bien, Cafetería Campestre, La Cafeteria Bienestar Almuerzos, Bandejas, Desayunos, Mostrador, Servicios Especiales, etc."
EMPANADAS-RAPRITOS__SJME_DF_AGOSTO.xlsx,AGOSTO 18,1,"PROCESO BIENESTAR ESTUDIANTIL                                                                                                                                                            SUBPROCESO ATENCIÓN SOCIOECONÓMICA | Código: FBE.04 | CONTROL DE PEDIDO Y SALIDAS DE ALMACÉN (BODEGAS) | Versión: 04 | Fecha de Salida de Almacén | Categoría (Marque con X) | dd | mm | aaaa | Alimentos y bebidas | X | 18 | 8 | 2026 | Aseo y productos químicos | Desechables | Unidad de Servicio que solicita:  CAFETERIA BIENESTAR ESTUDIANTIL/ DEDIFICIO BIENESTAR ESTUDIANTIL PISO | Hace referencia a los servicios: Comedores Desayuno, Comedores Almuerzo, Comedores Cena, Combo Saludable Almuerzo, Cafetería Humanitas, Cafetería Akademia, Cafetería Bien estar Bien, Cafetería Campestre, La Cafeteria Bienestar Almuerzos, Bandejas, Desayunos, Mostrador, Servicios Especiales, etc."
EMPANADAS-RAPRITOS__SJME_DF_AGOSTO.xlsx,AGOSTO 18,2,"PROCESO BIENESTAR ESTUDIANTIL                                                                                                                                                            SUBPROCESO ATENCIÓN SOCIOECONÓMICA | Código: FBE.04 | CONTROL DE PEDIDO Y SALIDAS DE ALMACÉN (BODEGAS) | Versión: 04 | Fecha de Salida de Almacén | Categoría (Marque con X) | dd | mm | aaaa | Alimentos y bebidas | X | 18 | 8 | 2026 | Aseo y productos químicos | Desechables | Unidad de Servicio que solicita: CAFE PLAZOLETA CAMILO TORRES | Hace referencia a los servicios: Comedores Desayuno, Comedores Almuerzo, Comedores Cena, Combo Saludable Almuerzo, Cafetería Humanitas, Cafetería Akademia, Cafetería Bien estar Bien, Cafetería Campestre, La Cafeteria Bienestar Almuerzos, Bandejas, Desayunos, Mostrador, Servicios Especiales, etc."
EMPANADAS-RAPRITOS__SJME_DF_AGOSTO.xlsx,AGOSTO 19,0,"PROCESO BIENESTAR ESTUDIANTIL                                                                                                                                                            SUBPROCESO ATENCIÓN SOCIOECONÓMICA | Código: FBE.04 | CONTROL DE PEDIDO Y SALIDAS DE ALMACÉN (BODEGAS) | Versión: 04 | Fecha de Salida de Almacén | Categoría (Marque con X) | dd | mm | aaaa | Alimentos y bebidas | X | 19 | 8 | 2026 | Aseo y productos químicos | Desechables | Unidad de Servicio que solicita: CAFETERIA ADMINISTRACION 3 / EDIFICIO ADMINISTRACION 3 PISO 6 | Hace referencia a los servicios: Comedores Desayuno, Comedores Almuerzo, Comedores Cena, Combo Saludable Almuerzo, Cafetería Humanitas, Cafetería Akademia, Cafetería Bien estar Bien, Cafetería Campestre, La Cafeteria Bienestar Almuerzos, Bandejas, Desayunos, Mostrador, Servicios Especiales, etc."
EMPANADAS-RAPRITOS__SJME_DF_AGOSTO.xlsx,AGOSTO 19,1,"PROCESO BIENESTAR ESTUDIANTIL                                                                                                                                                            SUBPROCESO ATENCIÓN SOCIOECONÓMICA | Código: FBE.04 | CONTROL DE PEDIDO Y SALIDAS DE ALMACÉN (BODEGAS) | Versión: 04 | Fecha de Salida de Almacén | Categoría (Marque con X) | dd | mm | aaaa | Alimentos y bebidas | X | 19 | 8 | 2026 | Aseo y productos químicos | Desechables | Unidad de Servicio que solicita:  CAFETERIA BIENESTAR ESTUDIANTIL/ DEDIFICIO BIENESTAR ESTUDIANTIL PISO | Hace referencia a los servicios: Comedores Desayuno, Comedores Almuerzo, Comedores Cena, Combo Saludable Almuerzo, Cafetería Humanitas, Cafetería Akademia, Cafetería Bien estar Bien, Cafetería Campestre, La Cafeteria Bienestar Almuerzos, Bandejas, Desayunos, Mostrador, Servicios Especiales, etc."
EMPANADAS-RAPRITOS__SJME_DF_AGOSTO.xlsx,AGOSTO 19,2,"PROCESO BIENESTAR ESTUDIANTIL                                                                                                                                                            SUBPROCESO ATENCIÓN SOCIOECONÓMICA | Código: FBE.04 | CONTROL DE PEDIDO Y SALIDAS DE ALMACÉN (BODEGAS) | Versión: 04 | Fecha de Salida de Almacén | Categoría (Marque con X) | dd | mm | aaaa | Alimentos y bebidas | X | 19 | 8 | 2026 | Aseo y productos químicos | Desechables | Unidad de Servicio que solicita: CAFE PLAZOLETA CAMILO TORRES | Hace referencia a los servicios: Comedores Desayuno, Comedores Almuerzo, Comedores Cena, Combo Saludable Almuerzo, Cafetería Humanitas, Cafetería Akademia, Cafetería Bien estar Bien, Cafetería Campestre, La Cafeteria Bienestar Almuerzos, Bandejas, Desayunos, Mostrador, Servicios Especiales, etc."
EMPANADAS-RAPRITOS__SJME_DF_AGOSTO.xlsx,AGOSTO 20,0,"PROCESO BIENESTAR ESTUDIANTIL                                                                                                                                                            SUBPROCESO ATENCIÓN SOCIOECONÓMICA | Código: FBE.04 | CONTROL DE PEDIDO Y SALIDAS DE ALMACÉN (BODEGAS) | Versión: 04 | Fecha de Salida de Almacén | Categoría (Marque con X) | dd | mm | aaaa | Alimentos y bebidas | X | 20 | 8 | 2026 | Aseo y productos químicos | Desechables | Unidad de Servicio que solicita: CAFETERIA ADMINISTRACION 3 / EDIFICIO ADMINISTRACION 3 PISO 6 | Hace referencia a los servicios: Comedores Desayuno, Comedores Almuerzo, Comedores Cena, Combo Saludable Almuerzo, Cafetería Humanitas, Cafetería Akademia, Cafetería Bien estar Bien, Cafetería Campestre, La Cafeteria Bienestar Almuerzos, Bandejas, Desayunos, Mostrador, Servicios Especiales, etc."
EMPANADAS-RAPRITOS__SJME_DF_AGOSTO.xlsx,AGOSTO 20,1,"PROCESO BIENESTAR ESTUDIANTIL                                                                                                                                                            SUBPROCESO ATENCIÓN SOCIOECONÓMICA | Código: FBE.04 | CONTROL DE PEDIDO Y SALIDAS DE ALMACÉN (BODEGAS) | Versión: 04 | Fecha de Salida de Almacén | Categoría (Marque con X) | dd | mm | aaaa | Alimentos y bebidas | X | 20 | 8 | 2026 | Aseo y productos químicos | Desechables | Unidad de Servicio que solicita:  CAFETERIA BIENESTAR ESTUDIANTIL/ DEDIFICIO BIENESTAR ESTUDIANTIL PISO | Hace referencia a los servicios: Comedores Desayuno, Comedores Almuerzo, Comedores Cena, Combo Saludable Almuerzo, Cafetería Humanitas, Cafetería Akademia, Cafetería Bien estar Bien, Cafetería Campestre, La Cafeteria Bienestar Almuerzos, Bandejas, Desayunos, Mostrador, Servicios Especiales, etc."
EMPANADAS-RAPRITOS__SJME_DF_AGOSTO.xlsx,AGOSTO 20,2,"PROCESO BIENESTAR ESTUDIANTIL                                                                                                                                                            SUBPROCESO ATENCIÓN SOCIOECONÓMICA | Código: FBE.04 | CONTROL DE PEDIDO Y SALIDAS DE ALMACÉN (BODEGAS) | Versión: 04 | Fecha de Salida de Almacén | Categoría (Marque con X) | dd | mm | aaaa | Alimentos y bebidas | X | 20 | 8 | 2026 | Aseo y productos químicos | Desechables | Unidad de Servicio que solicita: CAFE PLAZOLETA CAMILO TORRES | Hace referencia a los servicios: Comedores Desayuno, Comedores Almuerzo, Comedores Cena, Combo Saludable Almuerzo, Cafetería Humanitas, Cafetería Akademia, Cafetería Bien estar Bien, Cafetería Campestre, La Cafeteria Bienestar Almuerzos, Bandejas, Desayunos, Mostrador, Servicios Especiales, etc."
EMPANADAS-RAPRITOS__SJME_DF_AGOSTO.xlsx,AGOSTO 21,0,"PROCESO BIENESTAR ESTUDIANTIL                                                                                                                                                            SUBPROCESO ATENCIÓN SOCIOECONÓMICA | Código: FBE.04 | CONTROL DE PEDIDO Y SALIDAS DE ALMACÉN (BODEGAS) | Versión: 04 | Fecha de Salida de Almacén | Categoría (Marque con X) | dd | mm | aaaa | Alimentos y bebidas | X | 8 | 2026 | Aseo y productos químicos | Desechables | Unidad de Servicio que solicita: CAFETERIA ADMINISTRACION 3 / EDIFICIO ADMINISTRACION 3 PISO 6 | Hace referencia a los servicios: Comedores Desayuno, Comedores Almuerzo, Comedores Cena, Combo Saludable Almuerzo, Cafetería Humanitas, Cafetería Akademia, Cafetería Bien estar Bien, Cafetería Campestre, La Cafeteria Bienestar Almuerzos, Bandejas, Desayunos, Mostrador, Servicios Especiales, etc."
EMPANADAS-RAPRITOS__SJME_DF_AGOSTO.xlsx,AGOSTO 21,1,"PROCESO BIENESTAR ESTUDIANTIL                                                                                                                                                            SUBPROCESO ATENCIÓN SOCIOECONÓMICA | Código: FBE.04 | CONTROL DE PEDIDO Y SALIDAS DE ALMACÉN (BODEGAS) | Versión: 04 | Fecha de Salida de Almacén | Categoría (Marque con X) | dd | mm | aaaa | Alimentos y bebidas | X | 21 | 8 | 2026 | Aseo y productos químicos | Desechables | Unidad de Servicio que solicita:  CAFETERIA BIENESTAR ESTUDIANTIL/ DEDIFICIO BIENESTAR ESTUDIANTIL PISO | Hace referencia a los servicios: Comedores Desayuno, Comedores Almuerzo, Comedores Cena, Combo Saludable Almuerzo, Cafetería Humanitas, Cafetería Akademia, Cafetería Bien estar Bien, Cafetería Campestre, La Cafeteria Bienestar Almuerzos, Bandejas, Desayunos, Mostrador, Servicios Especiales, etc."
EMPANADAS-RAPRITOS__SJME_DF_AGOSTO.xlsx,AGOSTO 21,2,"PROCESO BIENESTAR ESTUDIANTIL                                                                                                                                                            SUBPROCESO ATENCIÓN SOCIOECONÓMICA | Código: FBE.04 | CONTROL DE PEDIDO Y SALIDAS DE ALMACÉN (BODEGAS) | Versión: 04 | Fecha de Salida de Almacén | Categoría (Marque con X) | dd | mm | aaaa | Alimentos y bebidas | X | 21 | 8 | 2026 | Aseo y productos químicos | Desechables | Unidad de Servicio que solicita: CAFE PLAZOLETA CAMILO TORRES | Hace referencia a los servicios: Comedores Desayuno, Comedores Almuerzo, Comedores Cena, Combo Saludable Almuerzo, Cafetería Humanitas, Cafetería Akademia, Cafetería Bien estar Bien, Cafetería Campestre, La Cafeteria Bienestar Almuerzos, Bandejas, Desayunos, Mostrador, Servicios Especiales, etc."
ENE_-_MARZO_COCA_COLA.xlsx,SALIDAS COCA COLA- FEB 3 OK (2,0,"PROCESO BIENESTAR ESTUDIANTIL                                                                                                                                                            SUBPROCESO ATENCIÓN SOCIOECONÓMICA | Código: FBE.04 | CONTROL DE PEDIDO Y SALIDAS DE ALMACÉN (BODEGAS) | Versión: 04 | Fecha de Salida de Almacén | Categoría (Marque con X) | dd | mm | aaaa | Alimentos y bebidas | X | 3 | 2 | 2026 | Aseo y productos químicos | Desechables | Unidad de Servicio que solicita:  CAFETERIA BIENESTAR ESTUDIANTIL/ DEDIFICIO BIENESTAR ESTUDIANTIL PISO 4 | Hace referencia a los servicios: Comedores Desayuno, Comedores Almuerzo, Comedores Cena, Combo Saludable Almuerzo, Cafetería Humanitas, Cafetería Akademia, Cafetería Bien estar Bien, Cafetería Campestre, La Cafeteria Bienestar Almuerzos, Bandejas, Desayunos, Mostrador, Servicios Especiales, etc."
ENE_-_MARZO_COCA_COLA.xlsx,SALIDAS COCA COLA- FEB 3 OK (2,1,"PROCESO BIENESTAR ESTUDIANTIL                                                                                                                                                            SUBPROCESO ATENCIÓN SOCIOECONÓMICA | Código: FBE.04 | CONTROL DE PEDIDO Y SALIDAS DE ALMACÉN (BODEGAS) | Versión: 04 | PROCESO BIENESTAR ESTUDIANTIL                                                                                                                                                            SUBPROCESO ATENCIÓN SOCIOECONÓMICA | Código: FBE.04 | CONTROL DE PEDIDO Y SALIDAS DE ALMACÉN (BODEGAS) | Versión: 04 | Fecha de Salida de Almacén | Categoría (Marque con X) | dd | mm | aaaa | Alimentos y bebidas | X | 3 | 2 | 2026 | Aseo y productos químicos | Fecha de Salida de Almacén | Categoría (Marque con X) | Desechables | dd | mm | aaaa | Alimentos y bebidas | X | 3 | 2 | 2026 | Aseo y productos químicos | Unidad de Servicio que solicita: CAFETERIA ADMINISTRACION 3 / EDIFICIO ADMINISTRACION 3 PISO 6 | Desechables | Hace referencia a los servicios: Comedores Desayuno, Comedores Almuerzo, Comedores Cena, Combo Saludable Almuerzo, Cafetería Humanitas, Cafetería Akademia, Cafetería Bien estar Bien, Cafetería Campestre, La Cafeteria Bienestar Almuerzos, Bandejas, Desayunos, Mostrador, Servicios Especiales, etc. | Unidad de Servicio que solicita:  CAFETERIA CAMILO TORRES/ COMPLEJO ACADEMICO CAMILO TORRES PISO 1"
ENE_-_MARZO_COCA_COLA.xlsx,SALIDAS COCA COLA- FEB10OK SJM,0,"PROCESO BIENESTAR ESTUDIANTIL                                                                                                                                                            SUBPROCESO ATENCIÓN SOCIOECONÓMICA | Código: FBE.04 | CONTROL DE PEDIDO Y SALIDAS DE ALMACÉN (BODEGAS) | Versión: 04 | Fecha de Salida de Almacén | Categoría (Marque con X) | dd | mm | aaaa | Alimentos y bebidas | X | 10 | 2 | 2026 | Aseo y productos químicos | Desechables | Unidad de Servicio que solicita:  CAFETERIA BIENESTAR ESTUDIANTIL/ DEDIFICIO BIENESTAR ESTUDIANTIL PISO 4 | Hace referencia a los servicios: Comedores Desayuno, Comedores Almuerzo, Comedores Cena, Combo Saludable Almuerzo, Cafetería Humanitas, Cafetería Akademia, Cafetería Bien estar Bien, Cafetería Campestre, La Cafeteria Bienestar Almuerzos, Bandejas, Desayunos, Mostrador, Servicios Especiales, etc."
ENE_-_MARZO_COCA_COLA.xlsx,SALIDAS COCA COLA- FEB10OK SJM,1,"PROCESO BIENESTAR ESTUDIANTIL                                                                                                                                                            SUBPROCESO ATENCIÓN SOCIOECONÓMICA | Código: FBE.04 | CONTROL DE PEDIDO Y SALIDAS DE ALMACÉN (BODEGAS) | Versión: 04 | PROCESO BIENESTAR ESTUDIANTIL                                                                                                                                                            SUBPROCESO ATENCIÓN SOCIOECONÓMICA | Código: FBE.04 | CONTROL DE PEDIDO Y SALIDAS DE ALMACÉN (BODEGAS) | Versión: 04 | Fecha de Salida de Almacén | Categoría (Marque con X) | dd | mm | aaaa | Alimentos y bebidas | X | 10 | 2 | 2026 | Aseo y productos químicos | Fecha de Salida de Almacén | Categoría (Marque con X) | Desechables | dd | mm | aaaa | Alimentos y bebidas | X | 10 | 2 | 2026 | Aseo y productos químicos | Unidad de Servicio que solicita: CAFETERIA ADMINISTRACION 3 / EDIFICIO ADMINISTRACION 3 PISO 6 | Desechables | Hace referencia a los servicios: Comedores Desayuno, Comedores Almuerzo, Comedores Cena, Combo Saludable Almuerzo, Cafetería Humanitas, Cafetería Akademia, Cafetería Bien estar Bien, Cafetería Campestre, La Cafeteria Bienestar Almuerzos, Bandejas, Desayunos, Mostrador, Servicios Especiales, etc. | Unidad de Servicio que solicita:  CAFETERIA CAMILO TORRES/ COMPLEJO ACADEMICO CAMILO TORRES PISO 1"
ENE_-_MARZO_COCA_COLA.xlsx,SALIDAS COCA COLA- FEB24,0,"PROCESO BIENESTAR ESTUDIANTIL                                                                                                                                                            SUBPROCESO ATENCIÓN SOCIOECONÓMICA | Código: FBE.04 | CONTROL DE PEDIDO Y SALIDAS DE ALMACÉN (BODEGAS) | Versión: 04 | Fecha de Salida de Almacén | Categoría (Marque con X) | dd | mm | aaaa | Alimentos y bebidas | X | 24 | 2 | 2026 | Aseo y productos químicos | Desechables | Unidad de Servicio que solicita:  CAFETERIA BIENESTAR ESTUDIANTIL/ DEDIFICIO BIENESTAR ESTUDIANTIL PISO 4 | Hace referencia a los servicios: Comedores Desayuno, Comedores Almuerzo, Comedores Cena, Combo Saludable Almuerzo, Cafetería Humanitas, Cafetería Akademia, Cafetería Bien estar Bien, Cafetería Campestre, La Cafeteria Bienestar Almuerzos, Bandejas, Desayunos, Mostrador, Servicios Especiales, etc."
ENE_-_MARZO_COCA_COLA.xlsx,SALIDAS COCA COLA- FEB24,1,"PROCESO BIENESTAR ESTUDIANTIL                                                                                                                                                            SUBPROCESO ATENCIÓN SOCIOECONÓMICA | Código: FBE.04 | CONTROL DE PEDIDO Y SALIDAS DE ALMACÉN (BODEGAS) | Versión: 04 | PROCESO BIENESTAR ESTUDIANTIL                                                                                                                                                            SUBPROCESO ATENCIÓN SOCIOECONÓMICA | Código: FBE.04 | CONTROL DE PEDIDO Y SALIDAS DE ALMACÉN (BODEGAS) | Versión: 04 | Fecha de Salida de Almacén | Categoría (Marque con X) | dd | mm | aaaa | Alimentos y bebidas | X | 24 | 2 | 2026 | Aseo y productos químicos | Fecha de Salida de Almacén | Categoría (Marque con X) | Desechables | dd | mm | aaaa | Alimentos y bebidas | X | 24 | 2 | 2026 | Aseo y productos químicos | Unidad de Servicio que solicita: CAFETERIA ADMINISTRACION 3 / EDIFICIO ADMINISTRACION 3 PISO 6 | Desechables | Hace referencia a los servicios: Comedores Desayuno, Comedores Almuerzo, Comedores Cena, Combo Saludable Almuerzo, Cafetería Humanitas, Cafetería Akademia, Cafetería Bien estar Bien, Cafetería Campestre, La Cafeteria Bienestar Almuerzos, Bandejas, Desayunos, Mostrador, Servicios Especiales, etc. | Unidad de Servicio que solicita:  CAFETERIA CAMILO TORRES/ COMPLEJO ACADEMICO CAMILO TORRES PISO 1"
ENE_-_MARZO_COCA_COLA.xlsx,SALIDAS COCA COLA- FEB17,0,"PROCESO BIENESTAR ESTUDIANTIL                                                                                                                                                            SUBPROCESO ATENCIÓN SOCIOECONÓMICA | Código: FBE.04 | CONTROL DE PEDIDO Y SALIDAS DE ALMACÉN (BODEGAS) | Versión: 04 | Fecha de Salida de Almacén | Categoría (Marque con X) | dd | mm | aaaa | Alimentos y bebidas | X | 17 | 2 | 2026 | Aseo y productos químicos | Desechables | Unidad de Servicio que solicita:  CAFETERIA BIENESTAR ESTUDIANTIL/ DEDIFICIO BIENESTAR ESTUDIANTIL PISO 4 | Hace referencia a los servicios: Comedores Desayuno, Comedores Almuerzo, Comedores Cena, Combo Saludable Almuerzo, Cafetería Humanitas, Cafetería Akademia, Cafetería Bien estar Bien, Cafetería Campestre, La Cafeteria Bienestar Almuerzos, Bandejas, Desayunos, Mostrador, Servicios Especiales, etc."
ENE_-_MARZO_COCA_COLA.xlsx,SALIDAS COCA COLA- FEB17,1,"PROCESO BIENESTAR ESTUDIANTIL                                                                                                                                                            SUBPROCESO ATENCIÓN SOCIOECONÓMICA | Código: FBE.04 | CONTROL DE PEDIDO Y SALIDAS DE ALMACÉN (BODEGAS) | Versión: 04 | PROCESO BIENESTAR ESTUDIANTIL                                                                                                                                                            SUBPROCESO ATENCIÓN SOCIOECONÓMICA | Código: FBE.04 | CONTROL DE PEDIDO Y SALIDAS DE ALMACÉN (BODEGAS) | Versión: 04 | Fecha de Salida de Almacén | Categoría (Marque con X) | dd | mm | aaaa | Alimentos y bebidas | X | 10 | 2 | 2026 | Aseo y productos químicos | Fecha de Salida de Almacén | Categoría (Marque con X) | Desechables | dd | mm | aaaa | Alimentos y bebidas | X | 17 | 2 | 2026 | Aseo y productos químicos | Unidad de Servicio que solicita: CAFETERIA ADMINISTRACION 3 / EDIFICIO ADMINISTRACION 3 PISO 6 | Desechables | Hace referencia a los servicios: Comedores Desayuno, Comedores Almuerzo, Comedores Cena, Combo Saludable Almuerzo, Cafetería Humanitas, Cafetería Akademia, Cafetería Bien estar Bien, Cafetería Campestre, La Cafeteria Bienestar Almuerzos, Bandejas, Desayunos, Mostrador, Servicios Especiales, etc. | Unidad de Servicio que solicita:  CAFETERIA CAMILO TORRES/ COMPLEJO ACADEMICO CAMILO TORRES PISO 1"
ENE_-_MARZO_COCA_COLA.xlsx,SALIDAS COCA COLA- MARZO 2,0,"PROCESO BIENESTAR ESTUDIANTIL                                                                                                                                                            SUBPROCESO ATENCIÓN SOCIOECONÓMICA | Código: FBE.04 | CONTROL DE PEDIDO Y SALIDAS DE ALMACÉN (BODEGAS) | Versión: 04 | Fecha de Salida de Almacén | Categoría (Marque con X) | dd | mm | aaaa | Alimentos y bebidas | X | 2026 | Aseo y productos químicos | Desechables | Unidad de Servicio que solicita:  CAFETERIA BIENESTAR ESTUDIANTIL/ DEDIFICIO BIENESTAR ESTUDIANTIL PISO 4 | Hace referencia a los servicios: Comedores Desayuno, Comedores Almuerzo, Comedores Cena, Combo Saludable Almuerzo, Cafetería Humanitas, Cafetería Akademia, Cafetería Bien estar Bien, Cafetería Campestre, La Cafeteria Bienestar Almuerzos, Bandejas, Desayunos, Mostrador, Servicios Especiales, etc."
ENE_-_MARZO_COCA_COLA.xlsx,SALIDAS COCA COLA- MARZO 2,1,"PROCESO BIENESTAR ESTUDIANTIL                                                                                                                                                            SUBPROCESO ATENCIÓN SOCIOECONÓMICA | Código: FBE.04 | CONTROL DE PEDIDO Y SALIDAS DE ALMACÉN (BODEGAS) | Versión: 04 | PROCESO BIENESTAR ESTUDIANTIL                                                                                                                                                            SUBPROCESO ATENCIÓN SOCIOECONÓMICA | Código: FBE.04 | CONTROL DE PEDIDO Y SALIDAS DE ALMACÉN (BODEGAS) | Versión: 04 | Fecha de Salida de Almacén | Categoría (Marque con X) | dd | mm | aaaa | Alimentos y bebidas | X | 2026 | Aseo y productos químicos | Fecha de Salida de Almacén | Categoría (Marque con X) | Desechables | dd | mm | aaaa | Alimentos y bebidas | X | 3 | 3 | 2026 | Aseo y productos químicos | Unidad de Servicio que solicita: CAFETERIA ADMINISTRACION 3 / EDIFICIO ADMINISTRACION 3 PISO 6 | Desechables | Hace referencia a los servicios: Comedores Desayuno, Comedores Almuerzo, Comedores Cena, Combo Saludable Almuerzo, Cafetería Humanitas, Cafetería Akademia, Cafetería Bien estar Bien, Cafetería Campestre, La Cafeteria Bienestar Almuerzos, Bandejas, Desayunos, Mostrador, Servicios Especiales, etc. | Unidad de Servicio que solicita:  CAFETERIA CAMILO TORRES/ COMPLEJO ACADEMICO CAMILO TORRES PISO 1"
ENE_-_MARZO_COCA_COLA.xlsx,SALIDAS COCA COLA- MARZO 6,0,"PROCESO BIENESTAR ESTUDIANTIL                                                                                                                                                            SUBPROCESO ATENCIÓN SOCIOECONÓMICA | Código: FBE.04 | CONTROL DE PEDIDO Y SALIDAS DE ALMACÉN (BODEGAS) | Versión: 04 | Fecha de Salida de Almacén | Categoría (Marque con X) | dd | mm | aaaa | Alimentos y bebidas | X | 6 | 3 | 2026 | Aseo y productos químicos | Desechables | Unidad de Servicio que solicita:   CAFETERIA BIENESTAR ESTUDIANTIL/ DEDIFICIO BIENESTAR ESTUDIANTIL PISO 4 | Hace referencia a los servicios: Comedores Desayuno, Comedores Almuerzo, Comedores Cena, Combo Saludable Almuerzo, Cafetería Humanitas, Cafetería Akademia, Cafetería Bien estar Bien, Cafetería Campestre, La Cafeteria Bienestar Almuerzos, Bandejas, Desayunos, Mostrador, Servicios Especiales, etc."
ENE_-_MARZO_COCA_COLA.xlsx,SALIDAS COCA COLA- MARZO 6,1,"PROCESO BIENESTAR ESTUDIANTIL                                                                                                                                                            SUBPROCESO ATENCIÓN SOCIOECONÓMICA | Código: FBE.04 | CONTROL DE PEDIDO Y SALIDAS DE ALMACÉN (BODEGAS) | Versión: 04 | Fecha de Salida de Almacén | Categoría (Marque con X) | dd | mm | aaaa | Alimentos y bebidas | X | 6 | 3 | 2026 | Aseo y productos químicos | Desechables | Unidad de Servicio que solicita: CAFETERIA ADMINISTRACION 3 / EDIFICIO ADMINISTRACION 3 PISO 6 | Hace referencia a los servicios: Comedores Desayuno, Comedores Almuerzo, Comedores Cena, Combo Saludable Almuerzo, Cafetería Humanitas, Cafetería Akademia, Cafetería Bien estar Bien, Cafetería Campestre, La Cafeteria Bienestar Almuerzos, Bandejas, Desayunos, Mostrador, Servicios Especiales, etc."
ENE_-_MARZO_COCA_COLA.xlsx,SALIDAS COCA COLA- MARZO 10,0,"PROCESO BIENESTAR ESTUDIANTIL                                                                                                                                                            SUBPROCESO ATENCIÓN SOCIOECONÓMICA | Código: FBE.04 | CONTROL DE PEDIDO Y SALIDAS DE ALMACÉN (BODEGAS) | Versión: 04 | Fecha de Salida de Almacén | Categoría (Marque con X) | dd | mm | aaaa | Alimentos y bebidas | X | 10 | 3 | 2026 | Aseo y productos químicos | Desechables | Unidad de Servicio que solicita: CAFETERIA CAFE PLAZOLETA CAMILO TORRES | Hace referencia a los servicios: Comedores Desayuno, Comedores Almuerzo, Comedores Cena, Combo Saludable Almuerzo, Cafetería Humanitas, Cafetería Akademia, Cafetería Bien estar Bien, Cafetería Campestre, La Cafeteria Bienestar Almuerzos, Bandejas, Desayunos, Mostrador, Servicios Especiales, etc."
ENE_-_MARZO_COCA_COLA.xlsx,SALIDAS COCA COLA- MARZO 11,0,"PROCESO BIENESTAR ESTUDIANTIL                                                                                                                                                            SUBPROCESO ATENCIÓN SOCIOECONÓMICA | Código: FBE.04 | CONTROL DE PEDIDO Y SALIDAS DE ALMACÉN (BODEGAS) | Versión: 04 | Fecha de Salida de Almacén | Categoría (Marque con X) | dd | mm | aaaa | Alimentos y bebidas | X | 11 | 2 | 2026 | Aseo y productos químicos | Desechables | Unidad de Servicio que solicita:  CAFETERIA BIENESTAR ESTUDIANTIL/ DEDIFICIO BIENESTAR ESTUDIANTIL PISO 4 | Hace referencia a los servicios: Comedores Desayuno, Comedores Almuerzo, Comedores Cena, Combo Saludable Almuerzo, Cafetería Humanitas, Cafetería Akademia, Cafetería Bien estar Bien, Cafetería Campestre, La Cafeteria Bienestar Almuerzos, Bandejas, Desayunos, Mostrador, Servicios Especiales, etc."
ENE_-_MARZO_COCA_COLA.xlsx,SALIDAS COCA COLA- MARZO 17,0,"PROCESO BIENESTAR ESTUDIANTIL                                                                                                                                                            SUBPROCESO ATENCIÓN SOCIOECONÓMICA | Código: FBE.04 | CONTROL DE PEDIDO Y SALIDAS DE ALMACÉN (BODEGAS) | Versión: 04 | Fecha de Salida de Almacén | Categoría (Marque con X) | dd | mm | aaaa | Alimentos y bebidas | X | 17 | 2 | 2026 | Aseo y productos químicos | Desechables | Unidad de Servicio que solicita:  CAFETERIA BIENESTAR ESTUDIANTIL/ DEDIFICIO BIENESTAR ESTUDIANTIL PISO 4 | Hace referencia a los servicios: Comedores Desayuno, Comedores Almuerzo, Comedores Cena, Combo Saludable Almuerzo, Cafetería Humanitas, Cafetería Akademia, Cafetería Bien estar Bien, Cafetería Campestre, La Cafeteria Bienestar Almuerzos, Bandejas, Desayunos, Mostrador, Servicios Especiales, etc."
ENE_-_MARZO_COCA_COLA.xlsx,SALIDAS COCA COLA- MARZO 17,1,"PROCESO BIENESTAR ESTUDIANTIL                                                                                                                                                            SUBPROCESO ATENCIÓN SOCIOECONÓMICA | Código: FBE.04 | CONTROL DE PEDIDO Y SALIDAS DE ALMACÉN (BODEGAS) | Versión: 04 | Fecha de Salida de Almacén | Categoría (Marque con X) | dd | mm | aaaa | Alimentos y bebidas | X | 17 | 3 | 2026 | Aseo y productos químicos | Desechables | Unidad de Servicio que solicita: CAFETERIA CAFE PLAZOLETA CAMILO TORRES | Hace referencia a los servicios: Comedores Desayuno, Comedores Almuerzo, Comedores Cena, Combo Saludable Almuerzo, Cafetería Humanitas, Cafetería Akademia, Cafetería Bien estar Bien, Cafetería Campestre, La Cafeteria Bienestar Almuerzos, Bandejas, Desayunos, Mostrador, Servicios Especiales, etc."
ENE_-_MARZO_COCA_COLA.xlsx,SALIDAS COCA COLA- MARZO 24,0,"PROCESO BIENESTAR ESTUDIANTIL                                                                                                                                                            SUBPROCESO ATENCIÓN SOCIOECONÓMICA | Código: FBE.04 | CONTROL DE PEDIDO Y SALIDAS DE ALMACÉN (BODEGAS) | Versión: 04 | Fecha de Salida de Almacén | Categoría (Marque con X) | dd | mm | aaaa | Alimentos y bebidas | X | 24 | 3 | 2026 | Aseo y productos químicos | Desechables | Unidad de Servicio que solicita: CAFETERIA CAFE PLAZOLETA CAMILO TORRES | Hace referencia a los servicios: Comedores Desayuno, Comedores Almuerzo, Comedores Cena, Combo Saludable Almuerzo, Cafetería Humanitas, Cafetería Akademia, Cafetería Bien estar Bien, Cafetería Campestre, La Cafeteria Bienestar Almuerzos, Bandejas, Desayunos, Mostrador, Servicios Especiales, etc."
ENE_-_MARZO_COCA_COLA.xlsx,SALIDAS COCA COLA- MARZO25,0,"PROCESO BIENESTAR ESTUDIANTIL                                                                                                                                                            SUBPROCESO ATENCIÓN SOCIOECONÓMICA | Código: FBE.04 | CONTROL DE PEDIDO Y SALIDAS DE ALMACÉN (BODEGAS) | Versión: 04 | Fecha de Salida de Almacén | Categoría (Marque con X) | dd | mm | aaaa | Alimentos y bebidas | X | 25 | 3 | 2026 | Aseo y productos químicos | Desechables | Unidad de Servicio que solicita: CAFETERIA BIENESTAR ESTUDIANTIL/ DEDIFICIO BIENESTAR ESTUDIANTIL PISO 4 | Hace referencia a los servicios: Comedores Desayuno, Comedores Almuerzo, Comedores Cena, Combo Saludable Almuerzo, Cafetería Humanitas, Cafetería Akademia, Cafetería Bien estar Bien, Cafetería Campestre, La Cafeteria Bienestar Almuerzos, Bandejas, Desayunos, Mostrador, Servicios Especiales, etc."
ENE_-_MARZO_COCA_COLA.xlsx,SALIDAS COCA COLA- ABRIL 06,0,"PROCESO BIENESTAR ESTUDIANTIL                                                                                                                                                            SUBPROCESO ATENCIÓN SOCIOECONÓMICA | Código: FBE.04 | CONTROL DE PEDIDO Y SALIDAS DE ALMACÉN (BODEGAS) | Versión: 04 | Fecha de Salida de Almacén | Categoría (Marque con X) | dd | mm | aaaa | Alimentos y bebidas | X | 6 | 4 | 2026 | Aseo y productos químicos | Desechables | Unidad de Servicio que solicita: CAFETERIA BIENESTAR ESTUDIANTIL/ DEDIFICIO BIENESTAR ESTUDIANTIL PISO 4 | Hace referencia a los servicios: Comedores Desayuno, Comedores Almuerzo, Comedores Cena, Combo Saludable Almuerzo, Cafetería Humanitas, Cafetería Akademia, Cafetería Bien estar Bien, Cafetería Campestre, La Cafeteria Bienestar Almuerzos, Bandejas, Desayunos, Mostrador, Servicios Especiales, etc."
ENE_-_MARZO_COCA_COLA.xlsx,SALIDAS COCA COLA- ABRIL 06,1,"PROCESO BIENESTAR ESTUDIANTIL                                                                                                                                                            SUBPROCESO ATENCIÓN SOCIOECONÓMICA | Código: FBE.04 | CONTROL DE PEDIDO Y SALIDAS DE ALMACÉN (BODEGAS) | Versión: 04 | Fecha de Salida de Almacén | Categoría (Marque con X) | dd | mm | aaaa | Alimentos y bebidas | X | 6 | 4 | 2026 | Aseo y productos químicos | Desechables | Unidad de Servicio que solicita:  CAFETERIA ADMINISTRACION 3 / EDIFICIO ADMINISTRACION 3 PISO 6 | Hace referencia a los servicios: Comedores Desayuno, Comedores Almuerzo, Comedores Cena, Combo Saludable Almuerzo, Cafetería Humanitas, Cafetería Akademia, Cafetería Bien estar Bien, Cafetería Campestre, La Cafeteria Bienestar Almuerzos, Bandejas, Desayunos, Mostrador, Servicios Especiales, etc."
ENE_-_MARZO_COCA_COLA.xlsx,SALIDAS COCA COLA- ABRIL 29,0,"PROCESO BIENESTAR ESTUDIANTIL                                                                                                                                                            SUBPROCESO ATENCIÓN SOCIOECONÓMICA | Código: FBE.04 | CONTROL DE PEDIDO Y SALIDAS DE ALMACÉN (BODEGAS) | Versión: 04 | Fecha de Salida de Almacén | Categoría (Marque con X) | dd | mm | aaaa | Alimentos y bebidas | X | 28 | 4 | 2026 | Aseo y productos químicos | Desechables | Unidad de Servicio que solicita: CAFETERIA BIENESTAR ESTUDIANTIL/ DEDIFICIO BIENESTAR ESTUDIANTIL PISO 4 | Hace referencia a los servicios: Comedores Desayuno, Comedores Almuerzo, Comedores Cena, Combo Saludable Almuerzo, Cafetería Humanitas, Cafetería Akademia, Cafetería Bien estar Bien, Cafetería Campestre, La Cafeteria Bienestar Almuerzos, Bandejas, Desayunos, Mostrador, Servicios Especiales, etc."
ENE_-_MARZO_COCA_COLA.xlsx,SALIDAS COCA COLA- ABRIL 29,1,"PROCESO BIENESTAR ESTUDIANTIL                                                                                                                                                            SUBPROCESO ATENCIÓN SOCIOECONÓMICA | Código: FBE.04 | CONTROL DE PEDIDO Y SALIDAS DE ALMACÉN (BODEGAS) | Versión: 04 | Fecha de Salida de Almacén | Categoría (Marque con X) | dd | mm | aaaa | Alimentos y bebidas | X | 28 | 4 | 2026 | Aseo y productos químicos | Desechables | Unidad de Servicio que solicita:  CAFETERIA CAFE PLAZOLETA CAMILO TORRES | Hace referencia a los servicios: Comedores Desayuno, Comedores Almuerzo, Comedores Cena, Combo Saludable Almuerzo, Cafetería Humanitas, Cafetería Akademia, Cafetería Bien estar Bien, Cafetería Campestre, La Cafeteria Bienestar Almuerzos, Bandejas, Desayunos, Mostrador, Servicios Especiales, etc."
ENE_-_MARZO_COCA_COLA.xlsx,SALIDAS COCA COLA- ABRIL 29,2,"PROCESO BIENESTAR ESTUDIANTIL                                                                                                                                                            SUBPROCESO ATENCIÓN SOCIOECONÓMICA | Código: FBE.04 | CONTROL DE PEDIDO Y SALIDAS DE ALMACÉN (BODEGAS) | Versión: 04 | Fecha de Salida de Almacén | Categoría (Marque con X) | dd | mm | aaaa | Alimentos y bebidas | X | 28 | 4 | 2026 | Aseo y productos químicos | Desechables | Unidad de Servicio que solicita:  CAFETERIA ADMINISTRACION 3 / EDIFICIO ADMINISTRACION 3 PISO 6 | Hace referencia a los servicios: Comedores Desayuno, Comedores Almuerzo, Comedores Cena, Combo Saludable Almuerzo, Cafetería Humanitas, Cafetería Akademia, Cafetería Bien estar Bien, Cafetería Campestre, La Cafeteria Bienestar Almuerzos, Bandejas, Desayunos, Mostrador, Servicios Especiales, etc."
ENE_-_MARZO_COCA_COLA.xlsx,SALIDAS COCA COLA- ABRIL 30,0,"PROCESO BIENESTAR ESTUDIANTIL                                                                                                                                                            SUBPROCESO ATENCIÓN SOCIOECONÓMICA | Código: FBE.04 | CONTROL DE PEDIDO Y SALIDAS DE ALMACÉN (BODEGAS) | Versión: 04 | Fecha de Salida de Almacén | Categoría (Marque con X) | dd | mm | aaaa | Alimentos y bebidas | X | 29 | 4 | 2026 | Aseo y productos químicos | Desechables | Unidad de Servicio que solicita:   CAFETERIA BIENESTAR ESTUDIANTIL/ DEDIFICIO BIENESTAR ESTUDIANTIL PISO 4 | Hace referencia a los servicios: Comedores Desayuno, Comedores Almuerzo, Comedores Cena, Combo Saludable Almuerzo, Cafetería Humanitas, Cafetería Akademia, Cafetería Bien estar Bien, Cafetería Campestre, La Cafeteria Bienestar Almuerzos, Bandejas, Desayunos, Mostrador, Servicios Especiales, etc."
ENE_-_MARZO_COCA_COLA.xlsx,FRUVER DF,,PROCESO BIENESTAR ESTUDIANTIL                                                                                                                                                            SUBPROCESO ATENCIÓN SOCIOECONÓMICA | Código: FBE.04 | CONTROL DE PEDIDO Y SALIDAS DE ALMACÉN (BODEGAS) | Versión: 04 | Fecha desde | Fecha hasta | dd | mm | aaaa | dd | mm | aaaa | Unidad de Servicio que solicita: | BIENESTAR ESTUDIANTIL | FECHA / CANTIDAD DIARIA POR UNIDADES
ENE_-_MARZO_COCA_COLA.xlsx,SALIDAS COCA COLA- MAYO 12,0,"PROCESO BIENESTAR ESTUDIANTIL                                                                                                                                                            SUBPROCESO ATENCIÓN SOCIOECONÓMICA | Código: FBE.04 | CONTROL DE PEDIDO Y SALIDAS DE ALMACÉN (BODEGAS) | Versión: 04 | Fecha de Salida de Almacén | Categoría (Marque con X) | dd | mm | aaaa | Alimentos y bebidas | X | 12 | 5 | 2026 | Aseo y productos químicos | Desechables | Unidad de Servicio que solicita:  CAFETERIA ADMINISTRACION 3 / EDIFICIO ADMINISTRACION 3 PISO 6 | Hace referencia a los servicios: Comedores Desayuno, Comedores Almuerzo, Comedores Cena, Combo Saludable Almuerzo, Cafetería Humanitas, Cafetería Akademia, Cafetería Bien estar Bien, Cafetería Campestre, La Cafeteria Bienestar Almuerzos, Bandejas, Desayunos, Mostrador, Servicios Especiales, etc."
ENE_-_MARZO_COCA_COLA.xlsx,SALIDAS COCA COLA- MAYO 12,1,"PROCESO BIENESTAR ESTUDIANTIL                                                                                                                                                            SUBPROCESO ATENCIÓN SOCIOECONÓMICA | Código: FBE.04 | CONTROL DE PEDIDO Y SALIDAS DE ALMACÉN (BODEGAS) | Versión: 04 | Fecha de Salida de Almacén | Categoría (Marque con X) | dd | mm | aaaa | Alimentos y bebidas | X | 12 | 5 | 2026 | Aseo y productos químicos | Desechables | Unidad de Servicio que solicita:   CAFETERIA BIENESTAR ESTUDIANTIL/ DEDIFICIO BIENESTAR ESTUDIANTIL PISO 4 | Hace referencia a los servicios: Comedores Desayuno, Comedores Almuerzo, Comedores Cena, Combo Saludable Almuerzo, Cafetería Humanitas, Cafetería Akademia, Cafetería Bien estar Bien, Cafetería Campestre, La Cafeteria Bienestar Almuerzos, Bandejas, Desayunos, Mostrador, Servicios Especiales, etc."
ENE_-_MARZO_COCA_COLA.xlsx,SALIDAS COCA COLA- MAYO 12,2,"PROCESO BIENESTAR ESTUDIANTIL                                                                                                                                                            SUBPROCESO ATENCIÓN SOCIOECONÓMICA | Código: FBE.04 | CONTROL DE PEDIDO Y SALIDAS DE ALMACÉN (BODEGAS) | Versión: 04 | Fecha de Salida de Almacén | Categoría (Marque con X) | dd | mm | aaaa | Alimentos y bebidas | X | 12 | 5 | 2026 | Aseo y productos químicos | Desechables | Unidad de Servicio que solicita: CAFETERIA CAFE PLAZOLETA CAMILO TORRES | Hace referencia a los servicios: Comedores Desayuno, Comedores Almuerzo, Comedores Cena, Combo Saludable Almuerzo, Cafetería Humanitas, Cafetería Akademia, Cafetería Bien estar Bien, Cafetería Campestre, La Cafeteria Bienestar Almuerzos, Bandejas, Desayunos, Mostrador, Servicios Especiales, etc."
ENE_-_MARZO_COCA_COLA.xlsx,SALIDAS COCA COLA MAYO 19,0,"PROCESO BIENESTAR ESTUDIANTIL                                                                                                                                                            SUBPROCESO ATENCIÓN SOCIOECONÓMICA | Código: FBE.04 | CONTROL DE PEDIDO Y SALIDAS DE ALMACÉN (BODEGAS) | Versión: 04 | Fecha de Salida de Almacén | Categoría (Marque con X) | dd | mm | aaaa | Alimentos y bebidas | X | 19 | 5 | 2026 | Aseo y productos químicos | Desechables | Unidad de Servicio que solicita: CAFETERIA CAFE PLAZOLETA CAMILO TORRES | Hace referencia a los servicios: Comedores Desayuno, Comedores Almuerzo, Comedores Cena, Combo Saludable Almuerzo, Cafetería Humanitas, Cafetería Akademia, Cafetería Bien estar Bien, Cafetería Campestre, La Cafeteria Bienestar Almuerzos, Bandejas, Desayunos, Mostrador, Servicios Especiales, etc."
ENE_-_MARZO_COCA_COLA.xlsx,SALIDA COCA COLA MAYO 26,0,"PROCESO BIENESTAR ESTUDIANTIL                                                                                                                                                            SUBPROCESO ATENCIÓN SOCIOECONÓMICA | Código: FBE.04 | CONTROL DE PEDIDO Y SALIDAS DE ALMACÉN (BODEGAS) | Versión: 04 | Fecha de Salida de Almacén | Categoría (Marque con X) | dd | mm | aaaa | Alimentos y bebidas | X | 26 | 5 | 2026 | Aseo y productos químicos | Desechables | Unidad de Servicio que solicita:   CAFETERIA BIENESTAR ESTUDIANTIL/ DEDIFICIO BIENESTAR ESTUDIANTIL PISO 4 | Hace referencia a los servicios: Comedores Desayuno, Comedores Almuerzo, Comedores Cena, Combo Saludable Almuerzo, Cafetería Humanitas, Cafetería Akademia, Cafetería Bien estar Bien, Cafetería Campestre, La Cafeteria Bienestar Almuerzos, Bandejas, Desayunos, Mostrador, Servicios Especiales, etc."
ENERO_RECETTA_.xlsx,RECETTA ORIGINAL,,PROCESO BIENESTAR ESTUDIANTIL                                                                                                                                                            SUBPROCESO ATENCIÓN SOCIOECONÓMICA | Código: FBE.04 | CONTROL DE PEDIDO Y SALIDAS DE ALMACÉN (BODEGAS) | Versión: 04 | Fecha desde | Fecha hasta | dd | mm | aaaa | dd | mm | aaaa | Unidad de Servicio que solicita: | BIENESTAR ESTUDIANTIL | FECHA / CANTIDAD DIARIA POR UNIDADES
ENERO_RECETTA_.xlsx,ENERO,,PROCESO BIENESTAR ESTUDIANTIL                                                                                                                                                            SUBPROCESO ATENCIÓN SOCIOECONÓMICA | Código: FBE.04 | CONTROL DE PEDIDO Y SALIDAS DE ALMACÉN (BODEGAS) | Versión: 04 | Fecha desde | Fecha hasta | dd | mm | aaaa | dd | mm | aaaa | Unidad de Servicio que solicita: | BIENESTAR ESTUDIANTIL | FECHA / CANTIDAD DIARIA POR UNIDADES
ENERO_RECETTA_.xlsx,FRUVER DF,,PROCESO BIENESTAR ESTUDIANTIL                                                                                                                                                            SUBPROCESO ATENCIÓN SOCIOECONÓMICA | Código: FBE.04 | CONTROL DE PEDIDO Y SALIDAS DE ALMACÉN (BODEGAS) | Versión: 04 | Fecha desde | Fecha hasta | dd | mm | aaaa | dd | mm | aaaa | Unidad de Servicio que solicita: | BIENESTAR ESTUDIANTIL | FECHA / CANTIDAD DIARIA POR UNIDADES
FAMA_AGOSTO.xlsx,AGOSTO 12,0,"PROCESO BIENESTAR ESTUDIANTIL                                                                                                                                                            SUBPROCESO ATENCIÓN SOCIOECONÓMICA | Código: FBE.04 | CONTROL DE PEDIDO Y SALIDAS DE ALMACÉN (BODEGAS) | Versión: 04 | Fecha de Salida de Almacén | Categoría (Marque con X) | dd | mm | aaaa | Alimentos y bebidas | X | 12 | 8 | 2026 | Aseo y productos químicos | Desechables | Unidad de Servicio que solicita: CAFETERIA CAMILO TORRES/ COMPLEJO ACADEMICO CAMILO TORRES PISO 1 | Hace referencia a los servicios: Comedores Desayuno, Comedores Almuerzo, Comedores Cena, Combo Saludable Almuerzo, Cafetería Humanitas, Cafetería Akademia, Cafetería Bien estar Bien, Cafetería Campestre, La Cafeteria Bienestar Almuerzos, Bandejas, Desayunos, Mostrador, Servicios Especiales, etc."
FAMA_AGOSTO.xlsx,AGOSTO 19,0,"PROCESO BIENESTAR ESTUDIANTIL                                                                                                                                                            SUBPROCESO ATENCIÓN SOCIOECONÓMICA | Código: FBE.04 | CONTROL DE PEDIDO Y SALIDAS DE ALMACÉN (BODEGAS) | Versión: 04 | Fecha de Salida de Almacén | Categoría (Marque con X) | dd | mm | aaaa | Alimentos y bebidas | X | 2026 | Aseo y productos químicos | Desechables | Unidad de Servicio que solicita: CAFETERIA CAMILO TORRES/ COMPLEJO ACADEMICO CAMILO TORRES PISO 1 | Hace referencia a los servicios: Comedores Desayuno, Comedores Almuerzo, Comedores Cena, Combo Saludable Almuerzo, Cafetería Humanitas, Cafetería Akademia, Cafetería Bien estar Bien, Cafetería Campestre, La Cafeteria Bienestar Almuerzos, Bandejas, Desayunos, Mostrador, Servicios Especiales, etc."
FAMA_FEBRERO.xlsx,SALIDAS FAMA- FEB 4 BE Y CT (2,0,"PROCESO BIENESTAR ESTUDIANTIL                                                                                                                                                            SUBPROCESO ATENCIÓN SOCIOECONÓMICA | Código: FBE.04 | CONTROL DE PEDIDO Y SALIDAS DE ALMACÉN (BODEGAS) | Versión: 04 | Fecha de Salida de Almacén | Categoría (Marque con X) | dd | mm | aaaa | Alimentos y bebidas | X | 4 | 2 | 2026 | Aseo y productos químicos | Desechables | Unidad de Servicio que solicita: CAFETERIA BIENESTAR ESTUDIANTIL / EDIFICIO BIENESTAR ESTUDIANTIL PISO 4 | Hace referencia a los servicios: Comedores Desayuno, Comedores Almuerzo, Comedores Cena, Combo Saludable Almuerzo, Cafetería Humanitas, Cafetería Akademia, Cafetería Bien estar Bien, Cafetería Campestre, La Cafeteria Bienestar Almuerzos, Bandejas, Desayunos, Mostrador, Servicios Especiales, etc."
FAMA_FEBRERO.xlsx,SALIDAS FAMA- FEB 4 BE Y CT (2,1,"PROCESO BIENESTAR ESTUDIANTIL                                                                                                                                                            SUBPROCESO ATENCIÓN SOCIOECONÓMICA | Código: FBE.04 | CONTROL DE PEDIDO Y SALIDAS DE ALMACÉN (BODEGAS) | Versión: 04 | Fecha de Salida de Almacén | Categoría (Marque con X) | dd | mm | aaaa | Alimentos y bebidas | X | 4 | 2 | 2026 | Aseo y productos químicos | Desechables | Unidad de Servicio que solicita: CAFETERIA CAMILO TORRES/ COMPLEJO ACADEMICO CAMILO TORRES PISO 1 | Hace referencia a los servicios: Comedores Desayuno, Comedores Almuerzo, Comedores Cena, Combo Saludable Almuerzo, Cafetería Humanitas, Cafetería Akademia, Cafetería Bien estar Bien, Cafetería Campestre, La Cafeteria Bienestar Almuerzos, Bandejas, Desayunos, Mostrador, Servicios Especiales, etc."
FAMA_FEBRERO.xlsx,SALIDAS FAMA-FEB 11CT PEN,0,"PROCESO BIENESTAR ESTUDIANTIL                                                                                                                                                            SUBPROCESO ATENCIÓN SOCIOECONÓMICA | Código: FBE.04 | CONTROL DE PEDIDO Y SALIDAS DE ALMACÉN (BODEGAS) | Versión: 04 | Fecha de Salida de Almacén | Categoría (Marque con X) | dd | mm | aaaa | Alimentos y bebidas | X | 11 | 2 | 2026 | Aseo y productos químicos | Desechables | Unidad de Servicio que solicita: CAFETERIA CAMILO TORRES/ COMPLEJO ACADEMICO CAMILO TORRES PISO 1 | Hace referencia a los servicios: Comedores Desayuno, Comedores Almuerzo, Comedores Cena, Combo Saludable Almuerzo, Cafetería Humanitas, Cafetería Akademia, Cafetería Bien estar Bien, Cafetería Campestre, La Cafeteria Bienestar Almuerzos, Bandejas, Desayunos, Mostrador, Servicios Especiales, etc."
FAMA_FEBRERO.xlsx,SALIDAS FAMA-FEB 18BE Y CT (2,0,"PROCESO BIENESTAR ESTUDIANTIL                                                                                                                                                            SUBPROCESO ATENCIÓN SOCIOECONÓMICA | Código: FBE.04 | CONTROL DE PEDIDO Y SALIDAS DE ALMACÉN (BODEGAS) | Versión: 04 | Fecha de Salida de Almacén | Categoría (Marque con X) | dd | mm | aaaa | Alimentos y bebidas | X | 18 | 2 | 2026 | Aseo y productos químicos | Desechables | Unidad de Servicio que solicita: CAFETERIA BIENESTAR ESTUDIANTIL / EDIFICIO BIENESTAR ESTUDIANTIL PISO 4 | Hace referencia a los servicios: Comedores Desayuno, Comedores Almuerzo, Comedores Cena, Combo Saludable Almuerzo, Cafetería Humanitas, Cafetería Akademia, Cafetería Bien estar Bien, Cafetería Campestre, La Cafeteria Bienestar Almuerzos, Bandejas, Desayunos, Mostrador, Servicios Especiales, etc."
FAMA_FEBRERO.xlsx,SALIDAS FAMA-FEB 18BE Y CT (2,1,"PROCESO BIENESTAR ESTUDIANTIL                                                                                                                                                            SUBPROCESO ATENCIÓN SOCIOECONÓMICA | Código: FBE.04 | CONTROL DE PEDIDO Y SALIDAS DE ALMACÉN (BODEGAS) | Versión: 04 | Fecha de Salida de Almacén | Categoría (Marque con X) | dd | mm | aaaa | Alimentos y bebidas | X | 18 | 2 | 2026 | Aseo y productos químicos | Desechables | Unidad de Servicio que solicita: CAFETERIA CAMILO TORRES/ COMPLEJO ACADEMICO CAMILO TORRES PISO 1 | Hace referencia a los servicios: Comedores Desayuno, Comedores Almuerzo, Comedores Cena, Combo Saludable Almuerzo, Cafetería Humanitas, Cafetería Akademia, Cafetería Bien estar Bien, Cafetería Campestre, La Cafeteria Bienestar Almuerzos, Bandejas, Desayunos, Mostrador, Servicios Especiales, etc."
FAMA_FEBRERO.xlsx,SALIDAS FAMA-FEB 25 BE Y CT  (2,0,"PROCESO BIENESTAR ESTUDIANTIL                                                                                                                                                            SUBPROCESO ATENCIÓN SOCIOECONÓMICA | Código: FBE.04 | CONTROL DE PEDIDO Y SALIDAS DE ALMACÉN (BODEGAS) | Versión: 04 | Fecha de Salida de Almacén | Categoría (Marque con X) | dd | mm | aaaa | Alimentos y bebidas | X | 25 | 2 | 2026 | Aseo y productos químicos | Desechables | Unidad de Servicio que solicita: CAFETERIA BIENESTAR ESTUDIANTIL / EDIFICIO BIENESTAR ESTUDIANTIL PISO 4 | Hace referencia a los servicios: Comedores Desayuno, Comedores Almuerzo, Comedores Cena, Combo Saludable Almuerzo, Cafetería Humanitas, Cafetería Akademia, Cafetería Bien estar Bien, Cafetería Campestre, La Cafeteria Bienestar Almuerzos, Bandejas, Desayunos, Mostrador, Servicios Especiales, etc."
FAMA_FEBRERO.xlsx,SALIDAS FAMA-FEB 25 BE Y CT  (2,1,"PROCESO BIENESTAR ESTUDIANTIL                                                                                                                                                            SUBPROCESO ATENCIÓN SOCIOECONÓMICA | Código: FBE.04 | CONTROL DE PEDIDO Y SALIDAS DE ALMACÉN (BODEGAS) | Versión: 04 | Fecha de Salida de Almacén | Categoría (Marque con X) | dd | mm | aaaa | Alimentos y bebidas | X | 25 | 2 | 2026 | Aseo y productos químicos | Desechables | Unidad de Servicio que solicita: CAFETERIA CAMILO TORRES/ COMPLEJO ACADEMICO CAMILO TORRES PISO 1 | Hace referencia a los servicios: Comedores Desayuno, Comedores Almuerzo, Comedores Cena, Combo Saludable Almuerzo, Cafetería Humanitas, Cafetería Akademia, Cafetería Bien estar Bien, Cafetería Campestre, La Cafeteria Bienestar Almuerzos, Bandejas, Desayunos, Mostrador, Servicios Especiales, etc."
FAMA_FEBRERO.xlsx,SALIDAS FAMA-FEB 25 BE Y CT  (2,2,"PROCESO BIENESTAR ESTUDIANTIL                                                                                                                                                            SUBPROCESO ATENCIÓN SOCIOECONÓMICA | Código: FBE.04 | CONTROL DE PEDIDO Y SALIDAS DE ALMACÉN (BODEGAS) | Versión: 04 | Fecha de Salida de Almacén | Categoría (Marque con X) | dd | mm | aaaa | Alimentos y bebidas | X | 25 | 2 | 2026 | Aseo y productos químicos | Desechables | Unidad de Servicio que solicita: CAFETERIA ADMINISTRACION 3 / EDIFICIO ADMINISTRACION 3 PISO 6 | Hace referencia a los servicios: Comedores Desayuno, Comedores Almuerzo, Comedores Cena, Combo Saludable Almuerzo, Cafetería Humanitas, Cafetería Akademia, Cafetería Bien estar Bien, Cafetería Campestre, La Cafeteria Bienestar Almuerzos, Bandejas, Desayunos, Mostrador, Servicios Especiales, etc."
FAMA_FEBRERO.xlsx,SALIDAS FAMA-MARZO  BE Y CT  (2,0,"PROCESO BIENESTAR ESTUDIANTIL                                                                                                                                                            SUBPROCESO ATENCIÓN SOCIOECONÓMICA | Código: FBE.04 | CONTROL DE PEDIDO Y SALIDAS DE ALMACÉN (BODEGAS) | Versión: 04 | Fecha de Salida de Almacén | Categoría (Marque con X) | dd | mm | aaaa | Alimentos y bebidas | X | 4 | 3 | 2026 | Aseo y productos químicos | Desechables | Unidad de Servicio que solicita: CAFETERIA CAMILO TORRES/ COMPLEJO ACADEMICO CAMILO TORRES PISO 1 | Hace referencia a los servicios: Comedores Desayuno, Comedores Almuerzo, Comedores Cena, Combo Saludable Almuerzo, Cafetería Humanitas, Cafetería Akademia, Cafetería Bien estar Bien, Cafetería Campestre, La Cafeteria Bienestar Almuerzos, Bandejas, Desayunos, Mostrador, Servicios Especiales, etc."
FAMA_FEBRERO.xlsx,SALIDAS FAMA-MARZO  BE Y CT  (2,1,"PROCESO BIENESTAR ESTUDIANTIL                                                                                                                                                            SUBPROCESO ATENCIÓN SOCIOECONÓMICA | Código: FBE.04 | CONTROL DE PEDIDO Y SALIDAS DE ALMACÉN (BODEGAS) | Versión: 04 | Fecha de Salida de Almacén | Categoría (Marque con X) | dd | mm | aaaa | Alimentos y bebidas | X | 4 | 3 | 2026 | Aseo y productos químicos | Desechables | Unidad de Servicio que solicita: CAFETERIA BIENESTAR ESTUDIANTIL / EDIFICIO BIENESTAR ESTUDIANTIL PISO 4 | Hace referencia a los servicios: Comedores Desayuno, Comedores Almuerzo, Comedores Cena, Combo Saludable Almuerzo, Cafetería Humanitas, Cafetería Akademia, Cafetería Bien estar Bien, Cafetería Campestre, La Cafeteria Bienestar Almuerzos, Bandejas, Desayunos, Mostrador, Servicios Especiales, etc."
FAMA_FEBRERO.xlsx,SALIDAS FAMA-MARZO 11 BE YCT,0,"PROCESO BIENESTAR ESTUDIANTIL                                                                                                                                                            SUBPROCESO ATENCIÓN SOCIOECONÓMICA | Código: FBE.04 | CONTROL DE PEDIDO Y SALIDAS DE ALMACÉN (BODEGAS) | Versión: 04 | Fecha de Salida de Almacén | Categoría (Marque con X) | dd | mm | aaaa | Alimentos y bebidas | X | 11 | 3 | 2026 | Aseo y productos químicos | Desechables | Unidad de Servicio que solicita: CAFETERIA CAMILO TORRES/ COMPLEJO ACADEMICO CAMILO TORRES PISO 1 | Hace referencia a los servicios: Comedores Desayuno, Comedores Almuerzo, Comedores Cena, Combo Saludable Almuerzo, Cafetería Humanitas, Cafetería Akademia, Cafetería Bien estar Bien, Cafetería Campestre, La Cafeteria Bienestar Almuerzos, Bandejas, Desayunos, Mostrador, Servicios Especiales, etc."
FAMA_FEBRERO.xlsx,SALIDAS FAMA-MARZO 11 BE YCT,1,"PROCESO BIENESTAR ESTUDIANTIL                                                                                                                                                            SUBPROCESO ATENCIÓN SOCIOECONÓMICA | Código: FBE.04 | CONTROL DE PEDIDO Y SALIDAS DE ALMACÉN (BODEGAS) | Versión: 04 | Fecha de Salida de Almacén | Categoría (Marque con X) | dd | mm | aaaa | Alimentos y bebidas | X | 11 | 3 | 2026 | Aseo y productos químicos | Desechables | Unidad de Servicio que solicita: CAFETERIA BIENESTAR ESTUDIANTIL / EDIFICIO BIENESTAR ESTUDIANTIL PISO 4 | Hace referencia a los servicios: Comedores Desayuno, Comedores Almuerzo, Comedores Cena, Combo Saludable Almuerzo, Cafetería Humanitas, Cafetería Akademia, Cafetería Bien estar Bien, Cafetería Campestre, La Cafeteria Bienestar Almuerzos, Bandejas, Desayunos, Mostrador, Servicios Especiales, etc."
FAMA_FEBRERO.xlsx,"SALIDAS FAMA-MARZO 18 BE,CT,A3",0,"PROCESO BIENESTAR ESTUDIANTIL                                                                                                                                                            SUBPROCESO ATENCIÓN SOCIOECONÓMICA | Código: FBE.04 | CONTROL DE PEDIDO Y SALIDAS DE ALMACÉN (BODEGAS) | Versión: 04 | Fecha de Salida de Almacén | Categoría (Marque con X) | dd | mm | aaaa | Alimentos y bebidas | X | 18 | 3 | 2026 | Aseo y productos químicos | Desechables | Unidad de Servicio que solicita: CAFETERIA CAMILO TORRES/ COMPLEJO ACADEMICO CAMILO TORRES PISO 1 | Hace referencia a los servicios: Comedores Desayuno, Comedores Almuerzo, Comedores Cena, Combo Saludable Almuerzo, Cafetería Humanitas, Cafetería Akademia, Cafetería Bien estar Bien, Cafetería Campestre, La Cafeteria Bienestar Almuerzos, Bandejas, Desayunos, Mostrador, Servicios Especiales, etc."
FAMA_FEBRERO.xlsx,"SALIDAS FAMA-MARZO 18 BE,CT,A3",1,"PROCESO BIENESTAR ESTUDIANTIL                                                                                                                                                            SUBPROCESO ATENCIÓN SOCIOECONÓMICA | Código: FBE.04 | CONTROL DE PEDIDO Y SALIDAS DE ALMACÉN (BODEGAS) | Versión: 04 | Fecha de Salida de Almacén | Categoría (Marque con X) | dd | mm | aaaa | Alimentos y bebidas | X | 18 | 3 | 2026 | Aseo y productos químicos | Desechables | Unidad de Servicio que solicita: CAFETERIA BIENESTAR ESTUDIANTIL / EDIFICIO BIENESTAR ESTUDIANTIL PISO 4 | Hace referencia a los servicios: Comedores Desayuno, Comedores Almuerzo, Comedores Cena, Combo Saludable Almuerzo, Cafetería Humanitas, Cafetería Akademia, Cafetería Bien estar Bien, Cafetería Campestre, La Cafeteria Bienestar Almuerzos, Bandejas, Desayunos, Mostrador, Servicios Especiales, etc."
FAMA_FEBRERO.xlsx,"SALIDAS FAMA-MARZO 18 BE,CT,A3",2,"PROCESO BIENESTAR ESTUDIANTIL                                                                                                                                                            SUBPROCESO ATENCIÓN SOCIOECONÓMICA | Código: FBE.04 | CONTROL DE PEDIDO Y SALIDAS DE ALMACÉN (BODEGAS) | Versión: 04 | Fecha de Salida de Almacén | Categoría (Marque con X) | dd | mm | aaaa | Alimentos y bebidas | X | 18 | 3 | 2026 | Aseo y productos químicos | Desechables | Unidad de Servicio que solicita: CAFETERIA ADMINISTRACION 3 / EDIFICIO ADMINISTRACION 3 PISO 6 | Hace referencia a los servicios: Comedores Desayuno, Comedores Almuerzo, Comedores Cena, Combo Saludable Almuerzo, Cafetería Humanitas, Cafetería Akademia, Cafetería Bien estar Bien, Cafetería Campestre, La Cafeteria Bienestar Almuerzos, Bandejas, Desayunos, Mostrador, Servicios Especiales, etc."
FAMA_FEBRERO.xlsx,"SALIDAS FAMA-ABRIL28 BE,CT,A3",0,"PROCESO BIENESTAR ESTUDIANTIL                                                                                                                                                            SUBPROCESO ATENCIÓN SOCIOECONÓMICA | Código: FBE.04 | CONTROL DE PEDIDO Y SALIDAS DE ALMACÉN (BODEGAS) | Versión: 04 | Fecha de Salida de Almacén | Categoría (Marque con X) | dd | mm | aaaa | Alimentos y bebidas | X | 5 | 5 | 2026 | Aseo y productos químicos | Desechables | Unidad de Servicio que solicita: CAFETERIA CAMILO TORRES/ COMPLEJO ACADEMICO CAMILO TORRES PISO 1 | Hace referencia a los servicios: Comedores Desayuno, Comedores Almuerzo, Comedores Cena, Combo Saludable Almuerzo, Cafetería Humanitas, Cafetería Akademia, Cafetería Bien estar Bien, Cafetería Campestre, La Cafeteria Bienestar Almuerzos, Bandejas, Desayunos, Mostrador, Servicios Especiales, etc."
FAMA_FEBRERO.xlsx,"SALIDAS FAMA-ABRIL28 BE,CT,A3",1,"PROCESO BIENESTAR ESTUDIANTIL                                                                                                                                                            SUBPROCESO ATENCIÓN SOCIOECONÓMICA | Código: FBE.04 | CONTROL DE PEDIDO Y SALIDAS DE ALMACÉN (BODEGAS) | Versión: 04 | Fecha de Salida de Almacén | Categoría (Marque con X) | dd | mm | aaaa | Alimentos y bebidas | X | 5 | 5 | 2026 | Aseo y productos químicos | Desechables | Unidad de Servicio que solicita: CAFETERIA BIENESTAR ESTUDIANTIL / EDIFICIO BIENESTAR ESTUDIANTIL PISO 4 | Hace referencia a los servicios: Comedores Desayuno, Comedores Almuerzo, Comedores Cena, Combo Saludable Almuerzo, Cafetería Humanitas, Cafetería Akademia, Cafetería Bien estar Bien, Cafetería Campestre, La Cafeteria Bienestar Almuerzos, Bandejas, Desayunos, Mostrador, Servicios Especiales, etc."
FAMA_FEBRERO.xlsx,"SALIDAS FAMA-ABRIL28 BE,CT,A3",2,"PROCESO BIENESTAR ESTUDIANTIL                                                                                                                                                            SUBPROCESO ATENCIÓN SOCIOECONÓMICA | Código: FBE.04 | CONTROL DE PEDIDO Y SALIDAS DE ALMACÉN (BODEGAS) | Versión: 04 | Fecha de Salida de Almacén | Categoría (Marque con X) | dd | mm | aaaa | Alimentos y bebidas | X | 2026 | Aseo y productos químicos | Desechables | Unidad de Servicio que solicita: CAFETERIA ADMINISTRACION 3 / EDIFICIO ADMINISTRACION 3 PISO 6 | Hace referencia a los servicios: Comedores Desayuno, Comedores Almuerzo, Comedores Cena, Combo Saludable Almuerzo, Cafetería Humanitas, Cafetería Akademia, Cafetería Bien estar Bien, Cafetería Campestre, La Cafeteria Bienestar Almuerzos, Bandejas, Desayunos, Mostrador, Servicios Especiales, etc."
FAMA_FEBRERO.xlsx,SALIDAS FAMA-6 MAYO ,0,"PROCESO BIENESTAR ESTUDIANTIL                                                                                                                                                            SUBPROCESO ATENCIÓN SOCIOECONÓMICA | Código: FBE.04 | CONTROL DE PEDIDO Y SALIDAS DE ALMACÉN (BODEGAS) | Versión: 04 | Fecha de Salida de Almacén | Categoría (Marque con X) | dd | mm | aaaa | Alimentos y bebidas | X | 6 | 5 | 2026 | Aseo y productos químicos | Desechables | Unidad de Servicio que solicita: CAFETERIA BIENESTAR ESTUDIANTIL / EDIFICIO BIENESTAR ESTUDIANTIL PISO 4 | Hace referencia a los servicios: Comedores Desayuno, Comedores Almuerzo, Comedores Cena, Combo Saludable Almuerzo, Cafetería Humanitas, Cafetería Akademia, Cafetería Bien estar Bien, Cafetería Campestre, La Cafeteria Bienestar Almuerzos, Bandejas, Desayunos, Mostrador, Servicios Especiales, etc."
FAMA_FEBRERO.xlsx,SALIDAS FAMA-6 MAYO ,1,"PROCESO BIENESTAR ESTUDIANTIL                                                                                                                                                            SUBPROCESO ATENCIÓN SOCIOECONÓMICA | Código: FBE.04 | CONTROL DE PEDIDO Y SALIDAS DE ALMACÉN (BODEGAS) | Versión: 04 | Fecha de Salida de Almacén | Categoría (Marque con X) | dd | mm | aaaa | Alimentos y bebidas | X | 6 | 5 | 2026 | Aseo y productos químicos | Desechables | Unidad de Servicio que solicita: CAFETERIA CAMILO TORRES/ COMPLEJO ACADEMICO CAMILO TORRES PISO 1 | Hace referencia a los servicios: Comedores Desayuno, Comedores Almuerzo, Comedores Cena, Combo Saludable Almuerzo, Cafetería Humanitas, Cafetería Akademia, Cafetería Bien estar Bien, Cafetería Campestre, La Cafeteria Bienestar Almuerzos, Bandejas, Desayunos, Mostrador, Servicios Especiales, etc."
FAMA_FEBRERO.xlsx,SALIDAS FAMA-13 MAYO,0,"PROCESO BIENESTAR ESTUDIANTIL                                                                                                                                                            SUBPROCESO ATENCIÓN SOCIOECONÓMICA | Código: FBE.04 | CONTROL DE PEDIDO Y SALIDAS DE ALMACÉN (BODEGAS) | Versión: 04 | Fecha de Salida de Almacén | Categoría (Marque con X) | dd | mm | aaaa | Alimentos y bebidas | X | 13 | 5 | 2026 | Aseo y productos químicos | Desechables | Unidad de Servicio que solicita: CAFETERIA CAMILO TORRES/ COMPLEJO ACADEMICO CAMILO TORRES PISO 1 | Hace referencia a los servicios: Comedores Desayuno, Comedores Almuerzo, Comedores Cena, Combo Saludable Almuerzo, Cafetería Humanitas, Cafetería Akademia, Cafetería Bien estar Bien, Cafetería Campestre, La Cafeteria Bienestar Almuerzos, Bandejas, Desayunos, Mostrador, Servicios Especiales, etc."
FAMA_FEBRERO.xlsx,SALIDAS FAMA-13 MAYO,1,"PROCESO BIENESTAR ESTUDIANTIL                                                                                                                                                            SUBPROCESO ATENCIÓN SOCIOECONÓMICA | Código: FBE.04 | CONTROL DE PEDIDO Y SALIDAS DE ALMACÉN (BODEGAS) | Versión: 04 | Fecha de Salida de Almacén | Categoría (Marque con X) | dd | mm | aaaa | Alimentos y bebidas | X | 13 | 5 | 2026 | Aseo y productos químicos | Desechables | Unidad de Servicio que solicita: CAFETERIA BIENESTAR ESTUDIANTIL / EDIFICIO BIENESTAR ESTUDIANTIL PISO 4 | Hace referencia a los servicios: Comedores Desayuno, Comedores Almuerzo, Comedores Cena, Combo Saludable Almuerzo, Cafetería Humanitas, Cafetería Akademia, Cafetería Bien estar Bien, Cafetería Campestre, La Cafeteria Bienestar Almuerzos, Bandejas, Desayunos, Mostrador, Servicios Especiales, etc."
FAMA_FEBRERO.xlsx,SALIDAS FAMA-13 MAYO,2,"PROCESO BIENESTAR ESTUDIANTIL                                                                                                                                                            SUBPROCESO ATENCIÓN SOCIOECONÓMICA | Código: FBE.04 | CONTROL DE PEDIDO Y SALIDAS DE ALMACÉN (BODEGAS) | Versión: 04 | Fecha de Salida de Almacén | Categoría (Marque con X) | dd | mm | aaaa | Alimentos y bebidas | X | 2026 | Aseo y productos químicos | Desechables | Unidad de Servicio que solicita: CAFETERIA ADMINISTRACION 3 / EDIFICIO ADMINISTRACION 3 PISO 6 | Hace referencia a los servicios: Comedores Desayuno, Comedores Almuerzo, Comedores Cena, Combo Saludable Almuerzo, Cafetería Humanitas, Cafetería Akademia, Cafetería Bien estar Bien, Cafetería Campestre, La Cafeteria Bienestar Almuerzos, Bandejas, Desayunos, Mostrador, Servicios Especiales, etc."
FAMA_FEBRERO.xlsx,SALIDAS FAMA 20 MAYO,0,"PROCESO BIENESTAR ESTUDIANTIL                                                                                                                                                            SUBPROCESO ATENCIÓN SOCIOECONÓMICA | Código: FBE.04 | CONTROL DE PEDIDO Y SALIDAS DE ALMACÉN (BODEGAS) | Versión: 04 | Fecha de Salida de Almacén | Categoría (Marque con X) | dd | mm | aaaa | Alimentos y bebidas | X | 20 | 5 | 2026 | Aseo y productos químicos | Desechables | Unidad de Servicio que solicita: CAFETERIA BIENESTAR ESTUDIANTIL / EDIFICIO BIENESTAR ESTUDIANTIL PISO 4 | Hace referencia a los servicios: Comedores Desayuno, Comedores Almuerzo, Comedores Cena, Combo Saludable Almuerzo, Cafetería Humanitas, Cafetería Akademia, Cafetería Bien estar Bien, Cafetería Campestre, La Cafeteria Bienestar Almuerzos, Bandejas, Desayunos, Mostrador, Servicios Especiales, etc."
FAMA_FEBRERO.xlsx,SALIDAS FAMA 20 MAYO,1,"PROCESO BIENESTAR ESTUDIANTIL                                                                                                                                                            SUBPROCESO ATENCIÓN SOCIOECONÓMICA | Código: FBE.04 | CONTROL DE PEDIDO Y SALIDAS DE ALMACÉN (BODEGAS) | Versión: 04 | Fecha de Salida de Almacén | Categoría (Marque con X) | dd | mm | aaaa | Alimentos y bebidas | X | 20 | 5 | 2026 | Aseo y productos químicos | Desechables | Unidad de Servicio que solicita: CAFETERIA CAMILO TORRES/ COMPLEJO ACADEMICO CAMILO TORRES PISO 1 | Hace referencia a los servicios: Comedores Desayuno, Comedores Almuerzo, Comedores Cena, Combo Saludable Almuerzo, Cafetería Humanitas, Cafetería Akademia, Cafetería Bien estar Bien, Cafetería Campestre, La Cafeteria Bienestar Almuerzos, Bandejas, Desayunos, Mostrador, Servicios Especiales, etc."
FAMA_FEBRERO.xlsx,SALIDAS FAMA 20 MAYO,2,"PROCESO BIENESTAR ESTUDIANTIL                                                                                                                                                            SUBPROCESO ATENCIÓN SOCIOECONÓMICA | Código: FBE.04 | CONTROL DE PEDIDO Y SALIDAS DE ALMACÉN (BODEGAS) | Versión: 04 | Fecha de Salida de Almacén | Categoría (Marque con X) | dd | mm | aaaa | Alimentos y bebidas | X | 20 | 5 | 2026 | Aseo y productos químicos | Desechables | Unidad de Servicio que solicita: CAFETERIA ADMINISTRACION 3 / EDIFICIO ADMINISTRACION 3 PISO 6 | Hace referencia a los servicios: Comedores Desayuno, Comedores Almuerzo, Comedores Cena, Combo Saludable Almuerzo, Cafetería Humanitas, Cafetería Akademia, Cafetería Bien estar Bien, Cafetería Campestre, La Cafeteria Bienestar Almuerzos, Bandejas, Desayunos, Mostrador, Servicios Especiales, etc."
FAMA_FEBRERO.xlsx,SALIDAS FAMA 27 MAYO,0,"PROCESO BIENESTAR ESTUDIANTIL                                                                                                                                                            SUBPROCESO ATENCIÓN SOCIOECONÓMICA | Código: FBE.04 | CONTROL DE PEDIDO Y SALIDAS DE ALMACÉN (BODEGAS) | Versión: 04 | Fecha de Salida de Almacén | Categoría (Marque con X) | dd | mm | aaaa | Alimentos y bebidas | X | 27 | 5 | 2026 | Aseo y productos químicos | Desechables | Unidad de Servicio que solicita: CAFETERIA CAMILO TORRES/ COMPLEJO ACADEMICO CAMILO TORRES PISO 1 | Hace referencia a los servicios: Comedores Desayuno, Comedores Almuerzo, Comedores Cena, Combo Saludable Almuerzo, Cafetería Humanitas, Cafetería Akademia, Cafetería Bien estar Bien, Cafetería Campestre, La Cafeteria Bienestar Almuerzos, Bandejas, Desayunos, Mostrador, Servicios Especiales, etc."
FEBRERO__VICKY_.xlsx,VIKCYDF,0,"PROCESO BIENESTAR ESTUDIANTIL                                                                                                                                                            SUBPROCESO ATENCIÓN SOCIOECONÓMICA | Código: FBE.04 | CONTROL DE PEDIDO Y SALIDAS DE ALMACÉN (BODEGAS) | Versión: 04 | Fecha de Salida de Almacén | Categoría (Marque con X) | dd | mm | aaaa | Alimentos y bebidas | X | 20 | 2 | 2026 | Aseo y productos químicos | Desechables | Unidad de Servicio que solicita: SERVICIOS ESPECIALES | Hace referencia a los servicios: Comedores Desayuno, Comedores Almuerzo, Comedores Cena, Combo Saludable Almuerzo, Cafetería Humanitas, Cafetería Akademia, Cafetería Bien estar Bien, Cafetería Campestre, La Cafeteria Bienestar Almuerzos, Bandejas, Desayunos, Mostrador, Servicios Especiales, etc."
FEBRERO__VICKY_.xlsx,VIKCYDF (CF),0,"PROCESO BIENESTAR ESTUDIANTIL                                                                                                                                                            SUBPROCESO ATENCIÓN SOCIOECONÓMICA | Código: FBE.04 | CONTROL DE PEDIDO Y SALIDAS DE ALMACÉN (BODEGAS) | Versión: 04 | Fecha de Salida de Almacén | Categoría (Marque con X) | dd | mm | aaaa | Alimentos y bebidas | X | 23 | 2 | 2026 | Aseo y productos químicos | Desechables | Unidad de Servicio que solicita: CAFETERIA ADMINISTRACION 3 / EDIFICIO ADMINISTRACION 3 PISO 6 | Hace referencia a los servicios: Comedores Desayuno, Comedores Almuerzo, Comedores Cena, Combo Saludable Almuerzo, Cafetería Humanitas, Cafetería Akademia, Cafetería Bien estar Bien, Cafetería Campestre, La Cafeteria Bienestar Almuerzos, Bandejas, Desayunos, Mostrador, Servicios Especiales, etc."
FEBRERO__VICKY_.xlsx,VIKCYDF (CF),1,"PROCESO BIENESTAR ESTUDIANTIL                                                                                                                                                            SUBPROCESO ATENCIÓN SOCIOECONÓMICA | Código: FBE.04 | CONTROL DE PEDIDO Y SALIDAS DE ALMACÉN (BODEGAS) | Versión: 04 | Fecha de Salida de Almacén | Categoría (Marque con X) | dd | mm | aaaa | Alimentos y bebidas | X | 23 | 2 | 2026 | Aseo y productos químicos | Desechables | Unidad de Servicio que solicita: CAFETERIA CAFE PLAZOLETA CAMILO TORRES | Hace referencia a los servicios: Comedores Desayuno, Comedores Almuerzo, Comedores Cena, Combo Saludable Almuerzo, Cafetería Humanitas, Cafetería Akademia, Cafetería Bien estar Bien, Cafetería Campestre, La Cafeteria Bienestar Almuerzos, Bandejas, Desayunos, Mostrador, Servicios Especiales, etc."
FEBRERO__VICKY_.xlsx,VIKCYDF (CF),2,"PROCESO BIENESTAR ESTUDIANTIL                                                                                                                                                            SUBPROCESO ATENCIÓN SOCIOECONÓMICA | Código: FBE.04 | CONTROL DE PEDIDO Y SALIDAS DE ALMACÉN (BODEGAS) | Versión: 04 | Fecha de Salida de Almacén | Categoría (Marque con X) | dd | mm | aaaa | Alimentos y bebidas | X | 23 | 2 | 2026 | Aseo y productos químicos | Desechables | Unidad de Servicio que solicita: CAFETERIA BIENESTAR ESTUDIANTIL/ DEDIFICIO BIENESTAR ESTUDIANTIL PISO 4 | Hace referencia a los servicios: Comedores Desayuno, Comedores Almuerzo, Comedores Cena, Combo Saludable Almuerzo, Cafetería Humanitas, Cafetería Akademia, Cafetería Bien estar Bien, Cafetería Campestre, La Cafeteria Bienestar Almuerzos, Bandejas, Desayunos, Mostrador, Servicios Especiales, etc."
FEBRERO__VICKY_.xlsx,VIKCYDF 3,0,"PROCESO BIENESTAR ESTUDIANTIL                                                                                                                                                            SUBPROCESO ATENCIÓN SOCIOECONÓMICA | Código: FBE.04 | CONTROL DE PEDIDO Y SALIDAS DE ALMACÉN (BODEGAS) | Versión: 04 | Fecha de Salida de Almacén | Categoría (Marque con X) | dd | mm | aaaa | Alimentos y bebidas | X | 18 | 2 | 2026 | Aseo y productos químicos | Desechables | Unidad de Servicio que solicita: CAFETERIA ADMINISTRACION 3 / EDIFICIO ADMINISTRACION 3 PISO 6 | Hace referencia a los servicios: Comedores Desayuno, Comedores Almuerzo, Comedores Cena, Combo Saludable Almuerzo, Cafetería Humanitas, Cafetería Akademia, Cafetería Bien estar Bien, Cafetería Campestre, La Cafeteria Bienestar Almuerzos, Bandejas, Desayunos, Mostrador, Servicios Especiales, etc."
FEBRERO__VICKY_.xlsx,VIKCYDF 3,1,"PROCESO BIENESTAR ESTUDIANTIL                                                                                                                                                            SUBPROCESO ATENCIÓN SOCIOECONÓMICA | Código: FBE.04 | CONTROL DE PEDIDO Y SALIDAS DE ALMACÉN (BODEGAS) | Versión: 04 | Fecha de Salida de Almacén | Categoría (Marque con X) | dd | mm | aaaa | Alimentos y bebidas | X | 2026 | Aseo y productos químicos | Desechables | Unidad de Servicio que solicita: CAFETERIA CAFE PLAZOLETA CAMILO TORRES | Hace referencia a los servicios: Comedores Desayuno, Comedores Almuerzo, Comedores Cena, Combo Saludable Almuerzo, Cafetería Humanitas, Cafetería Akademia, Cafetería Bien estar Bien, Cafetería Campestre, La Cafeteria Bienestar Almuerzos, Bandejas, Desayunos, Mostrador, Servicios Especiales, etc."
FEBRERO__VICKY_.xlsx,VIKCYDF 3,2,"PROCESO BIENESTAR ESTUDIANTIL                                                                                                                                                            SUBPROCESO ATENCIÓN SOCIOECONÓMICA | Código: FBE.04 | CONTROL DE PEDIDO Y SALIDAS DE ALMACÉN (BODEGAS) | Versión: 04 | Fecha de Salida de Almacén | Categoría (Marque con X) | dd | mm | aaaa | Alimentos y bebidas | X | 2026 | Aseo y productos químicos | Desechables | Unidad de Servicio que solicita: CAFETERIA BIENESTAR ESTUDIANTIL/ DEDIFICIO BIENESTAR ESTUDIANTIL PISO 4 | Hace referencia a los servicios: Comedores Desayuno, Comedores Almuerzo, Comedores Cena, Combo Saludable Almuerzo, Cafetería Humanitas, Cafetería Akademia, Cafetería Bien estar Bien, Cafetería Campestre, La Cafeteria Bienestar Almuerzos, Bandejas, Desayunos, Mostrador, Servicios Especiales, etc."
FEBRERO__VICKY_.xlsx,FRUVER DF,,PROCESO BIENESTAR ESTUDIANTIL                                                                                                                                                            SUBPROCESO ATENCIÓN SOCIOECONÓMICA | Código: FBE.04 | CONTROL DE PEDIDO Y SALIDAS DE ALMACÉN (BODEGAS) | Versión: 04 | Fecha desde | Fecha hasta | dd | mm | aaaa | dd | mm | aaaa | Unidad de Servicio que solicita: | BIENESTAR ESTUDIANTIL | FECHA / CANTIDAD DIARIA POR UNIDADES
NEOFRUT_AGOSTO.xlsx,AGOSTO 10,0,PROCESO BIENESTAR ESTUDIANTIL                                                                                                                                                            SUBPROCESO ATENCIÓN SOCIOECONÓMICA | Código: FBE.04 | CONTROL DE PEDIDO Y SALIDAS DE ALMACÉN (BODEGAS) | Versión: 04 | Fecha de Salida de Almacén | Categoría (Marque con X) | dd | mm | aaaa | Alimentos y bebidas | X | 2026 | Aseo y productos químicos | Desechables | Unidad de Servicio que solicita: CAFETERIA ADMINISTRACION 3 / EDIFICIO ADMINISTRACION 3 PISO 6
NEOFRUT_AGOSTO.xlsx,AGOSTO 10,1,PROCESO BIENESTAR ESTUDIANTIL                                                                                                                                                            SUBPROCESO ATENCIÓN SOCIOECONÓMICA | Código: FBE.04 | CONTROL DE PEDIDO Y SALIDAS DE ALMACÉN (BODEGAS) | Versión: 04 | Fecha de Salida de Almacén | Categoría (Marque con X) | dd | mm | aaaa | Alimentos y bebidas | X | 10 | 8 | 2026 | Aseo y productos químicos | Desechables | Unidad de Servicio que solicita: CAFETERIA BIENESTAR ESTUDIANTIL/ DEDIFICIO BIENESTAR ESTUDIANTIL PISO 4
NEOFRUT_AGOSTO.xlsx,AGOSTO 10,2,PROCESO BIENESTAR ESTUDIANTIL                                                                                                                                                            SUBPROCESO ATENCIÓN SOCIOECONÓMICA | Código: FBE.04 | CONTROL DE PEDIDO Y SALIDAS DE ALMACÉN (BODEGAS) | Versión: 04 | Fecha de Salida de Almacén | Categoría (Marque con X) | dd | mm | aaaa | Alimentos y bebidas | X | 2026 | Aseo y productos químicos | Desechables | Unidad de Servicio que solicita: CAFETERIA CAMILO TORRES/ COMPLEJO ACADEMICO CAMILO TORRES PISO 1
NEOFRUT_AGOSTO.xlsx,AGOSTO 18,0,PROCESO BIENESTAR ESTUDIANTIL                                                                                                                                                            SUBPROCESO ATENCIÓN SOCIOECONÓMICA | Código: FBE.04 | CONTROL DE PEDIDO Y SALIDAS DE ALMACÉN (BODEGAS) | Versión: 04 | Fecha de Salida de Almacén | Categoría (Marque con X) | dd | mm | aaaa | Alimentos y bebidas | X | 18 | 8 | 2026 | Aseo y productos químicos | Desechables | Unidad de Servicio que solicita: CAFETERIA ADMINISTRACION 3 / EDIFICIO ADMINISTRACION 3 PISO 6
NEOFRUT_AGOSTO.xlsx,AGOSTO 18,1,PROCESO BIENESTAR ESTUDIANTIL                                                                                                                                                            SUBPROCESO ATENCIÓN SOCIOECONÓMICA | Código: FBE.04 | CONTROL DE PEDIDO Y SALIDAS DE ALMACÉN (BODEGAS) | Versión: 04 | Fecha de Salida de Almacén | Categoría (Marque con X) | dd | mm | aaaa | Alimentos y bebidas | X | 18 | 8 | 2026 | Aseo y productos químicos | Desechables | Unidad de Servicio que solicita: CAFETERIA BIENESTAR ESTUDIANTIL/ DEDIFICIO BIENESTAR ESTUDIANTIL PISO 4
NEOFRUT_AGOSTO.xlsx,AGOSTO 18,2,PROCESO BIENESTAR ESTUDIANTIL                                                                                                                                                            SUBPROCESO ATENCIÓN SOCIOECONÓMICA | Código: FBE.04 | CONTROL DE PEDIDO Y SALIDAS DE ALMACÉN (BODEGAS) | Versión: 04 | Fecha de Salida de Almacén | Categoría (Marque con X) | dd | mm | aaaa | Alimentos y bebidas | X | 18 | 8 | 2026 | Aseo y productos químicos | Desechables | Unidad de Servicio que solicita: CAFETERIA CAMILO TORRES/ COMPLEJO ACADEMICO CAMILO TORRES PISO 1
_NEOFRUT_XLS_CONVERTED.xlsx,NEOFRUT MARZO 16 (2),0,PROCESO BIENESTAR ESTUDIANTIL                                                                                                                                                            SUBPROCESO ATENCIÓN SOCIOECONÓMICA | Código: FBE.04 | CONTROL DE PEDIDO Y SALIDAS DE ALMACÉN (BODEGAS) | Versión: 04 | Fecha de Salida de Almacén | Categoría (Marque con X) | dd | mm | aaaa | Alimentos y bebidas | X | 16 | 3 | 2026 | Aseo y productos químicos | Desechables | Unidad de Servicio que solicita: CAFETERIA ADMINISTRACION 3 / EDIFICIO ADMINISTRACION 3 PISO 6
_NEOFRUT_XLS_CONVERTED.xlsx,NEOFRUTFEB 9 CT Y BE,0,PROCESO BIENESTAR ESTUDIANTIL                                                                                                                                                            SUBPROCESO ATENCIÓN SOCIOECONÓMICA | Código: FBE.04 | CONTROL DE PEDIDO Y SALIDAS DE ALMACÉN (BODEGAS) | Versión: 04 | Fecha de Salida de Almacén | Categoría (Marque con X) | dd | mm | aaaa | Alimentos y bebidas | X | 9 | 08 | 2026 | Aseo y productos químicos | Desechables | Unidad de Servicio que solicita: CAFETERIA BIENESTAR ESTUDIANTIL/ DEDIFICIO BIENESTAR ESTUDIANTIL PISO 4
_NEOFRUT_XLS_CONVERTED.xlsx,NEOFRUTFEB 9 CT Y BE,1,PROCESO BIENESTAR ESTUDIANTIL                                                                                                                                                            SUBPROCESO ATENCIÓN SOCIOECONÓMICA | Código: FBE.04 | CONTROL DE PEDIDO Y SALIDAS DE ALMACÉN (BODEGAS) | Versión: 04 | Fecha de Salida de Almacén | Categoría (Marque con X) | dd | mm | aaaa | Alimentos y bebidas | X | 9 | 2 | 2026 | Aseo y productos químicos | Desechables | Unidad de Servicio que solicita: CAFETERIA CAMILO TORRES/ COMPLEJO ACADEMICO CAMILO TORRES PISO 1
_NEOFRUT_XLS_CONVERTED.xlsx,NEOFRUT ENER CT-PRO-BE-A3,0,PROCESO BIENESTAR ESTUDIANTIL                                                                                                                                                            SUBPROCESO ATENCIÓN SOCIOECONÓMICA | Código: FBE.04 | CONTROL DE PEDIDO Y SALIDAS DE ALMACÉN (BODEGAS) | Versión: 04 | Fecha de Salida de Almacén | Categoría (Marque con X) | dd | mm | aaaa | Alimentos y bebidas | X | 26 | 1 | 2026 | Aseo y productos químicos | Desechables | Unidad de Servicio que solicita: RESTAURANTE AUTOSERVICIO BIENESTAR PRO / EDIFICIO BIENESTAR PRO PISO 3
_NEOFRUT_XLS_CONVERTED.xlsx,NEOFRUT ENER CT-PRO-BE-A3,1,PROCESO BIENESTAR ESTUDIANTIL                                                                                                                                                            SUBPROCESO ATENCIÓN SOCIOECONÓMICA | Código: FBE.04 | CONTROL DE PEDIDO Y SALIDAS DE ALMACÉN (BODEGAS) | Versión: 04 | Fecha de Salida de Almacén | Categoría (Marque con X) | dd | mm | aaaa | Alimentos y bebidas | X | 26 | 1 | 2026 | Aseo y productos químicos | Desechables | Unidad de Servicio que solicita: CAFETERIA CAFE PLAZOLETA CAMILO TORRES
_NEOFRUT_XLS_CONVERTED.xlsx,NEOFRUT ENER CT-PRO-BE-A3,2,PROCESO BIENESTAR ESTUDIANTIL                                                                                                                                                            SUBPROCESO ATENCIÓN SOCIOECONÓMICA | Código: FBE.04 | CONTROL DE PEDIDO Y SALIDAS DE ALMACÉN (BODEGAS) | Versión: 04 | Fecha de Salida de Almacén | Categoría (Marque con X) | dd | mm | aaaa | Alimentos y bebidas | X | 26 | 1 | 2026 | Aseo y productos químicos | Desechables | Unidad de Servicio que solicita: CAFETERIA BIENESTAR ESTUDIANTIL/ DEDIFICIO BIENESTAR ESTUDIANTIL PISO 4
_NEOFRUT_XLS_CONVERTED.xlsx,NEOFRUT ENER CT-PRO-BE-A3,3,PROCESO BIENESTAR ESTUDIANTIL                                                                                                                                                            SUBPROCESO ATENCIÓN SOCIOECONÓMICA | Código: FBE.04 | CONTROL DE PEDIDO Y SALIDAS DE ALMACÉN (BODEGAS) | Versión: 04 | Fecha de Salida de Almacén | Categoría (Marque con X) | dd | mm | aaaa | Alimentos y bebidas | X | 26 | 1 | 2026 | Aseo y productos químicos | Desechables | Unidad de Servicio que solicita: CAFETERIA ADMINISTRACION 3 / EDIFICIO ADMINISTRACION 3 PISO 6
_NEOFRUT_XLS_CONVERTED.xlsx,NEOFRUT FEB 13,0,PROCESO BIENESTAR ESTUDIANTIL                                                                                                                                                            SUBPROCESO ATENCIÓN SOCIOECONÓMICA | Código: FBE.04 | CONTROL DE PEDIDO Y SALIDAS DE ALMACÉN (BODEGAS) | Versión: 04 | Fecha de Salida de Almacén | Categoría (Marque con X) | dd | mm | aaaa | Alimentos y bebidas | X | 13 | 2 | 2026 | Aseo y productos químicos | Desechables | Unidad de Servicio que solicita: CAFETERIA ADMINISTRACION 3 / EDIFICIO ADMINISTRACION 3 PISO 6
_NEOFRUT_XLS_CONVERTED.xlsx,NEOFRUT FEB 16,0,PROCESO BIENESTAR ESTUDIANTIL                                                                                                                                                            SUBPROCESO ATENCIÓN SOCIOECONÓMICA | Código: FBE.04 | CONTROL DE PEDIDO Y SALIDAS DE ALMACÉN (BODEGAS) | Versión: 04 | Fecha de Salida de Almacén | Categoría (Marque con X) | dd | mm | aaaa | Alimentos y bebidas | X | 16 | 2 | 2026 | Aseo y productos químicos | Desechables | Unidad de Servicio que solicita: CAFETERIA CAMILO TORRES/ COMPLEJO ACADEMICO CAMILO TORRES PISO 1
_NEOFRUT_XLS_CONVERTED.xlsx,NEOFRUT FEB 23,0,PROCESO BIENESTAR ESTUDIANTIL                                                                                                                                                            SUBPROCESO ATENCIÓN SOCIOECONÓMICA | Código: FBE.04 | CONTROL DE PEDIDO Y SALIDAS DE ALMACÉN (BODEGAS) | Versión: 04 | Fecha de Salida de Almacén | Categoría (Marque con X) | dd | mm | aaaa | Alimentos y bebidas | X | 23 | 2 | 2026 | Aseo y productos químicos | Desechables | Unidad de Servicio que solicita: CAFETERIA CAMILO TORRES/ COMPLEJO ACADEMICO CAMILO TORRES PISO 1
_NEOFRUT_XLS_CONVERTED.xlsx,NEOFRUT FEB 24,0,PROCESO BIENESTAR ESTUDIANTIL                                                                                                                                                            SUBPROCESO ATENCIÓN SOCIOECONÓMICA | Código: FBE.04 | CONTROL DE PEDIDO Y SALIDAS DE ALMACÉN (BODEGAS) | Versión: 04 | Fecha de Salida de Almacén | Categoría (Marque con X) | dd | mm | aaaa | Alimentos y bebidas | X | 24 | 2 | 2026 | Aseo y productos químicos | Desechables | Unidad de Servicio que solicita: CAFETERIA BIENESTAR ESTUDIANTIL/ DEDIFICIO BIENESTAR ESTUDIANTIL PISO 4
_NEOFRUT_XLS_CONVERTED.xlsx,NEOFRUT MARZO 3,0,PROCESO BIENESTAR ESTUDIANTIL                                                                                                                                                            SUBPROCESO ATENCIÓN SOCIOECONÓMICA | Código: FBE.04 | CONTROL DE PEDIDO Y SALIDAS DE ALMACÉN (BODEGAS) | Versión: 04 | Fecha de Salida de Almacén | Categoría (Marque con X) | dd | mm | aaaa | Alimentos y bebidas | X | 4 | 3 | 2026 | Aseo y productos químicos | Desechables | Unidad de Servicio que solicita: CAFETERIA BIENESTAR ESTUDIANTIL/ DEDIFICIO BIENESTAR ESTUDIANTIL PISO 4
_NEOFRUT_XLS_CONVERTED.xlsx,NEOFRUT MARZO 3,1,PROCESO BIENESTAR ESTUDIANTIL                                                                                                                                                            SUBPROCESO ATENCIÓN SOCIOECONÓMICA | Código: FBE.04 | CONTROL DE PEDIDO Y SALIDAS DE ALMACÉN (BODEGAS) | Versión: 04 | Fecha de Salida de Almacén | Categoría (Marque con X) | dd | mm | aaaa | Alimentos y bebidas | X | 4 | 3 | 2026 | Aseo y productos químicos | Desechables | Unidad de Servicio que solicita: CAFETERIA ADMINISTRACION 3 / EDIFICIO ADMINISTRACION 3 PISO 6
_NEOFRUT_XLS_CONVERTED.xlsx,NEOFRUT MARZO 9,0,PROCESO BIENESTAR ESTUDIANTIL                                                                                                                                                            SUBPROCESO ATENCIÓN SOCIOECONÓMICA | Código: FBE.04 | CONTROL DE PEDIDO Y SALIDAS DE ALMACÉN (BODEGAS) | Versión: 04 | Fecha de Salida de Almacén | Categoría (Marque con X) | dd | mm | aaaa | Alimentos y bebidas | X | 9 | 3 | 2026 | Aseo y productos químicos | Desechables | Unidad de Servicio que solicita:CAFETERIA CAFE PLAZOLETA CAMILO TORRES
_NEOFRUT_XLS_CONVERTED.xlsx,NEOFRUT MARZO 11,0,PROCESO BIENESTAR ESTUDIANTIL                                                                                                                                                            SUBPROCESO ATENCIÓN SOCIOECONÓMICA | Código: FBE.04 | CONTROL DE PEDIDO Y SALIDAS DE ALMACÉN (BODEGAS) | Versión: 04 | Fecha de Salida de Almacén | Categoría (Marque con X) | dd | mm | aaaa | Alimentos y bebidas | X | 11 | 3 | 2026 | Aseo y productos químicos | Desechables | Unidad de Servicio que solicita: CAFETERIA BIENESTAR ESTUDIANTIL/ DEDIFICIO BIENESTAR ESTUDIANTIL PISO 4
_NEOFRUT_XLS_CONVERTED.xlsx,NEOFRUT MARZO 16,0,PROCESO BIENESTAR ESTUDIANTIL                                                                                                                                                            SUBPROCESO ATENCIÓN SOCIOECONÓMICA | Código: FBE.04 | CONTROL DE PEDIDO Y SALIDAS DE ALMACÉN (BODEGAS) | Versión: 04 | Fecha de Salida de Almacén | Categoría (Marque con X) | dd | mm | aaaa | Alimentos y bebidas | X | 16 | 3 | 2026 | Aseo y productos químicos | Desechables | Unidad de Servicio que solicita:  CAFETERIA ADMINISTRACION 3 / EDIFICIO ADMINISTRACION 3 PISO 6
_NEOFRUT_XLS_CONVERTED.xlsx,NEOFRUT MARZO 17,0,PROCESO BIENESTAR ESTUDIANTIL                                                                                                                                                            SUBPROCESO ATENCIÓN SOCIOECONÓMICA | Código: FBE.04 | CONTROL DE PEDIDO Y SALIDAS DE ALMACÉN (BODEGAS) | Versión: 04 | Fecha de Salida de Almacén | Categoría (Marque con X) | dd | mm | aaaa | Alimentos y bebidas | X | 17 | 3 | 2026 | Aseo y productos químicos | Desechables | Unidad de Servicio que solicita: CAFETERIA CAMILO TORRES/ COMPLEJO ACADEMICO CAMILO TORRES PISO 1
_NEOFRUT_XLS_CONVERTED.xlsx,NEOFRUT MARZO 24,0,PROCESO BIENESTAR ESTUDIANTIL                                                                                                                                                            SUBPROCESO ATENCIÓN SOCIOECONÓMICA | Código: FBE.04 | CONTROL DE PEDIDO Y SALIDAS DE ALMACÉN (BODEGAS) | Versión: 04 | Fecha de Salida de Almacén | Categoría (Marque con X) | dd | mm | aaaa | Alimentos y bebidas | X | 24 | 3 | 2026 | Aseo y productos químicos | Desechables | Unidad de Servicio que solicita: CAFETERÍA BIENESTAR ESTUDIANTIL PISO 4
_NEOFRUT_XLS_CONVERTED.xlsx,NEOFRUT ABRIL 06,0,PROCESO BIENESTAR ESTUDIANTIL                                                                                                                                                            SUBPROCESO ATENCIÓN SOCIOECONÓMICA | Código: FBE.04 | CONTROL DE PEDIDO Y SALIDAS DE ALMACÉN (BODEGAS) | Versión: 04 | Fecha de Salida de Almacén | Categoría (Marque con X) | dd | mm | aaaa | Alimentos y bebidas | X | 6 | 4 | 2026 | Aseo y productos químicos | Desechables | Unidad de Servicio que solicita: CAFETERIA BIENESTAR ESTUDIANTIL/ DEDIFICIO BIENESTAR ESTUDIANTIL PISO 4
_NEOFRUT_XLS_CONVERTED.xlsx,NEOFRUT ABRIL 06,1,PROCESO BIENESTAR ESTUDIANTIL                                                                                                                                                            SUBPROCESO ATENCIÓN SOCIOECONÓMICA | Código: FBE.04 | CONTROL DE PEDIDO Y SALIDAS DE ALMACÉN (BODEGAS) | Versión: 04 | Fecha de Salida de Almacén | Categoría (Marque con X) | dd | mm | aaaa | Alimentos y bebidas | X | 6 | 4 | 2026 | Aseo y productos químicos | Desechables | Unidad de Servicio que solicita: CAFETERIA CAMILO TORRES/ COMPLEJO ACADEMICO CAMILO TORRES
_NEOFRUT_XLS_CONVERTED.xlsx,NEOFRUT MAYO 5,0,PROCESO BIENESTAR ESTUDIANTIL                                                                                                                                                            SUBPROCESO ATENCIÓN SOCIOECONÓMICA | Código: FBE.04 | CONTROL DE PEDIDO Y SALIDAS DE ALMACÉN (BODEGAS) | Versión: 04 | Fecha de Salida de Almacén | Categoría (Marque con X) | dd | mm | aaaa | Alimentos y bebidas | X | 5 | 5 | 2026 | Aseo y productos químicos | Desechables | Unidad de Servicio que solicita: CAFETERIA CAMILO TORRES/ COMPLEJO ACADEMICO CAMILO TORRES
_NEOFRUT_XLS_CONVERTED.xlsx,NEOFRUT MAYO 6,0,PROCESO BIENESTAR ESTUDIANTIL                                                                                                                                                            SUBPROCESO ATENCIÓN SOCIOECONÓMICA | Código: FBE.04 | CONTROL DE PEDIDO Y SALIDAS DE ALMACÉN (BODEGAS) | Versión: 04 | Fecha de Salida de Almacén | Categoría (Marque con X) | dd | mm | aaaa | Alimentos y bebidas | X | 6 | 5 | 2026 | Aseo y productos químicos | Desechables | Unidad de Servicio que solicita: CAFETERIA BIENESTAR ESTUDIANTIL/ DEDIFICIO BIENESTAR ESTUDIANTIL PISO 4
_NEOFRUT_XLS_CONVERTED.xlsx,NEOFRUT MAYO 7 11,0,PROCESO BIENESTAR ESTUDIANTIL                                                                                                                                                            SUBPROCESO ATENCIÓN SOCIOECONÓMICA | Código: FBE.04 | CONTROL DE PEDIDO Y SALIDAS DE ALMACÉN (BODEGAS) | Versión: 04 | Fecha de Salida de Almacén | Categoría (Marque con X) | dd | mm | aaaa | Alimentos y bebidas | X | 11 | 5 | 2026 | Aseo y productos químicos | Desechables | Unidad de Servicio que solicita: CAFETERIA CAMILO TORRES/ COMPLEJO ACADEMICO CAMILO TORRES PISO 1
_NEOFRUT_XLS_CONVERTED.xlsx,NEOFRUT MAYO 7 11,1,PROCESO BIENESTAR ESTUDIANTIL                                                                                                                                                            SUBPROCESO ATENCIÓN SOCIOECONÓMICA | Código: FBE.04 | CONTROL DE PEDIDO Y SALIDAS DE ALMACÉN (BODEGAS) | Versión: 04 | Fecha de Salida de Almacén | Categoría (Marque con X) | dd | mm | aaaa | Alimentos y bebidas | X | 7 | 5 | 2026 | Aseo y productos químicos | Desechables | Unidad de Servicio que solicita: CAFETERÍA BIENESTAR ESTUDIANTIL PISO 4
_NEOFRUT_.xlsm,NEOFRUT MARZO 16 (2),0,PROCESO BIENESTAR ESTUDIANTIL                                                                                                                                                            SUBPROCESO ATENCIÓN SOCIOECONÓMICA | Código: FBE.04 | CONTROL DE PEDIDO Y SALIDAS DE ALMACÉN (BODEGAS) | Versión: 04 | Fecha de Salida de Almacén | Categoría (Marque con X) | dd | mm | aaaa | Alimentos y bebidas | X | 16 | 3 | 2026 | Aseo y productos químicos | Desechables | Unidad de Servicio que solicita: CAFETERIA ADMINISTRACION 3 / EDIFICIO ADMINISTRACION 3 PISO 6
_NEOFRUT_.xlsm,NEOFRUTFEB 9 CT Y BE,0,PROCESO BIENESTAR ESTUDIANTIL                                                                                                                                                            SUBPROCESO ATENCIÓN SOCIOECONÓMICA | Código: FBE.04 | CONTROL DE PEDIDO Y SALIDAS DE ALMACÉN (BODEGAS) | Versión: 04 | Fecha de Salida de Almacén | Categoría (Marque con X) | dd | mm | aaaa | Alimentos y bebidas | X | 9 | 08 | 2026 | Aseo y productos químicos | Desechables | Unidad de Servicio que solicita: CAFETERIA BIENESTAR ESTUDIANTIL/ DEDIFICIO BIENESTAR ESTUDIANTIL PISO 4
_NEOFRUT_.xlsm,NEOFRUTFEB 9 CT Y BE,1,PROCESO BIENESTAR ESTUDIANTIL                                                                                                                                                            SUBPROCESO ATENCIÓN SOCIOECONÓMICA | Código: FBE.04 | CONTROL DE PEDIDO Y SALIDAS DE ALMACÉN (BODEGAS) | Versión: 04 | Fecha de Salida de Almacén | Categoría (Marque con X) | dd | mm | aaaa | Alimentos y bebidas | X | 9 | 2 | 2026 | Aseo y productos químicos | Desechables | Unidad de Servicio que solicita: CAFETERIA CAMILO TORRES/ COMPLEJO ACADEMICO CAMILO TORRES PISO 1
_NEOFRUT_.xlsm,NEOFRUT ENER CT-PRO-BE-A3,0,PROCESO BIENESTAR ESTUDIANTIL                                                                                                                                                            SUBPROCESO ATENCIÓN SOCIOECONÓMICA | Código: FBE.04 | CONTROL DE PEDIDO Y SALIDAS DE ALMACÉN (BODEGAS) | Versión: 04 | Fecha de Salida de Almacén | Categoría (Marque con X) | dd | mm | aaaa | Alimentos y bebidas | X | 26 | 1 | 2026 | Aseo y productos químicos | Desechables | Unidad de Servicio que solicita: RESTAURANTE AUTOSERVICIO BIENESTAR PRO / EDIFICIO BIENESTAR PRO PISO 3
_NEOFRUT_.xlsm,NEOFRUT ENER CT-PRO-BE-A3,1,PROCESO BIENESTAR ESTUDIANTIL                                                                                                                                                            SUBPROCESO ATENCIÓN SOCIOECONÓMICA | Código: FBE.04 | CONTROL DE PEDIDO Y SALIDAS DE ALMACÉN (BODEGAS) | Versión: 04 | Fecha de Salida de Almacén | Categoría (Marque con X) | dd | mm | aaaa | Alimentos y bebidas | X | 26 | 1 | 2026 | Aseo y productos químicos | Desechables | Unidad de Servicio que solicita: CAFETERIA CAFE PLAZOLETA CAMILO TORRES
_NEOFRUT_.xlsm,NEOFRUT ENER CT-PRO-BE-A3,2,PROCESO BIENESTAR ESTUDIANTIL                                                                                                                                                            SUBPROCESO ATENCIÓN SOCIOECONÓMICA | Código: FBE.04 | CONTROL DE PEDIDO Y SALIDAS DE ALMACÉN (BODEGAS) | Versión: 04 | Fecha de Salida de Almacén | Categoría (Marque con X) | dd | mm | aaaa | Alimentos y bebidas | X | 26 | 1 | 2026 | Aseo y productos químicos | Desechables | Unidad de Servicio que solicita: CAFETERIA BIENESTAR ESTUDIANTIL/ DEDIFICIO BIENESTAR ESTUDIANTIL PISO 4
_NEOFRUT_.xlsm,NEOFRUT ENER CT-PRO-BE-A3,3,PROCESO BIENESTAR ESTUDIANTIL                                                                                                                                                            SUBPROCESO ATENCIÓN SOCIOECONÓMICA | Código: FBE.04 | CONTROL DE PEDIDO Y SALIDAS DE ALMACÉN (BODEGAS) | Versión: 04 | Fecha de Salida de Almacén | Categoría (Marque con X) | dd | mm | aaaa | Alimentos y bebidas | X | 26 | 1 | 2026 | Aseo y productos químicos | Desechables | Unidad de Servicio que solicita: CAFETERIA ADMINISTRACION 3 / EDIFICIO ADMINISTRACION 3 PISO 6
_NEOFRUT_.xlsm,NEOFRUT FEB 13,0,PROCESO BIENESTAR ESTUDIANTIL                                                                                                                                                            SUBPROCESO ATENCIÓN SOCIOECONÓMICA | Código: FBE.04 | CONTROL DE PEDIDO Y SALIDAS DE ALMACÉN (BODEGAS) | Versión: 04 | Fecha de Salida de Almacén | Categoría (Marque con X) | dd | mm | aaaa | Alimentos y bebidas | X | 13 | 2 | 2026 | Aseo y productos químicos | Desechables | Unidad de Servicio que solicita: CAFETERIA ADMINISTRACION 3 / EDIFICIO ADMINISTRACION 3 PISO 6
_NEOFRUT_.xlsm,NEOFRUT FEB 16,0,PROCESO BIENESTAR ESTUDIANTIL                                                                                                                                                            SUBPROCESO ATENCIÓN SOCIOECONÓMICA | Código: FBE.04 | CONTROL DE PEDIDO Y SALIDAS DE ALMACÉN (BODEGAS) | Versión: 04 | Fecha de Salida de Almacén | Categoría (Marque con X) | dd | mm | aaaa | Alimentos y bebidas | X | 16 | 2 | 2026 | Aseo y productos químicos | Desechables | Unidad de Servicio que solicita: CAFETERIA CAMILO TORRES/ COMPLEJO ACADEMICO CAMILO TORRES PISO 1
_NEOFRUT_.xlsm,NEOFRUT FEB 23,0,PROCESO BIENESTAR ESTUDIANTIL                                                                                                                                                            SUBPROCESO ATENCIÓN SOCIOECONÓMICA | Código: FBE.04 | CONTROL DE PEDIDO Y SALIDAS DE ALMACÉN (BODEGAS) | Versión: 04 | Fecha de Salida de Almacén | Categoría (Marque con X) | dd | mm | aaaa | Alimentos y bebidas | X | 23 | 2 | 2026 | Aseo y productos químicos | Desechables | Unidad de Servicio que solicita: CAFETERIA CAMILO TORRES/ COMPLEJO ACADEMICO CAMILO TORRES PISO 1
_NEOFRUT_.xlsm,NEOFRUT FEB 24,0,PROCESO BIENESTAR ESTUDIANTIL                                                                                                                                                            SUBPROCESO ATENCIÓN SOCIOECONÓMICA | Código: FBE.04 | CONTROL DE PEDIDO Y SALIDAS DE ALMACÉN (BODEGAS) | Versión: 04 | Fecha de Salida de Almacén | Categoría (Marque con X) | dd | mm | aaaa | Alimentos y bebidas | X | 24 | 2 | 2026 | Aseo y productos químicos | Desechables | Unidad de Servicio que solicita: CAFETERIA BIENESTAR ESTUDIANTIL/ DEDIFICIO BIENESTAR ESTUDIANTIL PISO 4
_NEOFRUT_.xlsm,NEOFRUT MARZO 3,0,PROCESO BIENESTAR ESTUDIANTIL                                                                                                                                                            SUBPROCESO ATENCIÓN SOCIOECONÓMICA | Código: FBE.04 | CONTROL DE PEDIDO Y SALIDAS DE ALMACÉN (BODEGAS) | Versión: 04 | Fecha de Salida de Almacén | Categoría (Marque con X) | dd | mm | aaaa | Alimentos y bebidas | X | 4 | 3 | 2026 | Aseo y productos químicos | Desechables | Unidad de Servicio que solicita: CAFETERIA BIENESTAR ESTUDIANTIL/ DEDIFICIO BIENESTAR ESTUDIANTIL PISO 4
_NEOFRUT_.xlsm,NEOFRUT MARZO 3,1,PROCESO BIENESTAR ESTUDIANTIL                                                                                                                                                            SUBPROCESO ATENCIÓN SOCIOECONÓMICA | Código: FBE.04 | CONTROL DE PEDIDO Y SALIDAS DE ALMACÉN (BODEGAS) | Versión: 04 | Fecha de Salida de Almacén | Categoría (Marque con X) | dd | mm | aaaa | Alimentos y bebidas | X | 4 | 3 | 2026 | Aseo y productos químicos | Desechables | Unidad de Servicio que solicita: CAFETERIA ADMINISTRACION 3 / EDIFICIO ADMINISTRACION 3 PISO 6
_NEOFRUT_.xlsm,NEOFRUT MARZO 9,0,PROCESO BIENESTAR ESTUDIANTIL                                                                                                                                                            SUBPROCESO ATENCIÓN SOCIOECONÓMICA | Código: FBE.04 | CONTROL DE PEDIDO Y SALIDAS DE ALMACÉN (BODEGAS) | Versión: 04 | Fecha de Salida de Almacén | Categoría (Marque con X) | dd | mm | aaaa | Alimentos y bebidas | X | 9 | 3 | 2026 | Aseo y productos químicos | Desechables | Unidad de Servicio que solicita:CAFETERIA CAFE PLAZOLETA CAMILO TORRES
_NEOFRUT_.xlsm,NEOFRUT MARZO 11,0,PROCESO BIENESTAR ESTUDIANTIL                                                                                                                                                            SUBPROCESO ATENCIÓN SOCIOECONÓMICA | Código: FBE.04 | CONTROL DE PEDIDO Y SALIDAS DE ALMACÉN (BODEGAS) | Versión: 04 | Fecha de Salida de Almacén | Categoría (Marque con X) | dd | mm | aaaa | Alimentos y bebidas | X | 11 | 3 | 2026 | Aseo y productos químicos | Desechables | Unidad de Servicio que solicita: CAFETERIA BIENESTAR ESTUDIANTIL/ DEDIFICIO BIENESTAR ESTUDIANTIL PISO 4
_NEOFRUT_.xlsm,NEOFRUT MARZO 16,0,PROCESO BIENESTAR ESTUDIANTIL                                                                                                                                                            SUBPROCESO ATENCIÓN SOCIOECONÓMICA | Código: FBE.04 | CONTROL DE PEDIDO Y SALIDAS DE ALMACÉN (BODEGAS) | Versión: 04 | Fecha de Salida de Almacén | Categoría (Marque con X) | dd | mm | aaaa | Alimentos y bebidas | X | 16 | 3 | 2026 | Aseo y productos químicos | Desechables | Unidad de Servicio que solicita:  CAFETERIA ADMINISTRACION 3 / EDIFICIO ADMINISTRACION 3 PISO 6
_NEOFRUT_.xlsm,NEOFRUT MARZO 17,0,PROCESO BIENESTAR ESTUDIANTIL                                                                                                                                                            SUBPROCESO ATENCIÓN SOCIOECONÓMICA | Código: FBE.04 | CONTROL DE PEDIDO Y SALIDAS DE ALMACÉN (BODEGAS) | Versión: 04 | Fecha de Salida de Almacén | Categoría (Marque con X) | dd | mm | aaaa | Alimentos y bebidas | X | 17 | 3 | 2026 | Aseo y productos químicos | Desechables | Unidad de Servicio que solicita: CAFETERIA CAMILO TORRES/ COMPLEJO ACADEMICO CAMILO TORRES PISO 1
_NEOFRUT_.xlsm,NEOFRUT MARZO 24,0,PROCESO BIENESTAR ESTUDIANTIL                                                                                                                                                            SUBPROCESO ATENCIÓN SOCIOECONÓMICA | Código: FBE.04 | CONTROL DE PEDIDO Y SALIDAS DE ALMACÉN (BODEGAS) | Versión: 04 | Fecha de Salida de Almacén | Categoría (Marque con X) | dd | mm | aaaa | Alimentos y bebidas | X | 24 | 3 | 2026 | Aseo y productos químicos | Desechables | Unidad de Servicio que solicita: CAFETERÍA BIENESTAR ESTUDIANTIL PISO 4
_NEOFRUT_.xlsm,NEOFRUT ABRIL 06,0,PROCESO BIENESTAR ESTUDIANTIL                                                                                                                                                            SUBPROCESO ATENCIÓN SOCIOECONÓMICA | Código: FBE.04 | CONTROL DE PEDIDO Y SALIDAS DE ALMACÉN (BODEGAS) | Versión: 04 | Fecha de Salida de Almacén | Categoría (Marque con X) | dd | mm | aaaa | Alimentos y bebidas | X | 6 | 4 | 2026 | Aseo y productos químicos | Desechables | Unidad de Servicio que solicita: CAFETERIA BIENESTAR ESTUDIANTIL/ DEDIFICIO BIENESTAR ESTUDIANTIL PISO 4
_NEOFRUT_.xlsm,NEOFRUT ABRIL 06,1,PROCESO BIENESTAR ESTUDIANTIL                                                                                                                                                            SUBPROCESO ATENCIÓN SOCIOECONÓMICA | Código: FBE.04 | CONTROL DE PEDIDO Y SALIDAS DE ALMACÉN (BODEGAS) | Versión: 04 | Fecha de Salida de Almacén | Categoría (Marque con X) | dd | mm | aaaa | Alimentos y bebidas | X | 6 | 4 | 2026 | Aseo y productos químicos | Desechables | Unidad de Servicio que solicita: CAFETERIA CAMILO TORRES/ COMPLEJO ACADEMICO CAMILO TORRES
_NEOFRUT_.xlsm,NEOFRUT MAYO 5,0,PROCESO BIENESTAR ESTUDIANTIL                                                                                                                                                            SUBPROCESO ATENCIÓN SOCIOECONÓMICA | Código: FBE.04 | CONTROL DE PEDIDO Y SALIDAS DE ALMACÉN (BODEGAS) | Versión: 04 | Fecha de Salida de Almacén | Categoría (Marque con X) | dd | mm | aaaa | Alimentos y bebidas | X | 5 | 5 | 2026 | Aseo y productos químicos | Desechables | Unidad de Servicio que solicita: CAFETERIA CAMILO TORRES/ COMPLEJO ACADEMICO CAMILO TORRES
_NEOFRUT_.xlsm,NEOFRUT MAYO 6,0,PROCESO BIENESTAR ESTUDIANTIL                                                                                                                                                            SUBPROCESO ATENCIÓN SOCIOECONÓMICA | Código: FBE.04 | CONTROL DE PEDIDO Y SALIDAS DE ALMACÉN (BODEGAS) | Versión: 04 | Fecha de Salida de Almacén | Categoría (Marque con X) | dd | mm | aaaa | Alimentos y bebidas | X | 6 | 5 | 2026 | Aseo y productos químicos | Desechables | Unidad de Servicio que solicita: CAFETERIA BIENESTAR ESTUDIANTIL/ DEDIFICIO BIENESTAR ESTUDIANTIL PISO 4
_NEOFRUT_.xlsm,NEOFRUT MAYO 7 11 (2),0,PROCESO BIENESTAR ESTUDIANTIL                                                                                                                                                            SUBPROCESO ATENCIÓN SOCIOECONÓMICA | Código: FBE.04 | CONTROL DE PEDIDO Y SALIDAS DE ALMACÉN (BODEGAS) | Versión: 04 | Fecha de Salida de Almacén | Categoría (Marque con X) | dd | mm | aaaa | Alimentos y bebidas | X | 11 | 5 | 2026 | Aseo y productos químicos | Desechables | Unidad de Servicio que solicita: CAFETERIA CAMILO TORRES/ COMPLEJO ACADEMICO CAMILO TORRES PISO 1
_NEOFRUT_.xlsm,NEOFRUT MAYO 7 11 (2),1,PROCESO BIENESTAR ESTUDIANTIL                                                                                                                                                            SUBPROCESO ATENCIÓN SOCIOECONÓMICA | Código: FBE.04 | CONTROL DE PEDIDO Y SALIDAS DE ALMACÉN (BODEGAS) | Versión: 04 | Fecha de Salida de Almacén | Categoría (Marque con X) | dd | mm | aaaa | Alimentos y bebidas | X | 7 | 5 | 2026 | Aseo y productos químicos | Desechables | Unidad de Servicio que solicita: CAFETERÍA BIENESTAR ESTUDIANTIL PISO 4
_NEOFRUT_.xlsm,NEOFRUT MAYO 7 11,0,PROCESO BIENESTAR ESTUDIANTIL                                                                                                                                                            SUBPROCESO ATENCIÓN SOCIOECONÓMICA | Código: FBE.04 | CONTROL DE PEDIDO Y SALIDAS DE ALMACÉN (BODEGAS) | Versión: 04 | Fecha de Salida de Almacén | Categoría (Marque con X) | dd | mm | aaaa | Alimentos y bebidas | X | 11 | 5 | 2026 | Aseo y productos químicos | Desechables | Unidad de Servicio que solicita: CAFETERIA CAMILO TORRES/ COMPLEJO ACADEMICO CAMILO TORRES PISO 1
_NEOFRUT_.xlsm,NEOFRUT MAYO 7 11,1,PROCESO BIENESTAR ESTUDIANTIL                                                                                                                                                            SUBPROCESO ATENCIÓN SOCIOECONÓMICA | Código: FBE.04 | CONTROL DE PEDIDO Y SALIDAS DE ALMACÉN (BODEGAS) | Versión: 04 | Fecha de Salida de Almacén | Categoría (Marque con X) | dd | mm | aaaa | Alimentos y bebidas | X | 7 | 5 | 2026 | Aseo y productos químicos | Desechables | Unidad de Servicio que solicita: CAFETERÍA BIENESTAR ESTUDIANTIL PISO 4
_NEOFRUT_.xlsm,NEOFRUT MAYO 19,0,PROCESO BIENESTAR ESTUDIANTIL                                                                                                                                                            SUBPROCESO ATENCIÓN SOCIOECONÓMICA | Código: FBE.04 | CONTROL DE PEDIDO Y SALIDAS DE ALMACÉN (BODEGAS) | Versión: 04 | Fecha de Salida de Almacén | Categoría (Marque con X) | dd | mm | aaaa | Alimentos y bebidas | X | 19 | 5 | 2026 | Aseo y productos químicos | Desechables | Unidad de Servicio que solicita: CAFETERIA CAMILO TORRES/ COMPLEJO ACADEMICO CAMILO TORRES PISO 1
_NEOFRUT_.xlsm,NEOFRUT MAYO 19,1,PROCESO BIENESTAR ESTUDIANTIL                                                                                                                                                            SUBPROCESO ATENCIÓN SOCIOECONÓMICA | Código: FBE.04 | CONTROL DE PEDIDO Y SALIDAS DE ALMACÉN (BODEGAS) | Versión: 04 | Fecha de Salida de Almacén | Categoría (Marque con X) | dd | mm | aaaa | Alimentos y bebidas | X | 19 | 5 | 2026 | Aseo y productos químicos | Desechables | Unidad de Servicio que solicita: CAFETERÍA BIENESTAR ESTUDIANTIL PISO 4
_NEOFRUT_.xlsm,NEOFRUT MAYO 25,0,PROCESO BIENESTAR ESTUDIANTIL                                                                                                                                                            SUBPROCESO ATENCIÓN SOCIOECONÓMICA | Código: FBE.04 | CONTROL DE PEDIDO Y SALIDAS DE ALMACÉN (BODEGAS) | Versión: 04 | Fecha de Salida de Almacén | Categoría (Marque con X) | dd | mm | aaaa | Alimentos y bebidas | X | 25 | 5 | 2026 | Aseo y productos químicos | Desechables | Unidad de Servicio que solicita: CAFETERIA CAMILO TORRES/ COMPLEJO ACADEMICO CAMILO TORRES PISO 1
_NEOFRUT_.xlsm,NEOFRUT MAYO 25,1,PROCESO BIENESTAR ESTUDIANTIL                                                                                                                                                            SUBPROCESO ATENCIÓN SOCIOECONÓMICA | Código: FBE.04 | CONTROL DE PEDIDO Y SALIDAS DE ALMACÉN (BODEGAS) | Versión: 04 | Fecha de Salida de Almacén | Categoría (Marque con X) | dd | mm | aaaa | Alimentos y bebidas | X | 25 | 5 | 2026 | Aseo y productos químicos | Desechables | Unidad de Servicio que solicita: CAFETERÍA BIENESTAR ESTUDIANTIL PISO 4
_NEOFRUT_.xlsm,NEOFRUT JUNIO 1,0,PROCESO BIENESTAR ESTUDIANTIL                                                                                                                                                            SUBPROCESO ATENCIÓN SOCIOECONÓMICA | Código: FBE.04 | CONTROL DE PEDIDO Y SALIDAS DE ALMACÉN (BODEGAS) | Versión: 04 | Fecha de Salida de Almacén | Categoría (Marque con X) | dd | mm | aaaa | Alimentos y bebidas | X | 1 | 6 | 2026 | Aseo y productos químicos | Desechables | Unidad de Servicio que solicita: CAFETERIA CAMILO TORRES/ COMPLEJO ACADEMICO CAMILO TORRES PISO 1
_NEOFRUT_.xlsm,NEOFRUT JUNIO 1,1,PROCESO BIENESTAR ESTUDIANTIL                                                                                                                                                            SUBPROCESO ATENCIÓN SOCIOECONÓMICA | Código: FBE.04 | CONTROL DE PEDIDO Y SALIDAS DE ALMACÉN (BODEGAS) | Versión: 04 | Fecha de Salida de Almacén | Categoría (Marque con X) | dd | mm | aaaa | Alimentos y bebidas | X | 1 | 6 | 2026 | Aseo y productos químicos | Desechables | Unidad de Servicio que solicita: CAFETERIA ADMINISTRACION 3 / EDIFICIO ADMINISTRACION 3 PISO 6
_NEOFRUT_.xlsm,NEOFRUT JUNIO 1,2,PROCESO BIENESTAR ESTUDIANTIL                                                                                                                                                            SUBPROCESO ATENCIÓN SOCIOECONÓMICA | Código: FBE.04 | CONTROL DE PEDIDO Y SALIDAS DE ALMACÉN (BODEGAS) | Versión: 04 | Fecha de Salida de Almacén | Categoría (Marque con X) | dd | mm | aaaa | Alimentos y bebidas | X | 1 | 6 | 2026 | Aseo y productos químicos | Desechables | Unidad de Servicio que solicita: CAFETERIA BIENESTAR ESTUDIANTIL/ DEDIFICIO BIENESTAR ESTUDIANTIL PISO 4
