archivo,hoja,bloque_idx,fila_no,producto,unidad_medida,cant_solicitada,cant_devuelta,cant_adicional,cant_total_salida
COCA_COLA_AGOSTO.xlsx,AGOSTO 12,0,1,AGUA BRISA PET 600 ML X 24,BANDEJA,,,,
COCA_COLA_AGOSTO.xlsx,AGOSTO 12,0,2,AGUA GAS BRISA LIMON 600 ML 6,BANDEJA,,,,
COCA_COLA_AGOSTO.xlsx,AGOSTO 12,0,3,COCACOLA  PET 400 ML X 12,BANDEJA,,,,
COCA_COLA_AGOSTO.xlsx,AGOSTO 12,0,4,COCACOLA  ZERO  PET 400 ML X 12,BANDEJA,,,,
COCA_COLA_AGOSTO.xlsx,AGOSTO 12,0,5,FUZE TEA MANGO X 400 ML X  6,BANDEJA,,,,
COCA_COLA_AGOSTO.xlsx,AGOSTO 12,0,6,FUZE TEA NEGRO LIMON X 400 ML X 6,BANDEJA,,,,
COCA_COLA_AGOSTO.xlsx,AGOSTO 12,1,1,AGUA BRISA PET 600 ML X 24,BANDEJA,1,,,
COCA_COLA_AGOSTO.xlsx,AGOSTO 12,1,2,COCACOLA  PET 400 ML X 12,BANDEJA,3,,,
COCA_COLA_AGOSTO.xlsx,AGOSTO 12,1,3,COCACOLA  ZERO 400 ML X 12,BANDEJA,1,,,
COCA_COLA_AGOSTO.xlsx,AGOSTO 12,1,4,GASEOSA CUATRO PET 400ML,BANDEJA,2,,,
COCA_COLA_AGOSTO.xlsx,AGOSTO 12,1,5,,,,,,
COCA_COLA_AGOSTO.xlsx,AGOSTO 12,1,6,,,,,,
COCA_COLA_AGOSTO.xlsx,AGOSTO 12,1,7,,,,,,
COCA_COLA_AGOSTO.xlsx,AGOSTO 12,1,8,,,,,,
COCA_COLA_AGOSTO.xlsx,AGOSTO 12,1,9,,,,,,
COCA_COLA_AGOSTO.xlsx,AGOSTO 12,1,10,,,,,,
COCA_COLA_AGOSTO.xlsx,AGOSTO 12,1,11,,,,,,
COCA_COLA_AGOSTO.xlsx,AGOSTO 12,1,12,,,,,,
COCA_COLA_AGOSTO.xlsx,AGOSTO 12,1,Observaciones:                                                                                                                                                                                               BE : (FVBG1795005),,,,,,
COCA_COLA_AGOSTO.xlsx,AGOSTO 12,1,Espacio para Nombre y firma DESPACHADOR,,Espacio para Nombre y firma RECEPTOR,,,,
COCA_COLA_AGOSTO.xlsx,AGOSTO 12,2,1,AGUA BRISA PET 600 ML X 24,BANDEJA,6,,,
COCA_COLA_AGOSTO.xlsx,AGOSTO 12,2,2,AGUA GAS BRISA  600 ML 6,BANDEJA,2,,,
COCA_COLA_AGOSTO.xlsx,AGOSTO 12,2,3,AGUA  BRISA LIMON  600 ML 6,BANDEJA,6,,,
COCA_COLA_AGOSTO.xlsx,AGOSTO 12,2,4,COCACOLA  PET 400 ML X 12,BANDEJA,6,,,
COCA_COLA_AGOSTO.xlsx,AGOSTO 12,2,5,COCACOLA  ZERO 400 ML X 12,BANDEJA,2,,,
COCA_COLA_AGOSTO.xlsx,AGOSTO 12,2,6,FUZE TEA NEGRO LIMON X 400 ML X  6,BANDEJA,1,,,
COCA_COLA_AGOSTO.xlsx,AGOSTO 12,2,7,FUZE TEA DURAZNO X 400 ML X  6,BANDEJA,1,,,
COCA_COLA_AGOSTO.xlsx,AGOSTO 12,2,8,GASEOSA CUATRO PET 400ML,BANDEJA,1,,,
COCA_COLA_AGOSTO.xlsx,AGOSTO 12,2,9,JUGO DEL VALLE 500 MORA X 6,BANDEJA,1,,,
COCA_COLA_AGOSTO.xlsx,AGOSTO 12,2,10,,,,,,
COCA_COLA_AGOSTO.xlsx,AGOSTO 12,2,11,,,,,,
COCA_COLA_AGOSTO.xlsx,AGOSTO 12,2,12,,,,,,
COCA_COLA_AGOSTO.xlsx,AGOSTO 12,2,13,,,,,,
COCA_COLA_AGOSTO.xlsx,AGOSTO 12,2,14,,,,,,
COCA_COLA_AGOSTO.xlsx,AGOSTO 12,2,Observaciones:                                                                                                                                                                                               CT: (FVBG1795003),,,,,,
COCA_COLA_AGOSTO.xlsx,AGOSTO 12,2,Espacio para Nombre y firma DESPACHADOR,,Espacio para Nombre y firma RECEPTOR,,,,
COCA_COLA_AGOSTO.xlsx,AGOSTO 14,0,1,AGUA GAS BRISA LIMON 600 ML 6,BANDEJA,,,,
COCA_COLA_AGOSTO.xlsx,AGOSTO 14,0,2,COCACOLA  ZERO  PET 400 ML X 12,BANDEJA,,,,
COCA_COLA_AGOSTO.xlsx,AGOSTO 14,0,3,,,,,,
COCA_COLA_AGOSTO.xlsx,AGOSTO 14,0,4,,,,,,
COCA_COLA_AGOSTO.xlsx,AGOSTO 14,0,5,,,,,,
COCA_COLA_AGOSTO.xlsx,AGOSTO 14,0,6,,,,,,
COCA_COLA_AGOSTO.xlsx,AGOSTO 14,1,1,AGUA BRISA PET 600 ML X 24,BANDEJA,3,,,
COCA_COLA_AGOSTO.xlsx,AGOSTO 14,1,2,AGUA GAS BRISA  600 ML 6,BANDEJA,1,,,
COCA_COLA_AGOSTO.xlsx,AGOSTO 14,1,3,AGUA  BRISA LIMON  600 ML 6,BANDEJA,2,,,
COCA_COLA_AGOSTO.xlsx,AGOSTO 14,1,4,COCACOLA  ZERO 400 ML X 12,BANDEJA,2,,,
COCA_COLA_AGOSTO.xlsx,AGOSTO 14,1,5,COCACOLA  PET 400 ML X 12,BANDEJA,5,,,
COCA_COLA_AGOSTO.xlsx,AGOSTO 14,1,6,FUZE TEA NEGRO LIMON X 400 ML X  6,BANDEJA,2,,,
COCA_COLA_AGOSTO.xlsx,AGOSTO 14,1,7,GASEOSA SPRITE PET 400ML,BANDEJA,1,,,
COCA_COLA_AGOSTO.xlsx,AGOSTO 14,1,8,JUGO DEL VALLE 188 ML MORA X24,BANDEJA,2,,,
COCA_COLA_AGOSTO.xlsx,AGOSTO 14,1,9,JUGO DEL VALLE 188 ML MANGO FRESA X24,BANDEJA,2,,,
COCA_COLA_AGOSTO.xlsx,AGOSTO 14,1,10,JUGO DEL VALLE 500 ML MORA X24,BANDEJA,2,,,
COCA_COLA_AGOSTO.xlsx,AGOSTO 14,1,11,,,,,,
COCA_COLA_AGOSTO.xlsx,AGOSTO 14,1,12,,,,,,
COCA_COLA_AGOSTO.xlsx,AGOSTO 14,1,Observaciones:                                                                                                                                                                                               BE : (FVBG1812458),,,,,,
COCA_COLA_AGOSTO.xlsx,AGOSTO 14,1,Espacio para Nombre y firma DESPACHADOR,,Espacio para Nombre y firma RECEPTOR,,,,
COCA_COLA_AGOSTO.xlsx,AGOSTO 14,2,1,AGUA BRISA PET 600 ML X 24,BANDEJA,,,,
COCA_COLA_AGOSTO.xlsx,AGOSTO 14,2,2,AGUA GAS BRISA  600 ML 6,BANDEJA,,,,
COCA_COLA_AGOSTO.xlsx,AGOSTO 14,2,3,AGUA  BRISA LIMON  600 ML 6,BANDEJA,,,,
COCA_COLA_AGOSTO.xlsx,AGOSTO 14,2,4,COCACOLA  PET 400 ML X 12,BANDEJA,,,,
COCA_COLA_AGOSTO.xlsx,AGOSTO 14,2,5,COCACOLA  ZERO 400 ML X 12,BANDEJA,,,,
COCA_COLA_AGOSTO.xlsx,AGOSTO 14,2,6,FUZE TEA NEGRO LIMON X 400 ML X  6,BANDEJA,,,,
COCA_COLA_AGOSTO.xlsx,AGOSTO 14,2,7,FUZE TEA DURAZNO X 400 ML X  6,BANDEJA,,,,
COCA_COLA_AGOSTO.xlsx,AGOSTO 14,2,8,GASEOSA CUATRO PET 400ML,BANDEJA,,,,
COCA_COLA_AGOSTO.xlsx,AGOSTO 14,2,9,JUGO DEL VALLE 500 MORA X 6,BANDEJA,,,,
COCA_COLA_AGOSTO.xlsx,AGOSTO 14,2,10,,,,,,
COCA_COLA_AGOSTO.xlsx,AGOSTO 14,2,11,,,,,,
COCA_COLA_AGOSTO.xlsx,AGOSTO 14,2,12,,,,,,
COCA_COLA_AGOSTO.xlsx,AGOSTO 14,2,13,,,,,,
COCA_COLA_AGOSTO.xlsx,AGOSTO 14,2,14,,,,,,
COCA_COLA_AGOSTO.xlsx,AGOSTO 14,2,Observaciones:                                                                                                                                                                                               CT: (FVBG1795003),,,,,,
COCA_COLA_AGOSTO.xlsx,AGOSTO 14,2,Espacio para Nombre y firma DESPACHADOR,,Espacio para Nombre y firma RECEPTOR,,,,
COCA_COLA_AGOSTO.xlsx,AGOSTO 19,0,1,AGUA GAS BRISA LIMON 600 ML 6,BANDEJA,2,,,
COCA_COLA_AGOSTO.xlsx,AGOSTO 19,0,2,COCACOLA  ZERO  PET 400 ML X 12,BANDEJA,1,,,
COCA_COLA_AGOSTO.xlsx,AGOSTO 19,0,3,,,,,,
COCA_COLA_AGOSTO.xlsx,AGOSTO 19,0,4,,,,,,
COCA_COLA_AGOSTO.xlsx,AGOSTO 19,0,5,,,,,,
COCA_COLA_AGOSTO.xlsx,AGOSTO 19,0,6,,,,,,
COCA_COLA_AGOSTO.xlsx,AGOSTO 19,1,1,AGUA BRISA PET 600 ML X 24,BANDEJA,2,,,
COCA_COLA_AGOSTO.xlsx,AGOSTO 19,1,2,FUZE TEA NEGRO LIMON X 400 ML X  6,BANDEJA,2,,,
COCA_COLA_AGOSTO.xlsx,AGOSTO 19,1,3,,,,,,
COCA_COLA_AGOSTO.xlsx,AGOSTO 19,1,4,,,,,,
COCA_COLA_AGOSTO.xlsx,AGOSTO 19,1,5,,,,,,
COCA_COLA_AGOSTO.xlsx,AGOSTO 19,1,6,,,,,,
COCA_COLA_AGOSTO.xlsx,AGOSTO 19,1,7,,,,,,
COCA_COLA_AGOSTO.xlsx,AGOSTO 19,1,8,,,,,,
COCA_COLA_AGOSTO.xlsx,AGOSTO 19,1,9,,,,,,
COCA_COLA_AGOSTO.xlsx,AGOSTO 19,1,10,,,,,,
COCA_COLA_AGOSTO.xlsx,AGOSTO 19,1,11,,,,,,
COCA_COLA_AGOSTO.xlsx,AGOSTO 19,1,12,,,,,,
COCA_COLA_AGOSTO.xlsx,AGOSTO 19,1,Observaciones:                                                                                                                                                                                               BE : (FVBG184353),,,,,,
COCA_COLA_AGOSTO.xlsx,AGOSTO 19,1,Espacio para Nombre y firma DESPACHADOR,,Espacio para Nombre y firma RECEPTOR,,,,
COCA_COLA_AGOSTO.xlsx,AGOSTO 19,2,1,AGUA BRISA PET 600 ML X 24,BANDEJA,6,,,
COCA_COLA_AGOSTO.xlsx,AGOSTO 19,2,2,AGUA  BRISA LIMON -MANZANA 600 ML 6,BANDEJA,8,,,
COCA_COLA_AGOSTO.xlsx,AGOSTO 19,2,3,COCACOLA  PET 400 ML X 12,BANDEJA,3,,,
COCA_COLA_AGOSTO.xlsx,AGOSTO 19,2,4,COCACOLA  ZERO 400 ML X 12,BANDEJA,1,,,
COCA_COLA_AGOSTO.xlsx,AGOSTO 19,2,5,FUZE TEA NEGRO LIMON X 400 ML X  6,BANDEJA,2,,,
COCA_COLA_AGOSTO.xlsx,AGOSTO 19,2,6,FUZE TEA DURAZNO X 400 ML X  6,BANDEJA,1,,,
COCA_COLA_AGOSTO.xlsx,AGOSTO 19,2,7,POWER 500ML X6,BANDEJA,1,,,
COCA_COLA_AGOSTO.xlsx,AGOSTO 19,2,8,,,,,,
COCA_COLA_AGOSTO.xlsx,AGOSTO 19,2,9,,,,,,
COCA_COLA_AGOSTO.xlsx,AGOSTO 19,2,10,,,,,,
COCA_COLA_AGOSTO.xlsx,AGOSTO 19,2,11,,,,,,
COCA_COLA_AGOSTO.xlsx,AGOSTO 19,2,12,,,,,,
COCA_COLA_AGOSTO.xlsx,AGOSTO 19,2,13,,,,,,
COCA_COLA_AGOSTO.xlsx,AGOSTO 19,2,14,,,,,,
COCA_COLA_AGOSTO.xlsx,AGOSTO 19,2,Observaciones:                                                                                                                                                                                               CT: (FVBG1834344),,,,,,
COCA_COLA_AGOSTO.xlsx,AGOSTO 19,2,Espacio para Nombre y firma DESPACHADOR,,Espacio para Nombre y firma RECEPTOR,,,,
COCA_COLA_AGOSTO.xlsx,AGOSTO 25,0,1,AGUA BRISA PET 600 ML X 24,BANDEJA,,,,
COCA_COLA_AGOSTO.xlsx,AGOSTO 25,0,2,AGUA  BRISA LIMON -MANZANA 600 ML 6,BANDEJA,,,,
COCA_COLA_AGOSTO.xlsx,AGOSTO 25,0,3,COCACOLA  PET 400 ML X 12,BANDEJA,,,,
COCA_COLA_AGOSTO.xlsx,AGOSTO 25,0,4,COCACOLA  ZERO 400 ML X 12,BANDEJA,,,,
COCA_COLA_AGOSTO.xlsx,AGOSTO 25,0,5,FUZE TEA NEGRO LIMON X 400 ML X  6,BANDEJA,,,,
COCA_COLA_AGOSTO.xlsx,AGOSTO 25,0,6,FUZE TEA DURAZNO X 400 ML X  6,BANDEJA,,,,
COCA_COLA_AGOSTO.xlsx,AGOSTO 25,0,7,POWER 500ML X6,BANDEJA,,,,
COCA_COLA_AGOSTO.xlsx,AGOSTO 25,0,8,,,,,,
COCA_COLA_AGOSTO.xlsx,AGOSTO 25,0,9,,,,,,
COCA_COLA_AGOSTO.xlsx,AGOSTO 25,0,10,,,,,,
COCA_COLA_AGOSTO.xlsx,AGOSTO 25,0,11,,,,,,
COCA_COLA_AGOSTO.xlsx,AGOSTO 25,0,12,,,,,,
COCA_COLA_AGOSTO.xlsx,AGOSTO 25,0,13,,,,,,
COCA_COLA_AGOSTO.xlsx,AGOSTO 25,0,14,,,,,,
COCA_COLA_AGOSTO.xlsx,AGOSTO 25,0,Observaciones:                                                                                                                                                                                               CT: (FVBG),,,,,,
COCA_COLA_AGOSTO.xlsx,AGOSTO 25,0,Espacio para Nombre y firma DESPACHADOR,,Espacio para Nombre y firma RECEPTOR,,,,
COLOMBINA_FEBRERO.xlsx,SALIDAS FEBRERO17 ,0,1,BOM BOM BUM 24,BOLSA,1,,,
COLOMBINA_FEBRERO.xlsx,SALIDAS FEBRERO17 ,0,2,CHICLETS,BOLSA,,,,
COLOMBINA_FEBRERO.xlsx,SALIDAS FEBRERO17 ,0,3,CHOCOBREAK  50,BOLSA,1,,,
COLOMBINA_FEBRERO.xlsx,SALIDAS FEBRERO17 ,0,4,CREMA MUU 12,BOLSA,1,,,
COLOMBINA_FEBRERO.xlsx,SALIDAS FEBRERO17 ,0,5,HALLS /MENTA HELADA 100,BOLSA,,,,
COLOMBINA_FEBRERO.xlsx,SALIDAS FEBRERO17 ,0,6,MAX COCO WAFER 10,BOLSA,1,,,
COLOMBINA_FEBRERO.xlsx,SALIDAS FEBRERO17 ,0,8,NUCITA 18,CAJA,1,,,
COLOMBINA_FEBRERO.xlsx,SALIDAS FEBRERO17 ,0,9,WAFER NUCITA 8,BOLSA,,,,
COLOMBINA_FEBRERO.xlsx,SALIDAS FEBRERO17 ,0,Observaciones:,,,,,,
COLOMBINA_FEBRERO.xlsx,SALIDAS FEBRERO17 ,0,Espacio para Nombre y firma DESPACHADOR,,Espacio para Nombre y firma RECEPTOR,,,,
EMPANADAS-RAPRITOS__SJME_DF_14MAYO.xlsx,SALIDAS RAPIFRITOS-FEB 2 OKSJME,0,1,EMPANADA HAWAIANA FRITA,UNIDAD,0,,,
EMPANADAS-RAPRITOS__SJME_DF_14MAYO.xlsx,SALIDAS RAPIFRITOS-FEB 2 OKSJME,0,2,EMPANADA DE YUCA (CARNE Y POLLO),UNIDAD,0,,,
EMPANADAS-RAPRITOS__SJME_DF_14MAYO.xlsx,SALIDAS RAPIFRITOS-FEB 2 OKSJME,0,3,EMPANADA MIXTA DE TRIGO,UNIDAD,0,,,
EMPANADAS-RAPRITOS__SJME_DF_14MAYO.xlsx,SALIDAS RAPIFRITOS-FEB 2 OKSJME,0,4,EMPANADA POLLO QUESO FRITA,UNIDAD,4,,,
EMPANADAS-RAPRITOS__SJME_DF_14MAYO.xlsx,SALIDAS RAPIFRITOS-FEB 2 OKSJME,0,5,FLAUTA POLLO QUESO CHAMPIÑONES FRITA,UNIDAD,4,,,
EMPANADAS-RAPRITOS__SJME_DF_14MAYO.xlsx,SALIDAS RAPIFRITOS-FEB 2 OKSJME,0,6,PAPA DE (POLLO CARNE Y MEDIO HUEVO),UNIDAD,0,,,
EMPANADAS-RAPRITOS__SJME_DF_14MAYO.xlsx,SALIDAS RAPIFRITOS-FEB 2 OKSJME,0,7,AREPA DE HUEVO,UNIDAD,0,,,
EMPANADAS-RAPRITOS__SJME_DF_14MAYO.xlsx,SALIDAS RAPIFRITOS-FEB 2 OKSJME,0,Observaciones:                                                                                                                                                                                                                                      BE: 8 (Remision 574316),,,,,,
EMPANADAS-RAPRITOS__SJME_DF_14MAYO.xlsx,SALIDAS RAPIFRITOS-FEB 2 OKSJME,0,Espacio para Nombre y firma DESPACHADOR,,Espacio para Nombre y firma RECEPTOR,,,,
EMPANADAS-RAPRITOS__SJME_DF_14MAYO.xlsx,SALIDAS RAPIFRITOS-FEB 2 OKSJME,1,1,EMPANADA HAWAIANA FRITA,UNIDAD,0,,,
EMPANADAS-RAPRITOS__SJME_DF_14MAYO.xlsx,SALIDAS RAPIFRITOS-FEB 2 OKSJME,1,2,EMPANADA DE YUCA (CARNE Y POLLO),UNIDAD,2,,,
EMPANADAS-RAPRITOS__SJME_DF_14MAYO.xlsx,SALIDAS RAPIFRITOS-FEB 2 OKSJME,1,3,EMPANADA MIXTA DE TRIGO,UNIDAD,0,,,
EMPANADAS-RAPRITOS__SJME_DF_14MAYO.xlsx,SALIDAS RAPIFRITOS-FEB 2 OKSJME,1,4,EMPANADA POLLO QUESO FRITA,UNIDAD,0,,,
EMPANADAS-RAPRITOS__SJME_DF_14MAYO.xlsx,SALIDAS RAPIFRITOS-FEB 2 OKSJME,1,5,FLAUTA POLLO QUESO CHAMPIÑONES FRITA,UNIDAD,3,,,
EMPANADAS-RAPRITOS__SJME_DF_14MAYO.xlsx,SALIDAS RAPIFRITOS-FEB 2 OKSJME,1,6,PAPA DE (POLLO CARNE Y MEDIO HUEVO),UNIDAD,2,,,
EMPANADAS-RAPRITOS__SJME_DF_14MAYO.xlsx,SALIDAS RAPIFRITOS-FEB 2 OKSJME,1,7,AREPA DE HUEVO,UNIDAD,0,,,
EMPANADAS-RAPRITOS__SJME_DF_14MAYO.xlsx,SALIDAS RAPIFRITOS-FEB 2 OKSJME,1,Observaciones:                                                                                                                                                                                                        A3:7 (Remision 574314),,,,,,
EMPANADAS-RAPRITOS__SJME_DF_14MAYO.xlsx,SALIDAS RAPIFRITOS-FEB 2 OKSJME,1,Espacio para Nombre y firma DESPACHADOR,,Espacio para Nombre y firma RECEPTOR,,,,
EMPANADAS-RAPRITOS__SJME_DF_14MAYO.xlsx,SALIDAS RAPIFRITOS-FEB 2 OKSJME,2,1,EMPANADA HAWAIANA FRITA,UNIDAD,,,,
EMPANADAS-RAPRITOS__SJME_DF_14MAYO.xlsx,SALIDAS RAPIFRITOS-FEB 2 OKSJME,2,2,EMPANADA DE YUCA (CARNE Y POLLO),UNIDAD,3,,,
EMPANADAS-RAPRITOS__SJME_DF_14MAYO.xlsx,SALIDAS RAPIFRITOS-FEB 2 OKSJME,2,3,EMPANADA MIXTA DE TRIGO,UNIDAD,0,,,
EMPANADAS-RAPRITOS__SJME_DF_14MAYO.xlsx,SALIDAS RAPIFRITOS-FEB 2 OKSJME,2,4,EMPANADA POLLO QUESO FRITA,UNIDAD,6,,,
EMPANADAS-RAPRITOS__SJME_DF_14MAYO.xlsx,SALIDAS RAPIFRITOS-FEB 2 OKSJME,2,5,FLAUTA POLLO QUESO CHAMPIÑONES FRITA,UNIDAD,12,,,
EMPANADAS-RAPRITOS__SJME_DF_14MAYO.xlsx,SALIDAS RAPIFRITOS-FEB 2 OKSJME,2,6,PAPA DE (POLLO CARNE Y MEDIO HUEVO),UNIDAD,2,,,
EMPANADAS-RAPRITOS__SJME_DF_14MAYO.xlsx,SALIDAS RAPIFRITOS-FEB 2 OKSJME,2,7,AREPA DE HUEVO,UNIDAD,0,,,
EMPANADAS-RAPRITOS__SJME_DF_14MAYO.xlsx,SALIDAS RAPIFRITOS-FEB 2 OKSJME,2,Observaciones:                                                                                                                                                                                                        CT: 25 (Remision 574315),,,,,,
EMPANADAS-RAPRITOS__SJME_DF_14MAYO.xlsx,SALIDAS RAPIFRITOS-FEB 2 OKSJME,2,Espacio para Nombre y firma DESPACHADOR,,Espacio para Nombre y firma RECEPTOR,,,,
EMPANADAS-RAPRITOS__SJME_DF_14MAYO.xlsx,SALIDAS RAPIFRITOS- FEB  3 OK,0,1,EMPANADA HAWAIANA FRITA,UNIDAD,0,,,
EMPANADAS-RAPRITOS__SJME_DF_14MAYO.xlsx,SALIDAS RAPIFRITOS- FEB  3 OK,0,2,EMPANADA DE YUCA (CARNE Y POLLO),UNIDAD,0,,,
EMPANADAS-RAPRITOS__SJME_DF_14MAYO.xlsx,SALIDAS RAPIFRITOS- FEB  3 OK,0,3,EMPANADA MIXTA DE TRIGO,UNIDAD,0,,,
EMPANADAS-RAPRITOS__SJME_DF_14MAYO.xlsx,SALIDAS RAPIFRITOS- FEB  3 OK,0,4,EMPANADA POLLO QUESO FRITA,UNIDAD,4,,,
EMPANADAS-RAPRITOS__SJME_DF_14MAYO.xlsx,SALIDAS RAPIFRITOS- FEB  3 OK,0,5,FLAUTA POLLO QUESO CHAMPIÑONES FRITA,UNIDAD,4,,,
EMPANADAS-RAPRITOS__SJME_DF_14MAYO.xlsx,SALIDAS RAPIFRITOS- FEB  3 OK,0,6,PAPA DE (POLLO CARNE Y MEDIO HUEVO),UNIDAD,0,,,
EMPANADAS-RAPRITOS__SJME_DF_14MAYO.xlsx,SALIDAS RAPIFRITOS- FEB  3 OK,0,7,AREPA DE HUEVO,UNIDAD,0,,,
EMPANADAS-RAPRITOS__SJME_DF_14MAYO.xlsx,SALIDAS RAPIFRITOS- FEB  3 OK,0,Observaciones:                                                                                                                                                                                                                                  BE: 8 (Remision 574455),,,,,,
EMPANADAS-RAPRITOS__SJME_DF_14MAYO.xlsx,SALIDAS RAPIFRITOS- FEB  3 OK,0,Espacio para Nombre y firma DESPACHADOR,,Espacio para Nombre y firma RECEPTOR,,,,
EMPANADAS-RAPRITOS__SJME_DF_14MAYO.xlsx,SALIDAS RAPIFRITOS- FEB  3 OK,1,1,EMPANADA HAWAIANA FRITA,UNIDAD,0,,,
EMPANADAS-RAPRITOS__SJME_DF_14MAYO.xlsx,SALIDAS RAPIFRITOS- FEB  3 OK,1,2,EMPANADA DE YUCA (CARNE Y POLLO),UNIDAD,2,,,
EMPANADAS-RAPRITOS__SJME_DF_14MAYO.xlsx,SALIDAS RAPIFRITOS- FEB  3 OK,1,3,EMPANADA MIXTA DE TRIGO,UNIDAD,0,,,
EMPANADAS-RAPRITOS__SJME_DF_14MAYO.xlsx,SALIDAS RAPIFRITOS- FEB  3 OK,1,4,EMPANADA POLLO QUESO FRITA,UNIDAD,0,,,
EMPANADAS-RAPRITOS__SJME_DF_14MAYO.xlsx,SALIDAS RAPIFRITOS- FEB  3 OK,1,5,FLAUTA POLLO QUESO CHAMPIÑONES FRITA,UNIDAD,3,,,
EMPANADAS-RAPRITOS__SJME_DF_14MAYO.xlsx,SALIDAS RAPIFRITOS- FEB  3 OK,1,6,PAPA DE (POLLO CARNE Y MEDIO HUEVO),UNIDAD,2,,,
EMPANADAS-RAPRITOS__SJME_DF_14MAYO.xlsx,SALIDAS RAPIFRITOS- FEB  3 OK,1,7,AREPA DE HUEVO,UNIDAD,0,,,
EMPANADAS-RAPRITOS__SJME_DF_14MAYO.xlsx,SALIDAS RAPIFRITOS- FEB  3 OK,1,Observaciones:                                                                                                                                                                                                                            A3:7 (Remision 574452),,,,,,
EMPANADAS-RAPRITOS__SJME_DF_14MAYO.xlsx,SALIDAS RAPIFRITOS- FEB  3 OK,1,Espacio para Nombre y firma DESPACHADOR,,Espacio para Nombre y firma RECEPTOR,,,,
EMPANADAS-RAPRITOS__SJME_DF_14MAYO.xlsx,SALIDAS RAPIFRITOS- FEB  3 OK,2,1,EMPANADA HAWAIANA FRITA,UNIDAD,2,,,
EMPANADAS-RAPRITOS__SJME_DF_14MAYO.xlsx,SALIDAS RAPIFRITOS- FEB  3 OK,2,2,EMPANADA DE YUCA (CARNE Y POLLO),UNIDAD,3,,,
EMPANADAS-RAPRITOS__SJME_DF_14MAYO.xlsx,SALIDAS RAPIFRITOS- FEB  3 OK,2,3,EMPANADA MIXTA DE TRIGO,UNIDAD,0,,,
EMPANADAS-RAPRITOS__SJME_DF_14MAYO.xlsx,SALIDAS RAPIFRITOS- FEB  3 OK,2,4,EMPANADA POLLO QUESO FRITA,UNIDAD,6,,,
EMPANADAS-RAPRITOS__SJME_DF_14MAYO.xlsx,SALIDAS RAPIFRITOS- FEB  3 OK,2,5,FLAUTA POLLO QUESO CHAMPIÑONES FRITA,UNIDAD,12,,,
EMPANADAS-RAPRITOS__SJME_DF_14MAYO.xlsx,SALIDAS RAPIFRITOS- FEB  3 OK,2,6,PAPA DE (POLLO CARNE Y MEDIO HUEVO),UNIDAD,2,,,
EMPANADAS-RAPRITOS__SJME_DF_14MAYO.xlsx,SALIDAS RAPIFRITOS- FEB  3 OK,2,7,AREPA DE HUEVO,UNIDAD,0,,,
EMPANADAS-RAPRITOS__SJME_DF_14MAYO.xlsx,SALIDAS RAPIFRITOS- FEB  3 OK,2,Observaciones:                                                                                                                                                                                                                               CT: 40 (Remision 574453),,,,,,
EMPANADAS-RAPRITOS__SJME_DF_14MAYO.xlsx,SALIDAS RAPIFRITOS- FEB  3 OK,2,Espacio para Nombre y firma DESPACHADOR,,Espacio para Nombre y firma RECEPTOR,,,,
EMPANADAS-RAPRITOS__SJME_DF_14MAYO.xlsx,SALIDAS RAPIFRITOS- FEB  4 OK,0,1,EMPANADA HAWAIANA FRITA,UNIDAD,0,,,
EMPANADAS-RAPRITOS__SJME_DF_14MAYO.xlsx,SALIDAS RAPIFRITOS- FEB  4 OK,0,2,EMPANADA DE YUCA (CARNE Y POLLO),UNIDAD,0,,,
EMPANADAS-RAPRITOS__SJME_DF_14MAYO.xlsx,SALIDAS RAPIFRITOS- FEB  4 OK,0,3,EMPANADA MIXTA DE TRIGO,UNIDAD,0,,,
EMPANADAS-RAPRITOS__SJME_DF_14MAYO.xlsx,SALIDAS RAPIFRITOS- FEB  4 OK,0,4,EMPANADA POLLO QUESO FRITA,UNIDAD,3,,,
EMPANADAS-RAPRITOS__SJME_DF_14MAYO.xlsx,SALIDAS RAPIFRITOS- FEB  4 OK,0,5,FLAUTA POLLO QUESO CHAMPIÑONES FRITA,UNIDAD,2,,,
EMPANADAS-RAPRITOS__SJME_DF_14MAYO.xlsx,SALIDAS RAPIFRITOS- FEB  4 OK,0,6,PAPA DE (POLLO CARNE Y MEDIO HUEVO),UNIDAD,0,,,
EMPANADAS-RAPRITOS__SJME_DF_14MAYO.xlsx,SALIDAS RAPIFRITOS- FEB  4 OK,0,7,AREPA DE HUEVO,UNIDAD,0,,,
EMPANADAS-RAPRITOS__SJME_DF_14MAYO.xlsx,SALIDAS RAPIFRITOS- FEB  4 OK,0,Observaciones:                                                                                                                                                                                                        BE: 5 (Remision 574576),,,,,,
EMPANADAS-RAPRITOS__SJME_DF_14MAYO.xlsx,SALIDAS RAPIFRITOS- FEB  4 OK,0,Espacio para Nombre y firma DESPACHADOR,,Espacio para Nombre y firma RECEPTOR,,,,
EMPANADAS-RAPRITOS__SJME_DF_14MAYO.xlsx,SALIDAS RAPIFRITOS- FEB  4 OK,1,1,EMPANADA HAWAIANA FRITA,UNIDAD,0,,,
EMPANADAS-RAPRITOS__SJME_DF_14MAYO.xlsx,SALIDAS RAPIFRITOS- FEB  4 OK,1,2,EMPANADA DE YUCA (CARNE Y POLLO),UNIDAD,2,,,
EMPANADAS-RAPRITOS__SJME_DF_14MAYO.xlsx,SALIDAS RAPIFRITOS- FEB  4 OK,1,3,EMPANADA MIXTA DE TRIGO,UNIDAD,0,,,
EMPANADAS-RAPRITOS__SJME_DF_14MAYO.xlsx,SALIDAS RAPIFRITOS- FEB  4 OK,1,4,EMPANADA POLLO QUESO FRITA,UNIDAD,0,,,
EMPANADAS-RAPRITOS__SJME_DF_14MAYO.xlsx,SALIDAS RAPIFRITOS- FEB  4 OK,1,5,FLAUTA POLLO QUESO CHAMPIÑONES FRITA,UNIDAD,0,,,
EMPANADAS-RAPRITOS__SJME_DF_14MAYO.xlsx,SALIDAS RAPIFRITOS- FEB  4 OK,1,6,PAPA DE (POLLO CARNE Y MEDIO HUEVO),UNIDAD,2,,,
EMPANADAS-RAPRITOS__SJME_DF_14MAYO.xlsx,SALIDAS RAPIFRITOS- FEB  4 OK,1,7,AREPA DE HUEVO,UNIDAD,0,,,
EMPANADAS-RAPRITOS__SJME_DF_14MAYO.xlsx,SALIDAS RAPIFRITOS- FEB  4 OK,1,Observaciones:                                                                                                                                                                                                        A3:4 (Remision 574574),,,,,,
EMPANADAS-RAPRITOS__SJME_DF_14MAYO.xlsx,SALIDAS RAPIFRITOS- FEB  4 OK,1,Espacio para Nombre y firma DESPACHADOR,,Espacio para Nombre y firma RECEPTOR,,,,
EMPANADAS-RAPRITOS__SJME_DF_14MAYO.xlsx,SALIDAS RAPIFRITOS- FEB  4 OK,2,1,EMPANADA HAWAIANA FRITA,UNIDAD,5,,,
EMPANADAS-RAPRITOS__SJME_DF_14MAYO.xlsx,SALIDAS RAPIFRITOS- FEB  4 OK,2,2,EMPANADA DE YUCA (CARNE Y POLLO),UNIDAD,3,,,
EMPANADAS-RAPRITOS__SJME_DF_14MAYO.xlsx,SALIDAS RAPIFRITOS- FEB  4 OK,2,3,EMPANADA MIXTA DE TRIGO,UNIDAD,5,,,
EMPANADAS-RAPRITOS__SJME_DF_14MAYO.xlsx,SALIDAS RAPIFRITOS- FEB  4 OK,2,4,EMPANADA POLLO QUESO FRITA,UNIDAD,10,,,
EMPANADAS-RAPRITOS__SJME_DF_14MAYO.xlsx,SALIDAS RAPIFRITOS- FEB  4 OK,2,5,FLAUTA POLLO QUESO CHAMPIÑONES FRITA,UNIDAD,12,,,
EMPANADAS-RAPRITOS__SJME_DF_14MAYO.xlsx,SALIDAS RAPIFRITOS- FEB  4 OK,2,6,PAPA DE (POLLO CARNE Y MEDIO HUEVO),UNIDAD,5,,,
EMPANADAS-RAPRITOS__SJME_DF_14MAYO.xlsx,SALIDAS RAPIFRITOS- FEB  4 OK,2,7,AREPA DE HUEVO,UNIDAD,0,,,
EMPANADAS-RAPRITOS__SJME_DF_14MAYO.xlsx,SALIDAS RAPIFRITOS- FEB  4 OK,2,Observaciones:                                                                                                                                                                                                        CT: 40 (Remision 574575),,,,,,
EMPANADAS-RAPRITOS__SJME_DF_14MAYO.xlsx,SALIDAS RAPIFRITOS- FEB  4 OK,2,Espacio para Nombre y firma DESPACHADOR,,Espacio para Nombre y firma RECEPTOR,,,,
EMPANADAS-RAPRITOS__SJME_DF_14MAYO.xlsx,SALIDAS RAPIFRITOS- FEB5 OK,0,1,EMPANADA HAWAIANA FRITA,UNIDAD,0,,,
EMPANADAS-RAPRITOS__SJME_DF_14MAYO.xlsx,SALIDAS RAPIFRITOS- FEB5 OK,0,2,EMPANADA DE YUCA (CARNE Y POLLO),UNIDAD,0,,,
EMPANADAS-RAPRITOS__SJME_DF_14MAYO.xlsx,SALIDAS RAPIFRITOS- FEB5 OK,0,3,EMPANADA MIXTA DE TRIGO,UNIDAD,0,,,
EMPANADAS-RAPRITOS__SJME_DF_14MAYO.xlsx,SALIDAS RAPIFRITOS- FEB5 OK,0,4,EMPANADA POLLO QUESO FRITA,UNIDAD,3,,,
EMPANADAS-RAPRITOS__SJME_DF_14MAYO.xlsx,SALIDAS RAPIFRITOS- FEB5 OK,0,5,FLAUTA POLLO QUESO CHAMPIÑONES FRITA,UNIDAD,2,,,
EMPANADAS-RAPRITOS__SJME_DF_14MAYO.xlsx,SALIDAS RAPIFRITOS- FEB5 OK,0,6,PAPA DE (POLLO CARNE Y MEDIO HUEVO),UNIDAD,0,,,
EMPANADAS-RAPRITOS__SJME_DF_14MAYO.xlsx,SALIDAS RAPIFRITOS- FEB5 OK,0,7,AREPA DE HUEVO,UNIDAD,0,,,
EMPANADAS-RAPRITOS__SJME_DF_14MAYO.xlsx,SALIDAS RAPIFRITOS- FEB5 OK,0,Observaciones:                                                                                                                                                                                                        BE: 5 (Remision 574710),,,,,,
EMPANADAS-RAPRITOS__SJME_DF_14MAYO.xlsx,SALIDAS RAPIFRITOS- FEB5 OK,0,Espacio para Nombre y firma DESPACHADOR,,Espacio para Nombre y firma RECEPTOR,,,,
EMPANADAS-RAPRITOS__SJME_DF_14MAYO.xlsx,SALIDAS RAPIFRITOS- FEB5 OK,1,1,EMPANADA HAWAIANA FRITA,UNIDAD,0,,,
EMPANADAS-RAPRITOS__SJME_DF_14MAYO.xlsx,SALIDAS RAPIFRITOS- FEB5 OK,1,2,EMPANADA DE YUCA (CARNE Y POLLO),UNIDAD,2,,,
EMPANADAS-RAPRITOS__SJME_DF_14MAYO.xlsx,SALIDAS RAPIFRITOS- FEB5 OK,1,3,EMPANADA MIXTA DE TRIGO,UNIDAD,0,,,
EMPANADAS-RAPRITOS__SJME_DF_14MAYO.xlsx,SALIDAS RAPIFRITOS- FEB5 OK,1,4,EMPANADA POLLO QUESO FRITA,UNIDAD,0,,,
EMPANADAS-RAPRITOS__SJME_DF_14MAYO.xlsx,SALIDAS RAPIFRITOS- FEB5 OK,1,5,FLAUTA POLLO QUESO CHAMPIÑONES FRITA,UNIDAD,0,,,
EMPANADAS-RAPRITOS__SJME_DF_14MAYO.xlsx,SALIDAS RAPIFRITOS- FEB5 OK,1,6,PAPA DE (POLLO CARNE Y MEDIO HUEVO),UNIDAD,2,,,
EMPANADAS-RAPRITOS__SJME_DF_14MAYO.xlsx,SALIDAS RAPIFRITOS- FEB5 OK,1,7,AREPA DE HUEVO,UNIDAD,0,,,
EMPANADAS-RAPRITOS__SJME_DF_14MAYO.xlsx,SALIDAS RAPIFRITOS- FEB5 OK,1,Observaciones:                                                                                                                                                                                                        A3:4 (Remision 574708),,,,,,
EMPANADAS-RAPRITOS__SJME_DF_14MAYO.xlsx,SALIDAS RAPIFRITOS- FEB5 OK,1,Espacio para Nombre y firma DESPACHADOR,,Espacio para Nombre y firma RECEPTOR,,,,
EMPANADAS-RAPRITOS__SJME_DF_14MAYO.xlsx,SALIDAS RAPIFRITOS- FEB5 OK,2,1,EMPANADA HAWAIANA FRITA,UNIDAD,5,,,
EMPANADAS-RAPRITOS__SJME_DF_14MAYO.xlsx,SALIDAS RAPIFRITOS- FEB5 OK,2,2,EMPANADA DE YUCA (CARNE Y POLLO),UNIDAD,3,,,
EMPANADAS-RAPRITOS__SJME_DF_14MAYO.xlsx,SALIDAS RAPIFRITOS- FEB5 OK,2,3,EMPANADA MIXTA DE TRIGO,UNIDAD,5,,,
EMPANADAS-RAPRITOS__SJME_DF_14MAYO.xlsx,SALIDAS RAPIFRITOS- FEB5 OK,2,4,EMPANADA POLLO QUESO FRITA,UNIDAD,10,,,
EMPANADAS-RAPRITOS__SJME_DF_14MAYO.xlsx,SALIDAS RAPIFRITOS- FEB5 OK,2,5,FLAUTA POLLO QUESO CHAMPIÑONES FRITA,UNIDAD,12,,,
EMPANADAS-RAPRITOS__SJME_DF_14MAYO.xlsx,SALIDAS RAPIFRITOS- FEB5 OK,2,6,PAPA DE (POLLO CARNE Y MEDIO HUEVO),UNIDAD,5,,,
EMPANADAS-RAPRITOS__SJME_DF_14MAYO.xlsx,SALIDAS RAPIFRITOS- FEB5 OK,2,7,AREPA DE HUEVO,UNIDAD,0,,,
EMPANADAS-RAPRITOS__SJME_DF_14MAYO.xlsx,SALIDAS RAPIFRITOS- FEB5 OK,2,Observaciones:                                                                                                                                                                                                        CT: 40 (Remision 574709),,,,,,
EMPANADAS-RAPRITOS__SJME_DF_14MAYO.xlsx,SALIDAS RAPIFRITOS- FEB5 OK,2,Espacio para Nombre y firma DESPACHADOR,,Espacio para Nombre y firma RECEPTOR,,,,
EMPANADAS-RAPRITOS__SJME_DF_14MAYO.xlsx,SALIDAS RAPIFRITOS- FEB6 OK,0,1,EMPANADA HAWAIANA FRITA,UNIDAD,0,,,
EMPANADAS-RAPRITOS__SJME_DF_14MAYO.xlsx,SALIDAS RAPIFRITOS- FEB6 OK,0,2,EMPANADA DE YUCA (CARNE Y POLLO),UNIDAD,0,,,
EMPANADAS-RAPRITOS__SJME_DF_14MAYO.xlsx,SALIDAS RAPIFRITOS- FEB6 OK,0,3,EMPANADA MIXTA DE TRIGO,UNIDAD,0,,,
EMPANADAS-RAPRITOS__SJME_DF_14MAYO.xlsx,SALIDAS RAPIFRITOS- FEB6 OK,0,4,EMPANADA POLLO QUESO FRITA,UNIDAD,3,,,
EMPANADAS-RAPRITOS__SJME_DF_14MAYO.xlsx,SALIDAS RAPIFRITOS- FEB6 OK,0,5,FLAUTA POLLO QUESO CHAMPIÑONES FRITA,UNIDAD,2,,,
EMPANADAS-RAPRITOS__SJME_DF_14MAYO.xlsx,SALIDAS RAPIFRITOS- FEB6 OK,0,6,PAPA DE (POLLO CARNE Y MEDIO HUEVO),UNIDAD,0,,,
EMPANADAS-RAPRITOS__SJME_DF_14MAYO.xlsx,SALIDAS RAPIFRITOS- FEB6 OK,0,7,AREPA DE HUEVO,UNIDAD,0,,,
EMPANADAS-RAPRITOS__SJME_DF_14MAYO.xlsx,SALIDAS RAPIFRITOS- FEB6 OK,0,Observaciones:                                                                                                                                                                                                        BE: 5 (Remision 574839),,,,,,
EMPANADAS-RAPRITOS__SJME_DF_14MAYO.xlsx,SALIDAS RAPIFRITOS- FEB6 OK,0,Espacio para Nombre y firma DESPACHADOR,,Espacio para Nombre y firma RECEPTOR,,,,
EMPANADAS-RAPRITOS__SJME_DF_14MAYO.xlsx,SALIDAS RAPIFRITOS- FEB6 OK,1,1,EMPANADA HAWAIANA FRITA,UNIDAD,0,,,
EMPANADAS-RAPRITOS__SJME_DF_14MAYO.xlsx,SALIDAS RAPIFRITOS- FEB6 OK,1,2,EMPANADA DE YUCA (CARNE Y POLLO),UNIDAD,2,,,
EMPANADAS-RAPRITOS__SJME_DF_14MAYO.xlsx,SALIDAS RAPIFRITOS- FEB6 OK,1,3,EMPANADA MIXTA DE TRIGO,UNIDAD,0,,,
EMPANADAS-RAPRITOS__SJME_DF_14MAYO.xlsx,SALIDAS RAPIFRITOS- FEB6 OK,1,4,EMPANADA POLLO QUESO FRITA,UNIDAD,5,,,
EMPANADAS-RAPRITOS__SJME_DF_14MAYO.xlsx,SALIDAS RAPIFRITOS- FEB6 OK,1,5,FLAUTA POLLO QUESO CHAMPIÑONES FRITA,UNIDAD,0,,,
EMPANADAS-RAPRITOS__SJME_DF_14MAYO.xlsx,SALIDAS RAPIFRITOS- FEB6 OK,1,6,PAPA DE (POLLO CARNE Y MEDIO HUEVO),UNIDAD,2,,,
EMPANADAS-RAPRITOS__SJME_DF_14MAYO.xlsx,SALIDAS RAPIFRITOS- FEB6 OK,1,7,AREPA DE HUEVO,UNIDAD,0,,,
EMPANADAS-RAPRITOS__SJME_DF_14MAYO.xlsx,SALIDAS RAPIFRITOS- FEB6 OK,1,Observaciones:                                                                                                                                                                                                        A3:9 (Remision 574837),,,,,,
EMPANADAS-RAPRITOS__SJME_DF_14MAYO.xlsx,SALIDAS RAPIFRITOS- FEB6 OK,1,Espacio para Nombre y firma DESPACHADOR,,Espacio para Nombre y firma RECEPTOR,,,,
EMPANADAS-RAPRITOS__SJME_DF_14MAYO.xlsx,SALIDAS RAPIFRITOS- FEB6 OK,2,1,EMPANADA HAWAIANA FRITA,UNIDAD,3,,,
EMPANADAS-RAPRITOS__SJME_DF_14MAYO.xlsx,SALIDAS RAPIFRITOS- FEB6 OK,2,2,EMPANADA DE YUCA (CARNE Y POLLO),UNIDAD,3,,,
EMPANADAS-RAPRITOS__SJME_DF_14MAYO.xlsx,SALIDAS RAPIFRITOS- FEB6 OK,2,3,EMPANADA MIXTA DE TRIGO,UNIDAD,5,,,
EMPANADAS-RAPRITOS__SJME_DF_14MAYO.xlsx,SALIDAS RAPIFRITOS- FEB6 OK,2,4,EMPANADA POLLO QUESO FRITA,UNIDAD,8,,,
EMPANADAS-RAPRITOS__SJME_DF_14MAYO.xlsx,SALIDAS RAPIFRITOS- FEB6 OK,2,5,FLAUTA POLLO QUESO CHAMPIÑONES FRITA,UNIDAD,10,,,
EMPANADAS-RAPRITOS__SJME_DF_14MAYO.xlsx,SALIDAS RAPIFRITOS- FEB6 OK,2,6,PAPA DE (POLLO CARNE Y MEDIO HUEVO),UNIDAD,3,,,
EMPANADAS-RAPRITOS__SJME_DF_14MAYO.xlsx,SALIDAS RAPIFRITOS- FEB6 OK,2,7,AREPA DE HUEVO,UNIDAD,0,,,
EMPANADAS-RAPRITOS__SJME_DF_14MAYO.xlsx,SALIDAS RAPIFRITOS- FEB6 OK,2,Observaciones:                                                                                                                                                                                                        CT: 32 (Remision 574838),,,,,,
EMPANADAS-RAPRITOS__SJME_DF_14MAYO.xlsx,SALIDAS RAPIFRITOS- FEB6 OK,2,Espacio para Nombre y firma DESPACHADOR,,Espacio para Nombre y firma RECEPTOR,,,,
EMPANADAS-RAPRITOS__SJME_DF_14MAYO.xlsx,SALIDAS RAPIFRITOS- FEB9 ),0,1,EMPANADA HAWAIANA FRITA,UNIDAD,0,,,
EMPANADAS-RAPRITOS__SJME_DF_14MAYO.xlsx,SALIDAS RAPIFRITOS- FEB9 ),0,2,EMPANADA DE YUCA (CARNE Y POLLO),UNIDAD,0,,,
EMPANADAS-RAPRITOS__SJME_DF_14MAYO.xlsx,SALIDAS RAPIFRITOS- FEB9 ),0,3,EMPANADA MIXTA DE TRIGO,UNIDAD,0,,,
EMPANADAS-RAPRITOS__SJME_DF_14MAYO.xlsx,SALIDAS RAPIFRITOS- FEB9 ),0,4,EMPANADA POLLO QUESO FRITA,UNIDAD,3,,,
EMPANADAS-RAPRITOS__SJME_DF_14MAYO.xlsx,SALIDAS RAPIFRITOS- FEB9 ),0,5,FLAUTA POLLO QUESO CHAMPIÑONES FRITA,UNIDAD,2,,,
EMPANADAS-RAPRITOS__SJME_DF_14MAYO.xlsx,SALIDAS RAPIFRITOS- FEB9 ),0,6,PAPA DE (POLLO CARNE Y MEDIO HUEVO),UNIDAD,0,,,
EMPANADAS-RAPRITOS__SJME_DF_14MAYO.xlsx,SALIDAS RAPIFRITOS- FEB9 ),0,7,AREPA DE HUEVO,UNIDAD,0,,,
EMPANADAS-RAPRITOS__SJME_DF_14MAYO.xlsx,SALIDAS RAPIFRITOS- FEB9 ),0,Observaciones:                                                                                                                                                                                                        BE: 5 (Remision 575181),,,,,,
EMPANADAS-RAPRITOS__SJME_DF_14MAYO.xlsx,SALIDAS RAPIFRITOS- FEB9 ),0,Espacio para Nombre y firma DESPACHADOR,,Espacio para Nombre y firma RECEPTOR,,,,
EMPANADAS-RAPRITOS__SJME_DF_14MAYO.xlsx,SALIDAS RAPIFRITOS- FEB9 ),1,1,EMPANADA HAWAIANA FRITA,UNIDAD,0,,,
EMPANADAS-RAPRITOS__SJME_DF_14MAYO.xlsx,SALIDAS RAPIFRITOS- FEB9 ),1,2,EMPANADA DE YUCA (CARNE Y POLLO),UNIDAD,2,,,
EMPANADAS-RAPRITOS__SJME_DF_14MAYO.xlsx,SALIDAS RAPIFRITOS- FEB9 ),1,3,EMPANADA MIXTA DE TRIGO,UNIDAD,0,,,
EMPANADAS-RAPRITOS__SJME_DF_14MAYO.xlsx,SALIDAS RAPIFRITOS- FEB9 ),1,4,EMPANADA POLLO QUESO FRITA,UNIDAD,0,,,
EMPANADAS-RAPRITOS__SJME_DF_14MAYO.xlsx,SALIDAS RAPIFRITOS- FEB9 ),1,5,FLAUTA POLLO QUESO CHAMPIÑONES FRITA,UNIDAD,0,,,
EMPANADAS-RAPRITOS__SJME_DF_14MAYO.xlsx,SALIDAS RAPIFRITOS- FEB9 ),1,6,PAPA DE (POLLO CARNE Y MEDIO HUEVO),UNIDAD,2,,,
EMPANADAS-RAPRITOS__SJME_DF_14MAYO.xlsx,SALIDAS RAPIFRITOS- FEB9 ),1,7,AREPA DE HUEVO,UNIDAD,0,,,
EMPANADAS-RAPRITOS__SJME_DF_14MAYO.xlsx,SALIDAS RAPIFRITOS- FEB9 ),1,Observaciones:                                                                                                                                                                                                        A3:4 (Remision 575179),,,,,,
EMPANADAS-RAPRITOS__SJME_DF_14MAYO.xlsx,SALIDAS RAPIFRITOS- FEB9 ),1,Espacio para Nombre y firma DESPACHADOR,,Espacio para Nombre y firma RECEPTOR,,,,
EMPANADAS-RAPRITOS__SJME_DF_14MAYO.xlsx,SALIDAS RAPIFRITOS- FEB9 ),2,1,EMPANADA HAWAIANA FRITA,UNIDAD,5,,,
EMPANADAS-RAPRITOS__SJME_DF_14MAYO.xlsx,SALIDAS RAPIFRITOS- FEB9 ),2,2,EMPANADA DE YUCA (CARNE Y POLLO),UNIDAD,3,,,
EMPANADAS-RAPRITOS__SJME_DF_14MAYO.xlsx,SALIDAS RAPIFRITOS- FEB9 ),2,3,EMPANADA MIXTA DE TRIGO,UNIDAD,5,,,
EMPANADAS-RAPRITOS__SJME_DF_14MAYO.xlsx,SALIDAS RAPIFRITOS- FEB9 ),2,4,EMPANADA POLLO QUESO FRITA,UNIDAD,10,,,
EMPANADAS-RAPRITOS__SJME_DF_14MAYO.xlsx,SALIDAS RAPIFRITOS- FEB9 ),2,5,FLAUTA POLLO QUESO CHAMPIÑONES FRITA,UNIDAD,12,,,
EMPANADAS-RAPRITOS__SJME_DF_14MAYO.xlsx,SALIDAS RAPIFRITOS- FEB9 ),2,6,PAPA DE (POLLO CARNE Y MEDIO HUEVO),UNIDAD,5,,,
EMPANADAS-RAPRITOS__SJME_DF_14MAYO.xlsx,SALIDAS RAPIFRITOS- FEB9 ),2,7,AREPA DE HUEVO,UNIDAD,0,,,
EMPANADAS-RAPRITOS__SJME_DF_14MAYO.xlsx,SALIDAS RAPIFRITOS- FEB9 ),2,Observaciones:                                                                                                                                                                                                        CT: 40 (Remision 575180),,,,,,
EMPANADAS-RAPRITOS__SJME_DF_14MAYO.xlsx,SALIDAS RAPIFRITOS- FEB9 ),2,Espacio para Nombre y firma DESPACHADOR,,Espacio para Nombre y firma RECEPTOR,,,,
EMPANADAS-RAPRITOS__SJME_DF_14MAYO.xlsx,SALIDAS RAPIFRITOS- FEB10,0,1,EMPANADA HAWAIANA FRITA,UNIDAD,,,,
EMPANADAS-RAPRITOS__SJME_DF_14MAYO.xlsx,SALIDAS RAPIFRITOS- FEB10,0,2,EMPANADA DE YUCA (CARNE Y POLLO),UNIDAD,,,,
EMPANADAS-RAPRITOS__SJME_DF_14MAYO.xlsx,SALIDAS RAPIFRITOS- FEB10,0,3,EMPANADA MIXTA DE TRIGO,UNIDAD,,,,
EMPANADAS-RAPRITOS__SJME_DF_14MAYO.xlsx,SALIDAS RAPIFRITOS- FEB10,0,4,EMPANADA POLLO QUESO FRITA,UNIDAD,3,,,
EMPANADAS-RAPRITOS__SJME_DF_14MAYO.xlsx,SALIDAS RAPIFRITOS- FEB10,0,5,FLAUTA POLLO QUESO CHAMPIÑONES FRITA,UNIDAD,2,,,
EMPANADAS-RAPRITOS__SJME_DF_14MAYO.xlsx,SALIDAS RAPIFRITOS- FEB10,0,6,PAPA DE (POLLO CARNE Y MEDIO HUEVO),UNIDAD,,,,
EMPANADAS-RAPRITOS__SJME_DF_14MAYO.xlsx,SALIDAS RAPIFRITOS- FEB10,0,7,AREPA DE HUEVO,UNIDAD,,,,
EMPANADAS-RAPRITOS__SJME_DF_14MAYO.xlsx,SALIDAS RAPIFRITOS- FEB10,0,Observaciones:                                                                                                                                                                                                        BE: 5 (Remision 575231),,,,,,
EMPANADAS-RAPRITOS__SJME_DF_14MAYO.xlsx,SALIDAS RAPIFRITOS- FEB10,0,Espacio para Nombre y firma DESPACHADOR,,Espacio para Nombre y firma RECEPTOR,,,,
EMPANADAS-RAPRITOS__SJME_DF_14MAYO.xlsx,SALIDAS RAPIFRITOS- FEB10,1,1,EMPANADA HAWAIANA FRITA,UNIDAD,0,,,
EMPANADAS-RAPRITOS__SJME_DF_14MAYO.xlsx,SALIDAS RAPIFRITOS- FEB10,1,2,EMPANADA DE YUCA (CARNE Y POLLO),UNIDAD,2,,,
EMPANADAS-RAPRITOS__SJME_DF_14MAYO.xlsx,SALIDAS RAPIFRITOS- FEB10,1,3,EMPANADA MIXTA DE TRIGO,UNIDAD,0,,,
EMPANADAS-RAPRITOS__SJME_DF_14MAYO.xlsx,SALIDAS RAPIFRITOS- FEB10,1,4,EMPANADA POLLO QUESO FRITA,UNIDAD,0,,,
EMPANADAS-RAPRITOS__SJME_DF_14MAYO.xlsx,SALIDAS RAPIFRITOS- FEB10,1,5,FLAUTA POLLO QUESO CHAMPIÑONES FRITA,UNIDAD,0,,,
EMPANADAS-RAPRITOS__SJME_DF_14MAYO.xlsx,SALIDAS RAPIFRITOS- FEB10,1,6,PAPA DE (POLLO CARNE Y MEDIO HUEVO),UNIDAD,2,,,
EMPANADAS-RAPRITOS__SJME_DF_14MAYO.xlsx,SALIDAS RAPIFRITOS- FEB10,1,7,AREPA DE HUEVO,UNIDAD,0,,,
EMPANADAS-RAPRITOS__SJME_DF_14MAYO.xlsx,SALIDAS RAPIFRITOS- FEB10,1,Observaciones:                                                                                                                                                                                                        A3:4 (Remision575319 ),,,,,,
EMPANADAS-RAPRITOS__SJME_DF_14MAYO.xlsx,SALIDAS RAPIFRITOS- FEB10,1,Espacio para Nombre y firma DESPACHADOR,,Espacio para Nombre y firma RECEPTOR,,,,
EMPANADAS-RAPRITOS__SJME_DF_14MAYO.xlsx,SALIDAS RAPIFRITOS- FEB10,2,1,EMPANADA HAWAIANA FRITA,UNIDAD,5,,,
EMPANADAS-RAPRITOS__SJME_DF_14MAYO.xlsx,SALIDAS RAPIFRITOS- FEB10,2,2,EMPANADA DE YUCA (CARNE Y POLLO),UNIDAD,3,,,
EMPANADAS-RAPRITOS__SJME_DF_14MAYO.xlsx,SALIDAS RAPIFRITOS- FEB10,2,3,EMPANADA MIXTA DE TRIGO,UNIDAD,5,,,
EMPANADAS-RAPRITOS__SJME_DF_14MAYO.xlsx,SALIDAS RAPIFRITOS- FEB10,2,4,EMPANADA POLLO QUESO FRITA,UNIDAD,10,,,
EMPANADAS-RAPRITOS__SJME_DF_14MAYO.xlsx,SALIDAS RAPIFRITOS- FEB10,2,5,FLAUTA POLLO QUESO CHAMPIÑONES FRITA,UNIDAD,12,,,
EMPANADAS-RAPRITOS__SJME_DF_14MAYO.xlsx,SALIDAS RAPIFRITOS- FEB10,2,6,PAPA DE (POLLO CARNE Y MEDIO HUEVO),UNIDAD,,,,
EMPANADAS-RAPRITOS__SJME_DF_14MAYO.xlsx,SALIDAS RAPIFRITOS- FEB10,2,7,AREPA DE HUEVO,UNIDAD,,,,
EMPANADAS-RAPRITOS__SJME_DF_14MAYO.xlsx,SALIDAS RAPIFRITOS- FEB10,2,Observaciones:                                                                                                                                                                                                        CT: 40 (Remision 575320),,,,,,
EMPANADAS-RAPRITOS__SJME_DF_14MAYO.xlsx,SALIDAS RAPIFRITOS- FEB10,2,Espacio para Nombre y firma DESPACHADOR,,Espacio para Nombre y firma RECEPTOR,,,,
EMPANADAS-RAPRITOS__SJME_DF_14MAYO.xlsx,SALIDAS RAPIFRITOS- FEB11,0,1,EMPANADA HAWAIANA FRITA,UNIDAD,,,,
EMPANADAS-RAPRITOS__SJME_DF_14MAYO.xlsx,SALIDAS RAPIFRITOS- FEB11,0,2,EMPANADA DE YUCA (CARNE Y POLLO),UNIDAD,,,,
EMPANADAS-RAPRITOS__SJME_DF_14MAYO.xlsx,SALIDAS RAPIFRITOS- FEB11,0,3,EMPANADA MIXTA DE TRIGO,UNIDAD,,,,
EMPANADAS-RAPRITOS__SJME_DF_14MAYO.xlsx,SALIDAS RAPIFRITOS- FEB11,0,4,EMPANADA POLLO QUESO FRITA,UNIDAD,3,,,
EMPANADAS-RAPRITOS__SJME_DF_14MAYO.xlsx,SALIDAS RAPIFRITOS- FEB11,0,5,FLAUTA POLLO QUESO CHAMPIÑONES FRITA,UNIDAD,2,,,
EMPANADAS-RAPRITOS__SJME_DF_14MAYO.xlsx,SALIDAS RAPIFRITOS- FEB11,0,6,PAPA DE (POLLO CARNE Y MEDIO HUEVO),UNIDAD,,,,
EMPANADAS-RAPRITOS__SJME_DF_14MAYO.xlsx,SALIDAS RAPIFRITOS- FEB11,0,7,AREPA DE HUEVO,UNIDAD,,,,
EMPANADAS-RAPRITOS__SJME_DF_14MAYO.xlsx,SALIDAS RAPIFRITOS- FEB11,0,Observaciones:                                                                                                                                                                                                        BE: 5 (Remision 575468),,,,,,
EMPANADAS-RAPRITOS__SJME_DF_14MAYO.xlsx,SALIDAS RAPIFRITOS- FEB11,0,Espacio para Nombre y firma DESPACHADOR,,Espacio para Nombre y firma RECEPTOR,,,,
EMPANADAS-RAPRITOS__SJME_DF_14MAYO.xlsx,SALIDAS RAPIFRITOS- FEB11,1,1,EMPANADA HAWAIANA FRITA,UNIDAD,0,,,
EMPANADAS-RAPRITOS__SJME_DF_14MAYO.xlsx,SALIDAS RAPIFRITOS- FEB11,1,2,EMPANADA DE YUCA (CARNE Y POLLO),UNIDAD,2,,,
EMPANADAS-RAPRITOS__SJME_DF_14MAYO.xlsx,SALIDAS RAPIFRITOS- FEB11,1,3,EMPANADA MIXTA DE TRIGO,UNIDAD,0,,,
EMPANADAS-RAPRITOS__SJME_DF_14MAYO.xlsx,SALIDAS RAPIFRITOS- FEB11,1,4,EMPANADA POLLO QUESO FRITA,UNIDAD,0,,,
EMPANADAS-RAPRITOS__SJME_DF_14MAYO.xlsx,SALIDAS RAPIFRITOS- FEB11,1,5,FLAUTA POLLO QUESO CHAMPIÑONES FRITA,UNIDAD,0,,,
EMPANADAS-RAPRITOS__SJME_DF_14MAYO.xlsx,SALIDAS RAPIFRITOS- FEB11,1,6,PAPA DE (POLLO CARNE Y MEDIO HUEVO),UNIDAD,2,,,
EMPANADAS-RAPRITOS__SJME_DF_14MAYO.xlsx,SALIDAS RAPIFRITOS- FEB11,1,7,AREPA DE HUEVO,UNIDAD,0,,,
EMPANADAS-RAPRITOS__SJME_DF_14MAYO.xlsx,SALIDAS RAPIFRITOS- FEB11,1,Observaciones:                                                                                                                                                                                                        A3:4 (Remision575466),,,,,,
EMPANADAS-RAPRITOS__SJME_DF_14MAYO.xlsx,SALIDAS RAPIFRITOS- FEB11,1,Espacio para Nombre y firma DESPACHADOR,,Espacio para Nombre y firma RECEPTOR,,,,
EMPANADAS-RAPRITOS__SJME_DF_14MAYO.xlsx,SALIDAS RAPIFRITOS- FEB11,2,1,EMPANADA HAWAIANA FRITA,UNIDAD,3,,,
EMPANADAS-RAPRITOS__SJME_DF_14MAYO.xlsx,SALIDAS RAPIFRITOS- FEB11,2,2,EMPANADA DE YUCA (CARNE Y POLLO),UNIDAD,3,,,
EMPANADAS-RAPRITOS__SJME_DF_14MAYO.xlsx,SALIDAS RAPIFRITOS- FEB11,2,3,EMPANADA MIXTA DE TRIGO,UNIDAD,5,,,
EMPANADAS-RAPRITOS__SJME_DF_14MAYO.xlsx,SALIDAS RAPIFRITOS- FEB11,2,4,EMPANADA POLLO QUESO FRITA,UNIDAD,8,,,
EMPANADAS-RAPRITOS__SJME_DF_14MAYO.xlsx,SALIDAS RAPIFRITOS- FEB11,2,5,FLAUTA POLLO QUESO CHAMPIÑONES FRITA,UNIDAD,10,,,
EMPANADAS-RAPRITOS__SJME_DF_14MAYO.xlsx,SALIDAS RAPIFRITOS- FEB11,2,6,PAPA DE (POLLO CARNE Y MEDIO HUEVO),UNIDAD,3,,,
EMPANADAS-RAPRITOS__SJME_DF_14MAYO.xlsx,SALIDAS RAPIFRITOS- FEB11,2,7,AREPA DE HUEVO,UNIDAD,,,,
EMPANADAS-RAPRITOS__SJME_DF_14MAYO.xlsx,SALIDAS RAPIFRITOS- FEB11,2,Observaciones:                                                                                                                                                                                                        CT: 32 (Remision 575467),,,,,,
EMPANADAS-RAPRITOS__SJME_DF_14MAYO.xlsx,SALIDAS RAPIFRITOS- FEB11,2,Espacio para Nombre y firma DESPACHADOR,,Espacio para Nombre y firma RECEPTOR,,,,
EMPANADAS-RAPRITOS__SJME_DF_14MAYO.xlsx,SALIDAS RAPIFRITOS- FEB12,0,1,EMPANADA HAWAIANA FRITA,UNIDAD,,,,
EMPANADAS-RAPRITOS__SJME_DF_14MAYO.xlsx,SALIDAS RAPIFRITOS- FEB12,0,2,EMPANADA DE YUCA (CARNE Y POLLO),UNIDAD,,,,
EMPANADAS-RAPRITOS__SJME_DF_14MAYO.xlsx,SALIDAS RAPIFRITOS- FEB12,0,3,EMPANADA MIXTA DE TRIGO,UNIDAD,,,,
EMPANADAS-RAPRITOS__SJME_DF_14MAYO.xlsx,SALIDAS RAPIFRITOS- FEB12,0,4,EMPANADA POLLO QUESO FRITA,UNIDAD,3,,,
EMPANADAS-RAPRITOS__SJME_DF_14MAYO.xlsx,SALIDAS RAPIFRITOS- FEB12,0,5,FLAUTA POLLO QUESO CHAMPIÑONES FRITA,UNIDAD,2,,,
EMPANADAS-RAPRITOS__SJME_DF_14MAYO.xlsx,SALIDAS RAPIFRITOS- FEB12,0,6,PAPA DE (POLLO CARNE Y MEDIO HUEVO),UNIDAD,,,,
EMPANADAS-RAPRITOS__SJME_DF_14MAYO.xlsx,SALIDAS RAPIFRITOS- FEB12,0,7,AREPA DE HUEVO,UNIDAD,,,,
EMPANADAS-RAPRITOS__SJME_DF_14MAYO.xlsx,SALIDAS RAPIFRITOS- FEB12,0,Observaciones:                                                                                                                                                                                                        BE: 5 (Remision 575602),,,,,,
EMPANADAS-RAPRITOS__SJME_DF_14MAYO.xlsx,SALIDAS RAPIFRITOS- FEB12,0,Espacio para Nombre y firma DESPACHADOR,,Espacio para Nombre y firma RECEPTOR,,,,
EMPANADAS-RAPRITOS__SJME_DF_14MAYO.xlsx,SALIDAS RAPIFRITOS- FEB12,1,1,EMPANADA HAWAIANA FRITA,UNIDAD,0,,,
EMPANADAS-RAPRITOS__SJME_DF_14MAYO.xlsx,SALIDAS RAPIFRITOS- FEB12,1,2,EMPANADA DE YUCA (CARNE Y POLLO),UNIDAD,2,,,
EMPANADAS-RAPRITOS__SJME_DF_14MAYO.xlsx,SALIDAS RAPIFRITOS- FEB12,1,3,EMPANADA MIXTA DE TRIGO,UNIDAD,0,,,
EMPANADAS-RAPRITOS__SJME_DF_14MAYO.xlsx,SALIDAS RAPIFRITOS- FEB12,1,4,EMPANADA POLLO QUESO FRITA,UNIDAD,0,,,
EMPANADAS-RAPRITOS__SJME_DF_14MAYO.xlsx,SALIDAS RAPIFRITOS- FEB12,1,5,FLAUTA POLLO QUESO CHAMPIÑONES FRITA,UNIDAD,0,,,
EMPANADAS-RAPRITOS__SJME_DF_14MAYO.xlsx,SALIDAS RAPIFRITOS- FEB12,1,6,PAPA DE (POLLO CARNE Y MEDIO HUEVO),UNIDAD,2,,,
EMPANADAS-RAPRITOS__SJME_DF_14MAYO.xlsx,SALIDAS RAPIFRITOS- FEB12,1,7,AREPA DE HUEVO,UNIDAD,0,,,
EMPANADAS-RAPRITOS__SJME_DF_14MAYO.xlsx,SALIDAS RAPIFRITOS- FEB12,1,Observaciones:                                                                                                                                                                                                        A3:4 (Remision575600),,,,,,
EMPANADAS-RAPRITOS__SJME_DF_14MAYO.xlsx,SALIDAS RAPIFRITOS- FEB12,1,Espacio para Nombre y firma DESPACHADOR,,Espacio para Nombre y firma RECEPTOR,,,,
EMPANADAS-RAPRITOS__SJME_DF_14MAYO.xlsx,SALIDAS RAPIFRITOS- FEB12,2,1,EMPANADA HAWAIANA FRITA,UNIDAD,3,,,
EMPANADAS-RAPRITOS__SJME_DF_14MAYO.xlsx,SALIDAS RAPIFRITOS- FEB12,2,2,EMPANADA DE YUCA (CARNE Y POLLO),UNIDAD,3,,,
EMPANADAS-RAPRITOS__SJME_DF_14MAYO.xlsx,SALIDAS RAPIFRITOS- FEB12,2,3,EMPANADA MIXTA DE TRIGO,UNIDAD,5,,,
EMPANADAS-RAPRITOS__SJME_DF_14MAYO.xlsx,SALIDAS RAPIFRITOS- FEB12,2,4,EMPANADA POLLO QUESO FRITA,UNIDAD,8,,,
EMPANADAS-RAPRITOS__SJME_DF_14MAYO.xlsx,SALIDAS RAPIFRITOS- FEB12,2,5,FLAUTA POLLO QUESO CHAMPIÑONES FRITA,UNIDAD,10,,,
EMPANADAS-RAPRITOS__SJME_DF_14MAYO.xlsx,SALIDAS RAPIFRITOS- FEB12,2,6,PAPA DE (POLLO CARNE Y MEDIO HUEVO),UNIDAD,3,,,
EMPANADAS-RAPRITOS__SJME_DF_14MAYO.xlsx,SALIDAS RAPIFRITOS- FEB12,2,7,AREPA DE HUEVO,UNIDAD,,,,
EMPANADAS-RAPRITOS__SJME_DF_14MAYO.xlsx,SALIDAS RAPIFRITOS- FEB12,2,Observaciones:                                                                                                                                                                                                        CT: 32 (Remision 575601),,,,,,
EMPANADAS-RAPRITOS__SJME_DF_14MAYO.xlsx,SALIDAS RAPIFRITOS- FEB12,2,Espacio para Nombre y firma DESPACHADOR,,Espacio para Nombre y firma RECEPTOR,,,,
EMPANADAS-RAPRITOS__SJME_DF_14MAYO.xlsx,SALIDAS RAPIFRITOS- FEB13,0,1,EMPANADA HAWAIANA FRITA,UNIDAD,,,,
EMPANADAS-RAPRITOS__SJME_DF_14MAYO.xlsx,SALIDAS RAPIFRITOS- FEB13,0,2,EMPANADA DE YUCA (CARNE Y POLLO),UNIDAD,,,,
EMPANADAS-RAPRITOS__SJME_DF_14MAYO.xlsx,SALIDAS RAPIFRITOS- FEB13,0,3,EMPANADA MIXTA DE TRIGO,UNIDAD,,,,
EMPANADAS-RAPRITOS__SJME_DF_14MAYO.xlsx,SALIDAS RAPIFRITOS- FEB13,0,4,EMPANADA POLLO QUESO FRITA,UNIDAD,3,,,
EMPANADAS-RAPRITOS__SJME_DF_14MAYO.xlsx,SALIDAS RAPIFRITOS- FEB13,0,5,FLAUTA POLLO QUESO CHAMPIÑONES FRITA,UNIDAD,2,,,
EMPANADAS-RAPRITOS__SJME_DF_14MAYO.xlsx,SALIDAS RAPIFRITOS- FEB13,0,6,PAPA DE (POLLO CARNE Y MEDIO HUEVO),UNIDAD,,,,
EMPANADAS-RAPRITOS__SJME_DF_14MAYO.xlsx,SALIDAS RAPIFRITOS- FEB13,0,7,AREPA DE HUEVO,UNIDAD,,,,
EMPANADAS-RAPRITOS__SJME_DF_14MAYO.xlsx,SALIDAS RAPIFRITOS- FEB13,0,Observaciones:                                                                                                                                                                                                        BE: 5 (Remision 575749),,,,,,
EMPANADAS-RAPRITOS__SJME_DF_14MAYO.xlsx,SALIDAS RAPIFRITOS- FEB13,0,Espacio para Nombre y firma DESPACHADOR,,Espacio para Nombre y firma RECEPTOR,,,,
EMPANADAS-RAPRITOS__SJME_DF_14MAYO.xlsx,SALIDAS RAPIFRITOS- FEB13,1,1,EMPANADA HAWAIANA FRITA,UNIDAD,0,,,
EMPANADAS-RAPRITOS__SJME_DF_14MAYO.xlsx,SALIDAS RAPIFRITOS- FEB13,1,2,EMPANADA DE YUCA (CARNE Y POLLO),UNIDAD,2,,,
EMPANADAS-RAPRITOS__SJME_DF_14MAYO.xlsx,SALIDAS RAPIFRITOS- FEB13,1,3,EMPANADA MIXTA DE TRIGO,UNIDAD,0,,,
EMPANADAS-RAPRITOS__SJME_DF_14MAYO.xlsx,SALIDAS RAPIFRITOS- FEB13,1,4,EMPANADA POLLO QUESO FRITA,UNIDAD,0,,,
EMPANADAS-RAPRITOS__SJME_DF_14MAYO.xlsx,SALIDAS RAPIFRITOS- FEB13,1,5,FLAUTA POLLO QUESO CHAMPIÑONES FRITA,UNIDAD,0,,,
EMPANADAS-RAPRITOS__SJME_DF_14MAYO.xlsx,SALIDAS RAPIFRITOS- FEB13,1,6,PAPA DE (POLLO CARNE Y MEDIO HUEVO),UNIDAD,2,,,
EMPANADAS-RAPRITOS__SJME_DF_14MAYO.xlsx,SALIDAS RAPIFRITOS- FEB13,1,7,AREPA DE HUEVO,UNIDAD,0,,,
EMPANADAS-RAPRITOS__SJME_DF_14MAYO.xlsx,SALIDAS RAPIFRITOS- FEB13,1,Observaciones:                                                                                                                                                                                                        A3:4 (Remision575747),,,,,,
EMPANADAS-RAPRITOS__SJME_DF_14MAYO.xlsx,SALIDAS RAPIFRITOS- FEB13,1,Espacio para Nombre y firma DESPACHADOR,,Espacio para Nombre y firma RECEPTOR,,,,
EMPANADAS-RAPRITOS__SJME_DF_14MAYO.xlsx,SALIDAS RAPIFRITOS- FEB13,2,1,EMPANADA HAWAIANA FRITA,UNIDAD,3,,,
EMPANADAS-RAPRITOS__SJME_DF_14MAYO.xlsx,SALIDAS RAPIFRITOS- FEB13,2,2,EMPANADA DE YUCA (CARNE Y POLLO),UNIDAD,3,,,
EMPANADAS-RAPRITOS__SJME_DF_14MAYO.xlsx,SALIDAS RAPIFRITOS- FEB13,2,3,EMPANADA MIXTA DE TRIGO,UNIDAD,5,,,
EMPANADAS-RAPRITOS__SJME_DF_14MAYO.xlsx,SALIDAS RAPIFRITOS- FEB13,2,4,EMPANADA POLLO QUESO FRITA,UNIDAD,8,,,
EMPANADAS-RAPRITOS__SJME_DF_14MAYO.xlsx,SALIDAS RAPIFRITOS- FEB13,2,5,FLAUTA POLLO QUESO CHAMPIÑONES FRITA,UNIDAD,10,,,
EMPANADAS-RAPRITOS__SJME_DF_14MAYO.xlsx,SALIDAS RAPIFRITOS- FEB13,2,6,PAPA DE (POLLO CARNE Y MEDIO HUEVO),UNIDAD,3,,,
EMPANADAS-RAPRITOS__SJME_DF_14MAYO.xlsx,SALIDAS RAPIFRITOS- FEB13,2,7,AREPA DE HUEVO,UNIDAD,,,,
EMPANADAS-RAPRITOS__SJME_DF_14MAYO.xlsx,SALIDAS RAPIFRITOS- FEB13,2,Observaciones:                                                                                                                                                                                                        CT: 32 (Remision 575748),,,,,,
EMPANADAS-RAPRITOS__SJME_DF_14MAYO.xlsx,SALIDAS RAPIFRITOS- FEB13,2,Espacio para Nombre y firma DESPACHADOR,,Espacio para Nombre y firma RECEPTOR,,,,
EMPANADAS-RAPRITOS__SJME_DF_14MAYO.xlsx,SALIDAS RAPIFRITOS- FEB16 ,0,1,EMPANADA HAWAIANA FRITA,UNIDAD,,,,
EMPANADAS-RAPRITOS__SJME_DF_14MAYO.xlsx,SALIDAS RAPIFRITOS- FEB16 ,0,2,EMPANADA DE YUCA (CARNE Y POLLO),UNIDAD,,,,
EMPANADAS-RAPRITOS__SJME_DF_14MAYO.xlsx,SALIDAS RAPIFRITOS- FEB16 ,0,3,EMPANADA MIXTA DE TRIGO,UNIDAD,,,,
EMPANADAS-RAPRITOS__SJME_DF_14MAYO.xlsx,SALIDAS RAPIFRITOS- FEB16 ,0,4,EMPANADA POLLO QUESO FRITA,UNIDAD,3,,,
EMPANADAS-RAPRITOS__SJME_DF_14MAYO.xlsx,SALIDAS RAPIFRITOS- FEB16 ,0,5,FLAUTA POLLO QUESO CHAMPIÑONES FRITA,UNIDAD,2,,,
EMPANADAS-RAPRITOS__SJME_DF_14MAYO.xlsx,SALIDAS RAPIFRITOS- FEB16 ,0,6,PAPA DE (POLLO CARNE Y MEDIO HUEVO),UNIDAD,,,,
EMPANADAS-RAPRITOS__SJME_DF_14MAYO.xlsx,SALIDAS RAPIFRITOS- FEB16 ,0,7,AREPA DE HUEVO,UNIDAD,,,,
EMPANADAS-RAPRITOS__SJME_DF_14MAYO.xlsx,SALIDAS RAPIFRITOS- FEB16 ,0,Observaciones:                                                                                                                                                                                                        BE: 5 (Remision 576110),,,,,,
EMPANADAS-RAPRITOS__SJME_DF_14MAYO.xlsx,SALIDAS RAPIFRITOS- FEB16 ,0,Espacio para Nombre y firma DESPACHADOR,,Espacio para Nombre y firma RECEPTOR,,,,
EMPANADAS-RAPRITOS__SJME_DF_14MAYO.xlsx,SALIDAS RAPIFRITOS- FEB16 ,1,1,EMPANADA HAWAIANA FRITA,UNIDAD,,,,
EMPANADAS-RAPRITOS__SJME_DF_14MAYO.xlsx,SALIDAS RAPIFRITOS- FEB16 ,1,2,EMPANADA DE YUCA (CARNE Y POLLO),UNIDAD,2,,,
EMPANADAS-RAPRITOS__SJME_DF_14MAYO.xlsx,SALIDAS RAPIFRITOS- FEB16 ,1,3,EMPANADA MIXTA DE TRIGO,UNIDAD,,,,
EMPANADAS-RAPRITOS__SJME_DF_14MAYO.xlsx,SALIDAS RAPIFRITOS- FEB16 ,1,4,EMPANADA POLLO QUESO FRITA,UNIDAD,,,,
EMPANADAS-RAPRITOS__SJME_DF_14MAYO.xlsx,SALIDAS RAPIFRITOS- FEB16 ,1,5,FLAUTA POLLO QUESO CHAMPIÑONES FRITA,UNIDAD,,,,
EMPANADAS-RAPRITOS__SJME_DF_14MAYO.xlsx,SALIDAS RAPIFRITOS- FEB16 ,1,6,PAPA DE (POLLO CARNE Y MEDIO HUEVO),UNIDAD,2,,,
EMPANADAS-RAPRITOS__SJME_DF_14MAYO.xlsx,SALIDAS RAPIFRITOS- FEB16 ,1,7,AREPA DE HUEVO,UNIDAD,,,,
EMPANADAS-RAPRITOS__SJME_DF_14MAYO.xlsx,SALIDAS RAPIFRITOS- FEB16 ,1,Observaciones:                                                                                                                                                                                                        A3:4 (Remision576108),,,,,,
EMPANADAS-RAPRITOS__SJME_DF_14MAYO.xlsx,SALIDAS RAPIFRITOS- FEB16 ,1,Espacio para Nombre y firma DESPACHADOR,,Espacio para Nombre y firma RECEPTOR,,,,
EMPANADAS-RAPRITOS__SJME_DF_14MAYO.xlsx,SALIDAS RAPIFRITOS- FEB16 ,2,1,EMPANADA HAWAIANA FRITA,UNIDAD,5,,,
EMPANADAS-RAPRITOS__SJME_DF_14MAYO.xlsx,SALIDAS RAPIFRITOS- FEB16 ,2,2,EMPANADA DE YUCA (CARNE Y POLLO),UNIDAD,3,,,
EMPANADAS-RAPRITOS__SJME_DF_14MAYO.xlsx,SALIDAS RAPIFRITOS- FEB16 ,2,3,EMPANADA MIXTA DE TRIGO,UNIDAD,5,,,
EMPANADAS-RAPRITOS__SJME_DF_14MAYO.xlsx,SALIDAS RAPIFRITOS- FEB16 ,2,4,EMPANADA POLLO QUESO FRITA,UNIDAD,10,,,
EMPANADAS-RAPRITOS__SJME_DF_14MAYO.xlsx,SALIDAS RAPIFRITOS- FEB16 ,2,5,FLAUTA POLLO QUESO CHAMPIÑONES FRITA,UNIDAD,12,,,
EMPANADAS-RAPRITOS__SJME_DF_14MAYO.xlsx,SALIDAS RAPIFRITOS- FEB16 ,2,6,PAPA DE (POLLO CARNE Y MEDIO HUEVO),UNIDAD,5,,,
EMPANADAS-RAPRITOS__SJME_DF_14MAYO.xlsx,SALIDAS RAPIFRITOS- FEB16 ,2,7,AREPA DE HUEVO,UNIDAD,,,,
EMPANADAS-RAPRITOS__SJME_DF_14MAYO.xlsx,SALIDAS RAPIFRITOS- FEB16 ,2,Observaciones:                                                                                                                                                                                                        CT: 40 (Remision 576109),,,,,,
EMPANADAS-RAPRITOS__SJME_DF_14MAYO.xlsx,SALIDAS RAPIFRITOS- FEB16 ,2,Espacio para Nombre y firma DESPACHADOR,,Espacio para Nombre y firma RECEPTOR,,,,
EMPANADAS-RAPRITOS__SJME_DF_14MAYO.xlsx,SALIDAS RAPIFRITOS- FEB17,0,1,EMPANADA HAWAIANA FRITA,UNIDAD,,,,
EMPANADAS-RAPRITOS__SJME_DF_14MAYO.xlsx,SALIDAS RAPIFRITOS- FEB17,0,2,EMPANADA DE YUCA (CARNE Y POLLO),UNIDAD,,,,
EMPANADAS-RAPRITOS__SJME_DF_14MAYO.xlsx,SALIDAS RAPIFRITOS- FEB17,0,3,EMPANADA MIXTA DE TRIGO,UNIDAD,,,,
EMPANADAS-RAPRITOS__SJME_DF_14MAYO.xlsx,SALIDAS RAPIFRITOS- FEB17,0,4,EMPANADA POLLO QUESO FRITA,UNIDAD,3,,,
EMPANADAS-RAPRITOS__SJME_DF_14MAYO.xlsx,SALIDAS RAPIFRITOS- FEB17,0,5,FLAUTA POLLO QUESO CHAMPIÑONES FRITA,UNIDAD,2,,,
EMPANADAS-RAPRITOS__SJME_DF_14MAYO.xlsx,SALIDAS RAPIFRITOS- FEB17,0,6,PAPA DE (POLLO CARNE Y MEDIO HUEVO),UNIDAD,,,,
EMPANADAS-RAPRITOS__SJME_DF_14MAYO.xlsx,SALIDAS RAPIFRITOS- FEB17,0,7,AREPA DE HUEVO,UNIDAD,,,,
EMPANADAS-RAPRITOS__SJME_DF_14MAYO.xlsx,SALIDAS RAPIFRITOS- FEB17,0,Observaciones:                                                                                                                                                                                                        BE: 5 (Remision 576251),,,,,,
EMPANADAS-RAPRITOS__SJME_DF_14MAYO.xlsx,SALIDAS RAPIFRITOS- FEB17,0,Espacio para Nombre y firma DESPACHADOR,,Espacio para Nombre y firma RECEPTOR,,,,
EMPANADAS-RAPRITOS__SJME_DF_14MAYO.xlsx,SALIDAS RAPIFRITOS- FEB17,1,1,EMPANADA HAWAIANA FRITA,UNIDAD,,,0,
EMPANADAS-RAPRITOS__SJME_DF_14MAYO.xlsx,SALIDAS RAPIFRITOS- FEB17,1,2,EMPANADA DE YUCA (CARNE Y POLLO),UNIDAD,2,,,
EMPANADAS-RAPRITOS__SJME_DF_14MAYO.xlsx,SALIDAS RAPIFRITOS- FEB17,1,3,EMPANADA MIXTA DE TRIGO,UNIDAD,,,,
EMPANADAS-RAPRITOS__SJME_DF_14MAYO.xlsx,SALIDAS RAPIFRITOS- FEB17,1,4,EMPANADA POLLO QUESO FRITA,UNIDAD,,,,
EMPANADAS-RAPRITOS__SJME_DF_14MAYO.xlsx,SALIDAS RAPIFRITOS- FEB17,1,5,FLAUTA POLLO QUESO CHAMPIÑONES FRITA,UNIDAD,,,,
EMPANADAS-RAPRITOS__SJME_DF_14MAYO.xlsx,SALIDAS RAPIFRITOS- FEB17,1,6,PAPA DE (POLLO CARNE Y MEDIO HUEVO),UNIDAD,2,,,
EMPANADAS-RAPRITOS__SJME_DF_14MAYO.xlsx,SALIDAS RAPIFRITOS- FEB17,1,7,AREPA DE HUEVO,UNIDAD,,,,
EMPANADAS-RAPRITOS__SJME_DF_14MAYO.xlsx,SALIDAS RAPIFRITOS- FEB17,1,Observaciones:                                                                                                                                                                                                        A3:4 (Remision 576246),,,,,,
EMPANADAS-RAPRITOS__SJME_DF_14MAYO.xlsx,SALIDAS RAPIFRITOS- FEB17,1,Espacio para Nombre y firma DESPACHADOR,,Espacio para Nombre y firma RECEPTOR,,,,
EMPANADAS-RAPRITOS__SJME_DF_14MAYO.xlsx,SALIDAS RAPIFRITOS- FEB17,2,1,EMPANADA HAWAIANA FRITA,UNIDAD,5,,,
EMPANADAS-RAPRITOS__SJME_DF_14MAYO.xlsx,SALIDAS RAPIFRITOS- FEB17,2,2,EMPANADA DE YUCA (CARNE Y POLLO),UNIDAD,3,,,
EMPANADAS-RAPRITOS__SJME_DF_14MAYO.xlsx,SALIDAS RAPIFRITOS- FEB17,2,3,EMPANADA MIXTA DE TRIGO,UNIDAD,5,,,
EMPANADAS-RAPRITOS__SJME_DF_14MAYO.xlsx,SALIDAS RAPIFRITOS- FEB17,2,4,EMPANADA POLLO QUESO FRITA,UNIDAD,10,,,
EMPANADAS-RAPRITOS__SJME_DF_14MAYO.xlsx,SALIDAS RAPIFRITOS- FEB17,2,5,FLAUTA POLLO QUESO CHAMPIÑONES FRITA,UNIDAD,12,,,
EMPANADAS-RAPRITOS__SJME_DF_14MAYO.xlsx,SALIDAS RAPIFRITOS- FEB17,2,6,PAPA DE (POLLO CARNE Y MEDIO HUEVO),UNIDAD,5,,,
EMPANADAS-RAPRITOS__SJME_DF_14MAYO.xlsx,SALIDAS RAPIFRITOS- FEB17,2,7,AREPA DE HUEVO,UNIDAD,,,,
EMPANADAS-RAPRITOS__SJME_DF_14MAYO.xlsx,SALIDAS RAPIFRITOS- FEB17,2,Observaciones:                                                                                                                                                                                                        CT: 40 (Remision 576247),,,,,,
EMPANADAS-RAPRITOS__SJME_DF_14MAYO.xlsx,SALIDAS RAPIFRITOS- FEB17,2,Espacio para Nombre y firma DESPACHADOR,,Espacio para Nombre y firma RECEPTOR,,,,
EMPANADAS-RAPRITOS__SJME_DF_14MAYO.xlsx,SALIDAS RAPIFRITOS- FEB18,0,1,EMPANADA HAWAIANA FRITA,UNIDAD,,,,
EMPANADAS-RAPRITOS__SJME_DF_14MAYO.xlsx,SALIDAS RAPIFRITOS- FEB18,0,2,EMPANADA DE YUCA (CARNE Y POLLO),UNIDAD,2,,,
EMPANADAS-RAPRITOS__SJME_DF_14MAYO.xlsx,SALIDAS RAPIFRITOS- FEB18,0,3,EMPANADA MIXTA DE TRIGO,UNIDAD,,,,
EMPANADAS-RAPRITOS__SJME_DF_14MAYO.xlsx,SALIDAS RAPIFRITOS- FEB18,0,4,EMPANADA POLLO QUESO FRITA,UNIDAD,5,,,
EMPANADAS-RAPRITOS__SJME_DF_14MAYO.xlsx,SALIDAS RAPIFRITOS- FEB18,0,5,FLAUTA POLLO QUESO CHAMPIÑONES FRITA,UNIDAD,,,,
EMPANADAS-RAPRITOS__SJME_DF_14MAYO.xlsx,SALIDAS RAPIFRITOS- FEB18,0,6,PAPA DE (POLLO CARNE Y MEDIO HUEVO),UNIDAD,2,,,
EMPANADAS-RAPRITOS__SJME_DF_14MAYO.xlsx,SALIDAS RAPIFRITOS- FEB18,0,7,AREPA DE HUEVO,UNIDAD,,,,
EMPANADAS-RAPRITOS__SJME_DF_14MAYO.xlsx,SALIDAS RAPIFRITOS- FEB18,0,Observaciones:                                                                                                                                                                                                        BE: 9(Remision 576389),,,,,,
EMPANADAS-RAPRITOS__SJME_DF_14MAYO.xlsx,SALIDAS RAPIFRITOS- FEB18,0,Espacio para Nombre y firma DESPACHADOR,,Espacio para Nombre y firma RECEPTOR,,,,
EMPANADAS-RAPRITOS__SJME_DF_14MAYO.xlsx,SALIDAS RAPIFRITOS- FEB18,1,1,EMPANADA HAWAIANA FRITA,UNIDAD,,,,
EMPANADAS-RAPRITOS__SJME_DF_14MAYO.xlsx,SALIDAS RAPIFRITOS- FEB18,1,2,EMPANADA DE YUCA (CARNE Y POLLO),UNIDAD,,,,
EMPANADAS-RAPRITOS__SJME_DF_14MAYO.xlsx,SALIDAS RAPIFRITOS- FEB18,1,3,EMPANADA MIXTA DE TRIGO,UNIDAD,,,,
EMPANADAS-RAPRITOS__SJME_DF_14MAYO.xlsx,SALIDAS RAPIFRITOS- FEB18,1,4,EMPANADA POLLO QUESO FRITA,UNIDAD,3,,,
EMPANADAS-RAPRITOS__SJME_DF_14MAYO.xlsx,SALIDAS RAPIFRITOS- FEB18,1,5,FLAUTA POLLO QUESO CHAMPIÑONES FRITA,UNIDAD,2,,,
EMPANADAS-RAPRITOS__SJME_DF_14MAYO.xlsx,SALIDAS RAPIFRITOS- FEB18,1,6,PAPA DE (POLLO CARNE Y MEDIO HUEVO),UNIDAD,,,,
EMPANADAS-RAPRITOS__SJME_DF_14MAYO.xlsx,SALIDAS RAPIFRITOS- FEB18,1,7,AREPA DE HUEVO,UNIDAD,,,,
EMPANADAS-RAPRITOS__SJME_DF_14MAYO.xlsx,SALIDAS RAPIFRITOS- FEB18,1,Observaciones:                                                                                                                                                                                                        A3:5 (Remision 576390),,,,,,
EMPANADAS-RAPRITOS__SJME_DF_14MAYO.xlsx,SALIDAS RAPIFRITOS- FEB18,1,Espacio para Nombre y firma DESPACHADOR,,Espacio para Nombre y firma RECEPTOR,,,,
EMPANADAS-RAPRITOS__SJME_DF_14MAYO.xlsx,SALIDAS RAPIFRITOS- FEB18,2,1,EMPANADA HAWAIANA FRITA,UNIDAD,3,,,
EMPANADAS-RAPRITOS__SJME_DF_14MAYO.xlsx,SALIDAS RAPIFRITOS- FEB18,2,2,EMPANADA DE YUCA (CARNE Y POLLO),UNIDAD,3,,,
EMPANADAS-RAPRITOS__SJME_DF_14MAYO.xlsx,SALIDAS RAPIFRITOS- FEB18,2,3,EMPANADA MIXTA DE TRIGO,UNIDAD,5,,,
EMPANADAS-RAPRITOS__SJME_DF_14MAYO.xlsx,SALIDAS RAPIFRITOS- FEB18,2,4,EMPANADA POLLO QUESO FRITA,UNIDAD,8,,,
EMPANADAS-RAPRITOS__SJME_DF_14MAYO.xlsx,SALIDAS RAPIFRITOS- FEB18,2,5,FLAUTA POLLO QUESO CHAMPIÑONES FRITA,UNIDAD,10,,,
EMPANADAS-RAPRITOS__SJME_DF_14MAYO.xlsx,SALIDAS RAPIFRITOS- FEB18,2,6,PAPA DE (POLLO CARNE Y MEDIO HUEVO),UNIDAD,3,,,
EMPANADAS-RAPRITOS__SJME_DF_14MAYO.xlsx,SALIDAS RAPIFRITOS- FEB18,2,7,AREPA DE HUEVO,UNIDAD,0,,,
EMPANADAS-RAPRITOS__SJME_DF_14MAYO.xlsx,SALIDAS RAPIFRITOS- FEB18,2,Observaciones:                                                                                                                                                                                                        CT: 32 (Remision 576391),,,,,,
EMPANADAS-RAPRITOS__SJME_DF_14MAYO.xlsx,SALIDAS RAPIFRITOS- FEB18,2,Espacio para Nombre y firma DESPACHADOR,,Espacio para Nombre y firma RECEPTOR,,,,
EMPANADAS-RAPRITOS__SJME_DF_14MAYO.xlsx,SALIDAS RAPIFRITOS- FEB19,0,1,EMPANADA HAWAIANA FRITA,UNIDAD,,,,
EMPANADAS-RAPRITOS__SJME_DF_14MAYO.xlsx,SALIDAS RAPIFRITOS- FEB19,0,2,EMPANADA DE YUCA (CARNE Y POLLO),UNIDAD,2,,,
EMPANADAS-RAPRITOS__SJME_DF_14MAYO.xlsx,SALIDAS RAPIFRITOS- FEB19,0,3,EMPANADA MIXTA DE TRIGO,UNIDAD,,,,
EMPANADAS-RAPRITOS__SJME_DF_14MAYO.xlsx,SALIDAS RAPIFRITOS- FEB19,0,4,EMPANADA POLLO QUESO FRITA,UNIDAD,5,,,
EMPANADAS-RAPRITOS__SJME_DF_14MAYO.xlsx,SALIDAS RAPIFRITOS- FEB19,0,5,FLAUTA POLLO QUESO CHAMPIÑONES FRITA,UNIDAD,,,,
EMPANADAS-RAPRITOS__SJME_DF_14MAYO.xlsx,SALIDAS RAPIFRITOS- FEB19,0,6,PAPA DE (POLLO CARNE Y MEDIO HUEVO),UNIDAD,2,,,
EMPANADAS-RAPRITOS__SJME_DF_14MAYO.xlsx,SALIDAS RAPIFRITOS- FEB19,0,7,AREPA DE HUEVO,UNIDAD,,,,
EMPANADAS-RAPRITOS__SJME_DF_14MAYO.xlsx,SALIDAS RAPIFRITOS- FEB19,0,Observaciones:                                                                                                                                                                                                        BE: 9(Remision 576527),,,,,,
EMPANADAS-RAPRITOS__SJME_DF_14MAYO.xlsx,SALIDAS RAPIFRITOS- FEB19,0,Espacio para Nombre y firma DESPACHADOR,,Espacio para Nombre y firma RECEPTOR,,,,
EMPANADAS-RAPRITOS__SJME_DF_14MAYO.xlsx,SALIDAS RAPIFRITOS- FEB19,1,1,EMPANADA HAWAIANA FRITA,UNIDAD,,,,
EMPANADAS-RAPRITOS__SJME_DF_14MAYO.xlsx,SALIDAS RAPIFRITOS- FEB19,1,2,EMPANADA DE YUCA (CARNE Y POLLO),UNIDAD,,,,
EMPANADAS-RAPRITOS__SJME_DF_14MAYO.xlsx,SALIDAS RAPIFRITOS- FEB19,1,3,EMPANADA MIXTA DE TRIGO,UNIDAD,,,,
EMPANADAS-RAPRITOS__SJME_DF_14MAYO.xlsx,SALIDAS RAPIFRITOS- FEB19,1,4,EMPANADA POLLO QUESO FRITA,UNIDAD,3,,,
EMPANADAS-RAPRITOS__SJME_DF_14MAYO.xlsx,SALIDAS RAPIFRITOS- FEB19,1,5,FLAUTA POLLO QUESO CHAMPIÑONES FRITA,UNIDAD,2,,,
EMPANADAS-RAPRITOS__SJME_DF_14MAYO.xlsx,SALIDAS RAPIFRITOS- FEB19,1,6,PAPA DE (POLLO CARNE Y MEDIO HUEVO),UNIDAD,,,,
EMPANADAS-RAPRITOS__SJME_DF_14MAYO.xlsx,SALIDAS RAPIFRITOS- FEB19,1,7,AREPA DE HUEVO,UNIDAD,,,,
EMPANADAS-RAPRITOS__SJME_DF_14MAYO.xlsx,SALIDAS RAPIFRITOS- FEB19,1,Observaciones:                                                                                                                                                                                                        A3:5 (Remision 576528),,,,,,
EMPANADAS-RAPRITOS__SJME_DF_14MAYO.xlsx,SALIDAS RAPIFRITOS- FEB19,1,Espacio para Nombre y firma DESPACHADOR,,Espacio para Nombre y firma RECEPTOR,,,,
EMPANADAS-RAPRITOS__SJME_DF_14MAYO.xlsx,SALIDAS RAPIFRITOS- FEB19,2,1,EMPANADA HAWAIANA FRITA,UNIDAD,3,,,
EMPANADAS-RAPRITOS__SJME_DF_14MAYO.xlsx,SALIDAS RAPIFRITOS- FEB19,2,2,EMPANADA DE YUCA (CARNE Y POLLO),UNIDAD,3,,,
EMPANADAS-RAPRITOS__SJME_DF_14MAYO.xlsx,SALIDAS RAPIFRITOS- FEB19,2,3,EMPANADA MIXTA DE TRIGO,UNIDAD,5,,,
EMPANADAS-RAPRITOS__SJME_DF_14MAYO.xlsx,SALIDAS RAPIFRITOS- FEB19,2,4,EMPANADA POLLO QUESO FRITA,UNIDAD,8,,,
EMPANADAS-RAPRITOS__SJME_DF_14MAYO.xlsx,SALIDAS RAPIFRITOS- FEB19,2,5,FLAUTA POLLO QUESO CHAMPIÑONES FRITA,UNIDAD,10,,,
EMPANADAS-RAPRITOS__SJME_DF_14MAYO.xlsx,SALIDAS RAPIFRITOS- FEB19,2,6,PAPA DE (POLLO CARNE Y MEDIO HUEVO),UNIDAD,3,,,
EMPANADAS-RAPRITOS__SJME_DF_14MAYO.xlsx,SALIDAS RAPIFRITOS- FEB19,2,7,AREPA DE HUEVO,UNIDAD,0,,,
EMPANADAS-RAPRITOS__SJME_DF_14MAYO.xlsx,SALIDAS RAPIFRITOS- FEB19,2,Observaciones:                                                                                                                                                                                                        CT: 32 (Remision 576529),,,,,,
EMPANADAS-RAPRITOS__SJME_DF_14MAYO.xlsx,SALIDAS RAPIFRITOS- FEB19,2,Espacio para Nombre y firma DESPACHADOR,,Espacio para Nombre y firma RECEPTOR,,,,
EMPANADAS-RAPRITOS__SJME_DF_14MAYO.xlsx,SALIDAS RAPIFRITOS- FEB20,0,1,EMPANADA HAWAIANA FRITA,UNIDAD,,,,
EMPANADAS-RAPRITOS__SJME_DF_14MAYO.xlsx,SALIDAS RAPIFRITOS- FEB20,0,2,EMPANADA DE YUCA (CARNE Y POLLO),UNIDAD,2,,,
EMPANADAS-RAPRITOS__SJME_DF_14MAYO.xlsx,SALIDAS RAPIFRITOS- FEB20,0,3,EMPANADA MIXTA DE TRIGO,UNIDAD,,,,
EMPANADAS-RAPRITOS__SJME_DF_14MAYO.xlsx,SALIDAS RAPIFRITOS- FEB20,0,4,EMPANADA POLLO QUESO FRITA,UNIDAD,,,,
EMPANADAS-RAPRITOS__SJME_DF_14MAYO.xlsx,SALIDAS RAPIFRITOS- FEB20,0,5,FLAUTA POLLO QUESO CHAMPIÑONES FRITA,UNIDAD,,,,
EMPANADAS-RAPRITOS__SJME_DF_14MAYO.xlsx,SALIDAS RAPIFRITOS- FEB20,0,6,PAPA DE (POLLO CARNE Y MEDIO HUEVO),UNIDAD,2,,,
EMPANADAS-RAPRITOS__SJME_DF_14MAYO.xlsx,SALIDAS RAPIFRITOS- FEB20,0,7,AREPA DE HUEVO,UNIDAD,,,,
EMPANADAS-RAPRITOS__SJME_DF_14MAYO.xlsx,SALIDAS RAPIFRITOS- FEB20,0,Observaciones:                                                                                                                                                                                                        BE: 4(Remision 576671),,,,,,
EMPANADAS-RAPRITOS__SJME_DF_14MAYO.xlsx,SALIDAS RAPIFRITOS- FEB20,0,Espacio para Nombre y firma DESPACHADOR,,Espacio para Nombre y firma RECEPTOR,,,,
EMPANADAS-RAPRITOS__SJME_DF_14MAYO.xlsx,SALIDAS RAPIFRITOS- FEB20,1,1,EMPANADA HAWAIANA FRITA,UNIDAD,,,,
EMPANADAS-RAPRITOS__SJME_DF_14MAYO.xlsx,SALIDAS RAPIFRITOS- FEB20,1,2,EMPANADA DE YUCA (CARNE Y POLLO),UNIDAD,,,,
EMPANADAS-RAPRITOS__SJME_DF_14MAYO.xlsx,SALIDAS RAPIFRITOS- FEB20,1,3,EMPANADA MIXTA DE TRIGO,UNIDAD,,,,
EMPANADAS-RAPRITOS__SJME_DF_14MAYO.xlsx,SALIDAS RAPIFRITOS- FEB20,1,4,EMPANADA POLLO QUESO FRITA,UNIDAD,3,,,
EMPANADAS-RAPRITOS__SJME_DF_14MAYO.xlsx,SALIDAS RAPIFRITOS- FEB20,1,5,FLAUTA POLLO QUESO CHAMPIÑONES FRITA,UNIDAD,2,,,
EMPANADAS-RAPRITOS__SJME_DF_14MAYO.xlsx,SALIDAS RAPIFRITOS- FEB20,1,6,PAPA DE (POLLO CARNE Y MEDIO HUEVO),UNIDAD,,,,
EMPANADAS-RAPRITOS__SJME_DF_14MAYO.xlsx,SALIDAS RAPIFRITOS- FEB20,1,7,AREPA DE HUEVO,UNIDAD,,,,
EMPANADAS-RAPRITOS__SJME_DF_14MAYO.xlsx,SALIDAS RAPIFRITOS- FEB20,1,Observaciones:                                                                                                                                                                                                        A3:5 (Remision 576672),,,,,,
EMPANADAS-RAPRITOS__SJME_DF_14MAYO.xlsx,SALIDAS RAPIFRITOS- FEB20,1,Espacio para Nombre y firma DESPACHADOR,,Espacio para Nombre y firma RECEPTOR,,,,
EMPANADAS-RAPRITOS__SJME_DF_14MAYO.xlsx,SALIDAS RAPIFRITOS- FEB20,2,1,EMPANADA HAWAIANA FRITA,UNIDAD,3,,,
EMPANADAS-RAPRITOS__SJME_DF_14MAYO.xlsx,SALIDAS RAPIFRITOS- FEB20,2,2,EMPANADA DE YUCA (CARNE Y POLLO),UNIDAD,3,,,
EMPANADAS-RAPRITOS__SJME_DF_14MAYO.xlsx,SALIDAS RAPIFRITOS- FEB20,2,3,EMPANADA MIXTA DE TRIGO,UNIDAD,5,,,
EMPANADAS-RAPRITOS__SJME_DF_14MAYO.xlsx,SALIDAS RAPIFRITOS- FEB20,2,4,EMPANADA POLLO QUESO FRITA,UNIDAD,8,,,
EMPANADAS-RAPRITOS__SJME_DF_14MAYO.xlsx,SALIDAS RAPIFRITOS- FEB20,2,5,FLAUTA POLLO QUESO CHAMPIÑONES FRITA,UNIDAD,10,,,
EMPANADAS-RAPRITOS__SJME_DF_14MAYO.xlsx,SALIDAS RAPIFRITOS- FEB20,2,6,PAPA DE (POLLO CARNE Y MEDIO HUEVO),UNIDAD,3,,,
EMPANADAS-RAPRITOS__SJME_DF_14MAYO.xlsx,SALIDAS RAPIFRITOS- FEB20,2,7,AREPA DE HUEVO,UNIDAD,0,,,
EMPANADAS-RAPRITOS__SJME_DF_14MAYO.xlsx,SALIDAS RAPIFRITOS- FEB20,2,Observaciones:                                                                                                                                                                                                        CT: 32 (Remision 576673),,,,,,
EMPANADAS-RAPRITOS__SJME_DF_14MAYO.xlsx,SALIDAS RAPIFRITOS- FEB20,2,Espacio para Nombre y firma DESPACHADOR,,Espacio para Nombre y firma RECEPTOR,,,,
EMPANADAS-RAPRITOS__SJME_DF_14MAYO.xlsx,SALIDAS RAPIFRITOS- FEB23 DF,0,1,EMPANADA HAWAIANA FRITA,UNIDAD,,,,
EMPANADAS-RAPRITOS__SJME_DF_14MAYO.xlsx,SALIDAS RAPIFRITOS- FEB23 DF,0,2,EMPANADA DE YUCA (CARNE Y POLLO),UNIDAD,2,,,
EMPANADAS-RAPRITOS__SJME_DF_14MAYO.xlsx,SALIDAS RAPIFRITOS- FEB23 DF,0,3,EMPANADA MIXTA DE TRIGO,UNIDAD,,,,
EMPANADAS-RAPRITOS__SJME_DF_14MAYO.xlsx,SALIDAS RAPIFRITOS- FEB23 DF,0,4,EMPANADA POLLO QUESO FRITA,UNIDAD,,,,
EMPANADAS-RAPRITOS__SJME_DF_14MAYO.xlsx,SALIDAS RAPIFRITOS- FEB23 DF,0,5,FLAUTA POLLO QUESO CHAMPIÑONES FRITA,UNIDAD,,,,
EMPANADAS-RAPRITOS__SJME_DF_14MAYO.xlsx,SALIDAS RAPIFRITOS- FEB23 DF,0,6,PAPA DE (POLLO CARNE Y MEDIO HUEVO),UNIDAD,2,,,
EMPANADAS-RAPRITOS__SJME_DF_14MAYO.xlsx,SALIDAS RAPIFRITOS- FEB23 DF,0,7,AREPA DE HUEVO,UNIDAD,,,,
EMPANADAS-RAPRITOS__SJME_DF_14MAYO.xlsx,SALIDAS RAPIFRITOS- FEB23 DF,0,Observaciones:                                                                                                                                                                                                        BE: 4(Remision 577030),,,,,,
EMPANADAS-RAPRITOS__SJME_DF_14MAYO.xlsx,SALIDAS RAPIFRITOS- FEB23 DF,0,Espacio para Nombre y firma DESPACHADOR,,Espacio para Nombre y firma RECEPTOR,,,,
EMPANADAS-RAPRITOS__SJME_DF_14MAYO.xlsx,SALIDAS RAPIFRITOS- FEB23 DF,1,1,EMPANADA HAWAIANA FRITA,UNIDAD,,,,
EMPANADAS-RAPRITOS__SJME_DF_14MAYO.xlsx,SALIDAS RAPIFRITOS- FEB23 DF,1,2,EMPANADA DE YUCA (CARNE Y POLLO),UNIDAD,,,,
EMPANADAS-RAPRITOS__SJME_DF_14MAYO.xlsx,SALIDAS RAPIFRITOS- FEB23 DF,1,3,EMPANADA MIXTA DE TRIGO,UNIDAD,,,,
EMPANADAS-RAPRITOS__SJME_DF_14MAYO.xlsx,SALIDAS RAPIFRITOS- FEB23 DF,1,4,EMPANADA POLLO QUESO FRITA,UNIDAD,3,,,
EMPANADAS-RAPRITOS__SJME_DF_14MAYO.xlsx,SALIDAS RAPIFRITOS- FEB23 DF,1,5,FLAUTA POLLO QUESO CHAMPIÑONES FRITA,UNIDAD,2,,,
EMPANADAS-RAPRITOS__SJME_DF_14MAYO.xlsx,SALIDAS RAPIFRITOS- FEB23 DF,1,6,PAPA DE (POLLO CARNE Y MEDIO HUEVO),UNIDAD,,,,
EMPANADAS-RAPRITOS__SJME_DF_14MAYO.xlsx,SALIDAS RAPIFRITOS- FEB23 DF,1,7,AREPA DE HUEVO,UNIDAD,,,,
EMPANADAS-RAPRITOS__SJME_DF_14MAYO.xlsx,SALIDAS RAPIFRITOS- FEB23 DF,1,Observaciones:                                                                                                                                                                                                        A3:5 (Remision 577032),,,,,,
EMPANADAS-RAPRITOS__SJME_DF_14MAYO.xlsx,SALIDAS RAPIFRITOS- FEB23 DF,1,Espacio para Nombre y firma DESPACHADOR,,Espacio para Nombre y firma RECEPTOR,,,,
EMPANADAS-RAPRITOS__SJME_DF_14MAYO.xlsx,SALIDAS RAPIFRITOS- FEB23 DF,2,1,EMPANADA HAWAIANA FRITA,UNIDAD,3,,,
EMPANADAS-RAPRITOS__SJME_DF_14MAYO.xlsx,SALIDAS RAPIFRITOS- FEB23 DF,2,2,EMPANADA DE YUCA (CARNE Y POLLO),UNIDAD,3,,,
EMPANADAS-RAPRITOS__SJME_DF_14MAYO.xlsx,SALIDAS RAPIFRITOS- FEB23 DF,2,3,EMPANADA MIXTA DE TRIGO,UNIDAD,5,,,
EMPANADAS-RAPRITOS__SJME_DF_14MAYO.xlsx,SALIDAS RAPIFRITOS- FEB23 DF,2,4,EMPANADA POLLO QUESO FRITA,UNIDAD,8,,,
EMPANADAS-RAPRITOS__SJME_DF_14MAYO.xlsx,SALIDAS RAPIFRITOS- FEB23 DF,2,5,FLAUTA POLLO QUESO CHAMPIÑONES FRITA,UNIDAD,10,,,
EMPANADAS-RAPRITOS__SJME_DF_14MAYO.xlsx,SALIDAS RAPIFRITOS- FEB23 DF,2,6,PAPA DE (POLLO CARNE Y MEDIO HUEVO),UNIDAD,3,,,
EMPANADAS-RAPRITOS__SJME_DF_14MAYO.xlsx,SALIDAS RAPIFRITOS- FEB23 DF,2,7,AREPA DE HUEVO,UNIDAD,0,,,
EMPANADAS-RAPRITOS__SJME_DF_14MAYO.xlsx,SALIDAS RAPIFRITOS- FEB23 DF,2,Observaciones:                                                                                                                                                                                                        CT: 32 (Remision 577031),,,,,,
EMPANADAS-RAPRITOS__SJME_DF_14MAYO.xlsx,SALIDAS RAPIFRITOS- FEB23 DF,2,Espacio para Nombre y firma DESPACHADOR,,Espacio para Nombre y firma RECEPTOR,,,,
EMPANADAS-RAPRITOS__SJME_DF_14MAYO.xlsx,SALIDAS RAPIFRITOS- FEB24,0,1,EMPANADA HAWAIANA FRITA,UNIDAD,,,,
EMPANADAS-RAPRITOS__SJME_DF_14MAYO.xlsx,SALIDAS RAPIFRITOS- FEB24,0,2,EMPANADA DE YUCA (CARNE Y POLLO),UNIDAD,2,,,
EMPANADAS-RAPRITOS__SJME_DF_14MAYO.xlsx,SALIDAS RAPIFRITOS- FEB24,0,3,EMPANADA MIXTA DE TRIGO,UNIDAD,,,,
EMPANADAS-RAPRITOS__SJME_DF_14MAYO.xlsx,SALIDAS RAPIFRITOS- FEB24,0,4,EMPANADA POLLO QUESO FRITA,UNIDAD,,,,
EMPANADAS-RAPRITOS__SJME_DF_14MAYO.xlsx,SALIDAS RAPIFRITOS- FEB24,0,5,FLAUTA POLLO QUESO CHAMPIÑONES FRITA,UNIDAD,,,,
EMPANADAS-RAPRITOS__SJME_DF_14MAYO.xlsx,SALIDAS RAPIFRITOS- FEB24,0,6,PAPA DE (POLLO CARNE Y MEDIO HUEVO),UNIDAD,2,,,
EMPANADAS-RAPRITOS__SJME_DF_14MAYO.xlsx,SALIDAS RAPIFRITOS- FEB24,0,7,AREPA DE HUEVO,UNIDAD,,,,
EMPANADAS-RAPRITOS__SJME_DF_14MAYO.xlsx,SALIDAS RAPIFRITOS- FEB24,0,Observaciones:                                                                                                                                                                                                        BE: 4(Remision 577185),,,,,,
EMPANADAS-RAPRITOS__SJME_DF_14MAYO.xlsx,SALIDAS RAPIFRITOS- FEB24,0,Espacio para Nombre y firma DESPACHADOR,,Espacio para Nombre y firma RECEPTOR,,,,
EMPANADAS-RAPRITOS__SJME_DF_14MAYO.xlsx,SALIDAS RAPIFRITOS- FEB24,1,1,EMPANADA HAWAIANA FRITA,UNIDAD,,,,
EMPANADAS-RAPRITOS__SJME_DF_14MAYO.xlsx,SALIDAS RAPIFRITOS- FEB24,1,2,EMPANADA DE YUCA (CARNE Y POLLO),UNIDAD,,,,
EMPANADAS-RAPRITOS__SJME_DF_14MAYO.xlsx,SALIDAS RAPIFRITOS- FEB24,1,3,EMPANADA MIXTA DE TRIGO,UNIDAD,,,,
EMPANADAS-RAPRITOS__SJME_DF_14MAYO.xlsx,SALIDAS RAPIFRITOS- FEB24,1,4,EMPANADA POLLO QUESO FRITA,UNIDAD,3,,,
EMPANADAS-RAPRITOS__SJME_DF_14MAYO.xlsx,SALIDAS RAPIFRITOS- FEB24,1,5,FLAUTA POLLO QUESO CHAMPIÑONES FRITA,UNIDAD,2,,,
EMPANADAS-RAPRITOS__SJME_DF_14MAYO.xlsx,SALIDAS RAPIFRITOS- FEB24,1,6,PAPA DE (POLLO CARNE Y MEDIO HUEVO),UNIDAD,,,,
EMPANADAS-RAPRITOS__SJME_DF_14MAYO.xlsx,SALIDAS RAPIFRITOS- FEB24,1,7,AREPA DE HUEVO,UNIDAD,,,,
EMPANADAS-RAPRITOS__SJME_DF_14MAYO.xlsx,SALIDAS RAPIFRITOS- FEB24,1,Observaciones:                                                                                                                                                                                                        A3:5 (Remision 577187),,,,,,
EMPANADAS-RAPRITOS__SJME_DF_14MAYO.xlsx,SALIDAS RAPIFRITOS- FEB24,1,Espacio para Nombre y firma DESPACHADOR,,Espacio para Nombre y firma RECEPTOR,,,,
EMPANADAS-RAPRITOS__SJME_DF_14MAYO.xlsx,SALIDAS RAPIFRITOS- FEB24,2,1,EMPANADA HAWAIANA FRITA,UNIDAD,3,,,
EMPANADAS-RAPRITOS__SJME_DF_14MAYO.xlsx,SALIDAS RAPIFRITOS- FEB24,2,2,EMPANADA DE YUCA (CARNE Y POLLO),UNIDAD,3,,,
EMPANADAS-RAPRITOS__SJME_DF_14MAYO.xlsx,SALIDAS RAPIFRITOS- FEB24,2,3,EMPANADA MIXTA DE TRIGO,UNIDAD,5,,,
EMPANADAS-RAPRITOS__SJME_DF_14MAYO.xlsx,SALIDAS RAPIFRITOS- FEB24,2,4,EMPANADA POLLO QUESO FRITA,UNIDAD,8,,,
EMPANADAS-RAPRITOS__SJME_DF_14MAYO.xlsx,SALIDAS RAPIFRITOS- FEB24,2,5,FLAUTA POLLO QUESO CHAMPIÑONES FRITA,UNIDAD,10,,,
EMPANADAS-RAPRITOS__SJME_DF_14MAYO.xlsx,SALIDAS RAPIFRITOS- FEB24,2,6,PAPA DE (POLLO CARNE Y MEDIO HUEVO),UNIDAD,3,,,
EMPANADAS-RAPRITOS__SJME_DF_14MAYO.xlsx,SALIDAS RAPIFRITOS- FEB24,2,7,AREPA DE HUEVO,UNIDAD,0,,,
EMPANADAS-RAPRITOS__SJME_DF_14MAYO.xlsx,SALIDAS RAPIFRITOS- FEB24,2,Observaciones:                                                                                                                                                                                                        CT: 32 (Remision 577186),,,,,,
EMPANADAS-RAPRITOS__SJME_DF_14MAYO.xlsx,SALIDAS RAPIFRITOS- FEB24,2,Espacio para Nombre y firma DESPACHADOR,,Espacio para Nombre y firma RECEPTOR,,,,
EMPANADAS-RAPRITOS__SJME_DF_14MAYO.xlsx,SALIDAS RAPIFRITOS- FEB25,0,1,EMPANADA HAWAIANA FRITA,UNIDAD,,,,
EMPANADAS-RAPRITOS__SJME_DF_14MAYO.xlsx,SALIDAS RAPIFRITOS- FEB25,0,2,EMPANADA DE YUCA (CARNE Y POLLO),UNIDAD,2,,,
EMPANADAS-RAPRITOS__SJME_DF_14MAYO.xlsx,SALIDAS RAPIFRITOS- FEB25,0,3,EMPANADA MIXTA DE TRIGO,UNIDAD,,,,
EMPANADAS-RAPRITOS__SJME_DF_14MAYO.xlsx,SALIDAS RAPIFRITOS- FEB25,0,4,EMPANADA POLLO QUESO FRITA,UNIDAD,5,,,
EMPANADAS-RAPRITOS__SJME_DF_14MAYO.xlsx,SALIDAS RAPIFRITOS- FEB25,0,5,FLAUTA POLLO QUESO CHAMPIÑONES FRITA,UNIDAD,,,,
EMPANADAS-RAPRITOS__SJME_DF_14MAYO.xlsx,SALIDAS RAPIFRITOS- FEB25,0,6,PAPA DE (POLLO CARNE Y MEDIO HUEVO),UNIDAD,2,,,
EMPANADAS-RAPRITOS__SJME_DF_14MAYO.xlsx,SALIDAS RAPIFRITOS- FEB25,0,7,AREPA DE HUEVO,UNIDAD,,,,
EMPANADAS-RAPRITOS__SJME_DF_14MAYO.xlsx,SALIDAS RAPIFRITOS- FEB25,0,Observaciones:                                                                                                                                                                                                        BE: 9(Remision 577307),,,,,,
EMPANADAS-RAPRITOS__SJME_DF_14MAYO.xlsx,SALIDAS RAPIFRITOS- FEB25,0,Espacio para Nombre y firma DESPACHADOR,,Espacio para Nombre y firma RECEPTOR,,,,
EMPANADAS-RAPRITOS__SJME_DF_14MAYO.xlsx,SALIDAS RAPIFRITOS- FEB25,1,1,EMPANADA HAWAIANA FRITA,UNIDAD,,,,
EMPANADAS-RAPRITOS__SJME_DF_14MAYO.xlsx,SALIDAS RAPIFRITOS- FEB25,1,2,EMPANADA DE YUCA (CARNE Y POLLO),UNIDAD,,,,
EMPANADAS-RAPRITOS__SJME_DF_14MAYO.xlsx,SALIDAS RAPIFRITOS- FEB25,1,3,EMPANADA MIXTA DE TRIGO,UNIDAD,,,,
EMPANADAS-RAPRITOS__SJME_DF_14MAYO.xlsx,SALIDAS RAPIFRITOS- FEB25,1,4,EMPANADA POLLO QUESO FRITA,UNIDAD,3,,,
EMPANADAS-RAPRITOS__SJME_DF_14MAYO.xlsx,SALIDAS RAPIFRITOS- FEB25,1,5,FLAUTA POLLO QUESO CHAMPIÑONES FRITA,UNIDAD,2,,,
EMPANADAS-RAPRITOS__SJME_DF_14MAYO.xlsx,SALIDAS RAPIFRITOS- FEB25,1,6,PAPA DE (POLLO CARNE Y MEDIO HUEVO),UNIDAD,,,,
EMPANADAS-RAPRITOS__SJME_DF_14MAYO.xlsx,SALIDAS RAPIFRITOS- FEB25,1,7,AREPA DE HUEVO,UNIDAD,,,,
EMPANADAS-RAPRITOS__SJME_DF_14MAYO.xlsx,SALIDAS RAPIFRITOS- FEB25,1,Observaciones:                                                                                                                                                                                                        A3:5 (Remision 577309),,,,,,
EMPANADAS-RAPRITOS__SJME_DF_14MAYO.xlsx,SALIDAS RAPIFRITOS- FEB25,1,Espacio para Nombre y firma DESPACHADOR,,Espacio para Nombre y firma RECEPTOR,,,,
EMPANADAS-RAPRITOS__SJME_DF_14MAYO.xlsx,SALIDAS RAPIFRITOS- FEB25,2,1,EMPANADA HAWAIANA FRITA,UNIDAD,3,,,
EMPANADAS-RAPRITOS__SJME_DF_14MAYO.xlsx,SALIDAS RAPIFRITOS- FEB25,2,2,EMPANADA DE YUCA (CARNE Y POLLO),UNIDAD,3,,,
EMPANADAS-RAPRITOS__SJME_DF_14MAYO.xlsx,SALIDAS RAPIFRITOS- FEB25,2,3,EMPANADA MIXTA DE TRIGO,UNIDAD,5,,,
EMPANADAS-RAPRITOS__SJME_DF_14MAYO.xlsx,SALIDAS RAPIFRITOS- FEB25,2,4,EMPANADA POLLO QUESO FRITA,UNIDAD,8,,,
EMPANADAS-RAPRITOS__SJME_DF_14MAYO.xlsx,SALIDAS RAPIFRITOS- FEB25,2,5,FLAUTA POLLO QUESO CHAMPIÑONES FRITA,UNIDAD,10,,,
EMPANADAS-RAPRITOS__SJME_DF_14MAYO.xlsx,SALIDAS RAPIFRITOS- FEB25,2,6,PAPA DE (POLLO CARNE Y MEDIO HUEVO),UNIDAD,3,,,
EMPANADAS-RAPRITOS__SJME_DF_14MAYO.xlsx,SALIDAS RAPIFRITOS- FEB25,2,7,AREPA DE HUEVO,UNIDAD,0,,,
EMPANADAS-RAPRITOS__SJME_DF_14MAYO.xlsx,SALIDAS RAPIFRITOS- FEB25,2,Observaciones:                                                                                                                                                                                                        CT: 32 (Remision 577308),,,,,,
EMPANADAS-RAPRITOS__SJME_DF_14MAYO.xlsx,SALIDAS RAPIFRITOS- FEB25,2,Espacio para Nombre y firma DESPACHADOR,,Espacio para Nombre y firma RECEPTOR,,,,
EMPANADAS-RAPRITOS__SJME_DF_14MAYO.xlsx,SALIDAS RAPIFRITOS- FEB26,0,1,EMPANADA HAWAIANA FRITA,UNIDAD,,,,
EMPANADAS-RAPRITOS__SJME_DF_14MAYO.xlsx,SALIDAS RAPIFRITOS- FEB26,0,2,EMPANADA DE YUCA (CARNE Y POLLO),UNIDAD,2,,,
EMPANADAS-RAPRITOS__SJME_DF_14MAYO.xlsx,SALIDAS RAPIFRITOS- FEB26,0,3,EMPANADA MIXTA DE TRIGO,UNIDAD,,,,
EMPANADAS-RAPRITOS__SJME_DF_14MAYO.xlsx,SALIDAS RAPIFRITOS- FEB26,0,4,EMPANADA POLLO QUESO FRITA,UNIDAD,5,,,
EMPANADAS-RAPRITOS__SJME_DF_14MAYO.xlsx,SALIDAS RAPIFRITOS- FEB26,0,5,FLAUTA POLLO QUESO CHAMPIÑONES FRITA,UNIDAD,,,,
EMPANADAS-RAPRITOS__SJME_DF_14MAYO.xlsx,SALIDAS RAPIFRITOS- FEB26,0,6,PAPA DE (POLLO CARNE Y MEDIO HUEVO),UNIDAD,2,,,
EMPANADAS-RAPRITOS__SJME_DF_14MAYO.xlsx,SALIDAS RAPIFRITOS- FEB26,0,7,AREPA DE HUEVO,UNIDAD,,,,
EMPANADAS-RAPRITOS__SJME_DF_14MAYO.xlsx,SALIDAS RAPIFRITOS- FEB26,0,Observaciones:                                                                                                                                                                                                        BE: 9(Remision 577446),,,,,,
EMPANADAS-RAPRITOS__SJME_DF_14MAYO.xlsx,SALIDAS RAPIFRITOS- FEB26,0,Espacio para Nombre y firma DESPACHADOR,,Espacio para Nombre y firma RECEPTOR,,,,
EMPANADAS-RAPRITOS__SJME_DF_14MAYO.xlsx,SALIDAS RAPIFRITOS- FEB26,1,1,EMPANADA HAWAIANA FRITA,UNIDAD,2,,,
EMPANADAS-RAPRITOS__SJME_DF_14MAYO.xlsx,SALIDAS RAPIFRITOS- FEB26,1,2,EMPANADA DE YUCA (CARNE Y POLLO),UNIDAD,2,,,
EMPANADAS-RAPRITOS__SJME_DF_14MAYO.xlsx,SALIDAS RAPIFRITOS- FEB26,1,3,EMPANADA MIXTA DE TRIGO,UNIDAD,2,,,
EMPANADAS-RAPRITOS__SJME_DF_14MAYO.xlsx,SALIDAS RAPIFRITOS- FEB26,1,4,EMPANADA POLLO QUESO FRITA,UNIDAD,10,,,
EMPANADAS-RAPRITOS__SJME_DF_14MAYO.xlsx,SALIDAS RAPIFRITOS- FEB26,1,5,FLAUTA POLLO QUESO CHAMPIÑONES FRITA,UNIDAD,3,,,
EMPANADAS-RAPRITOS__SJME_DF_14MAYO.xlsx,SALIDAS RAPIFRITOS- FEB26,1,6,PAPA DE (POLLO CARNE Y MEDIO HUEVO),UNIDAD,2,,,
EMPANADAS-RAPRITOS__SJME_DF_14MAYO.xlsx,SALIDAS RAPIFRITOS- FEB26,1,7,AREPA DE HUEVO,UNIDAD,,,,
EMPANADAS-RAPRITOS__SJME_DF_14MAYO.xlsx,SALIDAS RAPIFRITOS- FEB26,1,Observaciones:                                                                                                                                                                                                        A3:5 (Remision 577456),,,,,,
EMPANADAS-RAPRITOS__SJME_DF_14MAYO.xlsx,SALIDAS RAPIFRITOS- FEB26,1,Espacio para Nombre y firma DESPACHADOR,,Espacio para Nombre y firma RECEPTOR,,,,
EMPANADAS-RAPRITOS__SJME_DF_14MAYO.xlsx,SALIDAS RAPIFRITOS- FEB26,2,1,EMPANADA HAWAIANA FRITA,UNIDAD,3,,,
EMPANADAS-RAPRITOS__SJME_DF_14MAYO.xlsx,SALIDAS RAPIFRITOS- FEB26,2,2,EMPANADA DE YUCA (CARNE Y POLLO),UNIDAD,3,,,
EMPANADAS-RAPRITOS__SJME_DF_14MAYO.xlsx,SALIDAS RAPIFRITOS- FEB26,2,3,EMPANADA MIXTA DE TRIGO,UNIDAD,5,,,
EMPANADAS-RAPRITOS__SJME_DF_14MAYO.xlsx,SALIDAS RAPIFRITOS- FEB26,2,4,EMPANADA POLLO QUESO FRITA,UNIDAD,8,,,
EMPANADAS-RAPRITOS__SJME_DF_14MAYO.xlsx,SALIDAS RAPIFRITOS- FEB26,2,5,FLAUTA POLLO QUESO CHAMPIÑONES FRITA,UNIDAD,10,,,
EMPANADAS-RAPRITOS__SJME_DF_14MAYO.xlsx,SALIDAS RAPIFRITOS- FEB26,2,6,PAPA DE (POLLO CARNE Y MEDIO HUEVO),UNIDAD,3,,,
EMPANADAS-RAPRITOS__SJME_DF_14MAYO.xlsx,SALIDAS RAPIFRITOS- FEB26,2,7,AREPA DE HUEVO,UNIDAD,0,,,
EMPANADAS-RAPRITOS__SJME_DF_14MAYO.xlsx,SALIDAS RAPIFRITOS- FEB26,2,Observaciones:                                                                                                                                                                                                        CT: 32 (Remision                      ),,,,,,
EMPANADAS-RAPRITOS__SJME_DF_14MAYO.xlsx,SALIDAS RAPIFRITOS- FEB26,2,Espacio para Nombre y firma DESPACHADOR,,Espacio para Nombre y firma RECEPTOR,,,,
EMPANADAS-RAPRITOS__SJME_DF_14MAYO.xlsx,SALIDAS RAPIFRITOS- FEB27,0,1,EMPANADA HAWAIANA FRITA,UNIDAD,,,,
EMPANADAS-RAPRITOS__SJME_DF_14MAYO.xlsx,SALIDAS RAPIFRITOS- FEB27,0,2,EMPANADA DE YUCA (CARNE Y POLLO),UNIDAD,2,,,
EMPANADAS-RAPRITOS__SJME_DF_14MAYO.xlsx,SALIDAS RAPIFRITOS- FEB27,0,3,EMPANADA MIXTA DE TRIGO,UNIDAD,,,,
EMPANADAS-RAPRITOS__SJME_DF_14MAYO.xlsx,SALIDAS RAPIFRITOS- FEB27,0,4,EMPANADA POLLO QUESO FRITA,UNIDAD,3,,,
EMPANADAS-RAPRITOS__SJME_DF_14MAYO.xlsx,SALIDAS RAPIFRITOS- FEB27,0,5,FLAUTA POLLO QUESO CHAMPIÑONES FRITA,UNIDAD,,,,
EMPANADAS-RAPRITOS__SJME_DF_14MAYO.xlsx,SALIDAS RAPIFRITOS- FEB27,0,6,PAPA DE (POLLO CARNE Y MEDIO HUEVO),UNIDAD,2,,,
EMPANADAS-RAPRITOS__SJME_DF_14MAYO.xlsx,SALIDAS RAPIFRITOS- FEB27,0,7,AREPA DE HUEVO,UNIDAD,,,,
EMPANADAS-RAPRITOS__SJME_DF_14MAYO.xlsx,SALIDAS RAPIFRITOS- FEB27,0,Observaciones:                                                                                                                                                                                                        BE: 9(Remision 577598),,,,,,
EMPANADAS-RAPRITOS__SJME_DF_14MAYO.xlsx,SALIDAS RAPIFRITOS- FEB27,0,Espacio para Nombre y firma DESPACHADOR,,Espacio para Nombre y firma RECEPTOR,,,,
EMPANADAS-RAPRITOS__SJME_DF_14MAYO.xlsx,SALIDAS RAPIFRITOS- FEB27,1,1,EMPANADA HAWAIANA FRITA,UNIDAD,2,,,
EMPANADAS-RAPRITOS__SJME_DF_14MAYO.xlsx,SALIDAS RAPIFRITOS- FEB27,1,2,EMPANADA DE YUCA (CARNE Y POLLO),UNIDAD,1,,,
EMPANADAS-RAPRITOS__SJME_DF_14MAYO.xlsx,SALIDAS RAPIFRITOS- FEB27,1,3,EMPANADA MIXTA DE TRIGO,UNIDAD,1,,,
EMPANADAS-RAPRITOS__SJME_DF_14MAYO.xlsx,SALIDAS RAPIFRITOS- FEB27,1,4,EMPANADA POLLO QUESO FRITA,UNIDAD,5,,,
EMPANADAS-RAPRITOS__SJME_DF_14MAYO.xlsx,SALIDAS RAPIFRITOS- FEB27,1,5,FLAUTA POLLO QUESO CHAMPIÑONES FRITA,UNIDAD,3,,,
EMPANADAS-RAPRITOS__SJME_DF_14MAYO.xlsx,SALIDAS RAPIFRITOS- FEB27,1,6,PAPA DE (POLLO CARNE Y MEDIO HUEVO),UNIDAD,1,,,
EMPANADAS-RAPRITOS__SJME_DF_14MAYO.xlsx,SALIDAS RAPIFRITOS- FEB27,1,7,AREPA DE HUEVO,UNIDAD,,,,
EMPANADAS-RAPRITOS__SJME_DF_14MAYO.xlsx,SALIDAS RAPIFRITOS- FEB27,1,Observaciones:                                                                                                                                                                                                        A3:13 (Remision 577600),,,,,,
EMPANADAS-RAPRITOS__SJME_DF_14MAYO.xlsx,SALIDAS RAPIFRITOS- FEB27,1,Espacio para Nombre y firma DESPACHADOR,,Espacio para Nombre y firma RECEPTOR,,,,
EMPANADAS-RAPRITOS__SJME_DF_14MAYO.xlsx,SALIDAS RAPIFRITOS- FEB27,2,1,EMPANADA HAWAIANA FRITA,UNIDAD,3,,,
EMPANADAS-RAPRITOS__SJME_DF_14MAYO.xlsx,SALIDAS RAPIFRITOS- FEB27,2,2,EMPANADA DE YUCA (CARNE Y POLLO),UNIDAD,3,,,
EMPANADAS-RAPRITOS__SJME_DF_14MAYO.xlsx,SALIDAS RAPIFRITOS- FEB27,2,3,EMPANADA MIXTA DE TRIGO,UNIDAD,5,,,
EMPANADAS-RAPRITOS__SJME_DF_14MAYO.xlsx,SALIDAS RAPIFRITOS- FEB27,2,4,EMPANADA POLLO QUESO FRITA,UNIDAD,8,,,
EMPANADAS-RAPRITOS__SJME_DF_14MAYO.xlsx,SALIDAS RAPIFRITOS- FEB27,2,5,FLAUTA POLLO QUESO CHAMPIÑONES FRITA,UNIDAD,10,,,
EMPANADAS-RAPRITOS__SJME_DF_14MAYO.xlsx,SALIDAS RAPIFRITOS- FEB27,2,6,PAPA DE (POLLO CARNE Y MEDIO HUEVO),UNIDAD,3,,,
EMPANADAS-RAPRITOS__SJME_DF_14MAYO.xlsx,SALIDAS RAPIFRITOS- FEB27,2,7,AREPA DE HUEVO,UNIDAD,0,,,
EMPANADAS-RAPRITOS__SJME_DF_14MAYO.xlsx,SALIDAS RAPIFRITOS- FEB27,2,Observaciones:                                                                                                                                                                                                        CT: 32 (Remision 577599),,,,,,
EMPANADAS-RAPRITOS__SJME_DF_14MAYO.xlsx,SALIDAS RAPIFRITOS- FEB27,2,Espacio para Nombre y firma DESPACHADOR,,Espacio para Nombre y firma RECEPTOR,,,,
EMPANADAS-RAPRITOS__SJME_DF_14MAYO.xlsx,SALIDAS RAPIFRITOS- MARZO 02,0,1,EMPANADA HAWAIANA FRITA,UNIDAD,,,,
EMPANADAS-RAPRITOS__SJME_DF_14MAYO.xlsx,SALIDAS RAPIFRITOS- MARZO 02,0,2,EMPANADA DE YUCA (CARNE Y POLLO),UNIDAD,2,,,
EMPANADAS-RAPRITOS__SJME_DF_14MAYO.xlsx,SALIDAS RAPIFRITOS- MARZO 02,0,3,EMPANADA MIXTA DE TRIGO,UNIDAD,,,,
EMPANADAS-RAPRITOS__SJME_DF_14MAYO.xlsx,SALIDAS RAPIFRITOS- MARZO 02,0,4,EMPANADA POLLO QUESO FRITA,UNIDAD,3,,,
EMPANADAS-RAPRITOS__SJME_DF_14MAYO.xlsx,SALIDAS RAPIFRITOS- MARZO 02,0,5,FLAUTA POLLO QUESO CHAMPIÑONES FRITA,UNIDAD,,,,
EMPANADAS-RAPRITOS__SJME_DF_14MAYO.xlsx,SALIDAS RAPIFRITOS- MARZO 02,0,6,PAPA DE (POLLO CARNE Y MEDIO HUEVO),UNIDAD,2,,,
EMPANADAS-RAPRITOS__SJME_DF_14MAYO.xlsx,SALIDAS RAPIFRITOS- MARZO 02,0,7,AREPA DE HUEVO,UNIDAD,,,,
EMPANADAS-RAPRITOS__SJME_DF_14MAYO.xlsx,SALIDAS RAPIFRITOS- MARZO 02,0,Observaciones:                                                                                                                                                                                                        BE: 9(Remision 577946),,,,,,
EMPANADAS-RAPRITOS__SJME_DF_14MAYO.xlsx,SALIDAS RAPIFRITOS- MARZO 02,0,Espacio para Nombre y firma DESPACHADOR,,Espacio para Nombre y firma RECEPTOR,,,,
EMPANADAS-RAPRITOS__SJME_DF_14MAYO.xlsx,SALIDAS RAPIFRITOS- MARZO 02,1,1,EMPANADA HAWAIANA FRITA,UNIDAD,2,,,
EMPANADAS-RAPRITOS__SJME_DF_14MAYO.xlsx,SALIDAS RAPIFRITOS- MARZO 02,1,2,EMPANADA DE YUCA (CARNE Y POLLO),UNIDAD,1,,,
EMPANADAS-RAPRITOS__SJME_DF_14MAYO.xlsx,SALIDAS RAPIFRITOS- MARZO 02,1,3,EMPANADA MIXTA DE TRIGO,UNIDAD,1,,,
EMPANADAS-RAPRITOS__SJME_DF_14MAYO.xlsx,SALIDAS RAPIFRITOS- MARZO 02,1,4,EMPANADA POLLO QUESO FRITA,UNIDAD,5,,,
EMPANADAS-RAPRITOS__SJME_DF_14MAYO.xlsx,SALIDAS RAPIFRITOS- MARZO 02,1,5,FLAUTA POLLO QUESO CHAMPIÑONES FRITA,UNIDAD,3,,,
EMPANADAS-RAPRITOS__SJME_DF_14MAYO.xlsx,SALIDAS RAPIFRITOS- MARZO 02,1,6,PAPA DE (POLLO CARNE Y MEDIO HUEVO),UNIDAD,1,,,
EMPANADAS-RAPRITOS__SJME_DF_14MAYO.xlsx,SALIDAS RAPIFRITOS- MARZO 02,1,7,AREPA DE HUEVO,UNIDAD,,,,
EMPANADAS-RAPRITOS__SJME_DF_14MAYO.xlsx,SALIDAS RAPIFRITOS- MARZO 02,1,Observaciones:                                                                                                                                                                                                        A3:13 (Remision 577946),,,,,,
EMPANADAS-RAPRITOS__SJME_DF_14MAYO.xlsx,SALIDAS RAPIFRITOS- MARZO 02,1,Espacio para Nombre y firma DESPACHADOR,,Espacio para Nombre y firma RECEPTOR,,,,
EMPANADAS-RAPRITOS__SJME_DF_14MAYO.xlsx,SALIDAS RAPIFRITOS- MARZO 02,2,1,EMPANADA HAWAIANA FRITA,UNIDAD,3,,,
EMPANADAS-RAPRITOS__SJME_DF_14MAYO.xlsx,SALIDAS RAPIFRITOS- MARZO 02,2,2,EMPANADA DE YUCA (CARNE Y POLLO),UNIDAD,3,,,
EMPANADAS-RAPRITOS__SJME_DF_14MAYO.xlsx,SALIDAS RAPIFRITOS- MARZO 02,2,3,EMPANADA MIXTA DE TRIGO,UNIDAD,5,,,
EMPANADAS-RAPRITOS__SJME_DF_14MAYO.xlsx,SALIDAS RAPIFRITOS- MARZO 02,2,4,EMPANADA POLLO QUESO FRITA,UNIDAD,8,,,
EMPANADAS-RAPRITOS__SJME_DF_14MAYO.xlsx,SALIDAS RAPIFRITOS- MARZO 02,2,5,FLAUTA POLLO QUESO CHAMPIÑONES FRITA,UNIDAD,10,,,
EMPANADAS-RAPRITOS__SJME_DF_14MAYO.xlsx,SALIDAS RAPIFRITOS- MARZO 02,2,6,PAPA DE (POLLO CARNE Y MEDIO HUEVO),UNIDAD,3,,,
EMPANADAS-RAPRITOS__SJME_DF_14MAYO.xlsx,SALIDAS RAPIFRITOS- MARZO 02,2,7,AREPA DE HUEVO,UNIDAD,0,,,
EMPANADAS-RAPRITOS__SJME_DF_14MAYO.xlsx,SALIDAS RAPIFRITOS- MARZO 02,2,Observaciones:                                                                                                                                                                                                        CT: 32 (Remision 577945),,,,,,
EMPANADAS-RAPRITOS__SJME_DF_14MAYO.xlsx,SALIDAS RAPIFRITOS- MARZO 02,2,Espacio para Nombre y firma DESPACHADOR,,Espacio para Nombre y firma RECEPTOR,,,,
EMPANADAS-RAPRITOS__SJME_DF_14MAYO.xlsx,SALIDAS RAPIFRITOS- MARZO 03,0,1,EMPANADA HAWAIANA FRITA,UNIDAD,,,,
EMPANADAS-RAPRITOS__SJME_DF_14MAYO.xlsx,SALIDAS RAPIFRITOS- MARZO 03,0,2,EMPANADA DE YUCA (CARNE Y POLLO),UNIDAD,,,,
EMPANADAS-RAPRITOS__SJME_DF_14MAYO.xlsx,SALIDAS RAPIFRITOS- MARZO 03,0,3,EMPANADA MIXTA DE TRIGO,UNIDAD,,,,
EMPANADAS-RAPRITOS__SJME_DF_14MAYO.xlsx,SALIDAS RAPIFRITOS- MARZO 03,0,4,EMPANADA POLLO QUESO FRITA,UNIDAD,3,,,
EMPANADAS-RAPRITOS__SJME_DF_14MAYO.xlsx,SALIDAS RAPIFRITOS- MARZO 03,0,5,FLAUTA POLLO QUESO CHAMPIÑONES FRITA,UNIDAD,2,,,
EMPANADAS-RAPRITOS__SJME_DF_14MAYO.xlsx,SALIDAS RAPIFRITOS- MARZO 03,0,6,PAPA DE (POLLO CARNE Y MEDIO HUEVO),UNIDAD,1,,,
EMPANADAS-RAPRITOS__SJME_DF_14MAYO.xlsx,SALIDAS RAPIFRITOS- MARZO 03,0,7,AREPA DE HUEVO,UNIDAD,,,,
EMPANADAS-RAPRITOS__SJME_DF_14MAYO.xlsx,SALIDAS RAPIFRITOS- MARZO 03,0,Observaciones:                                                                                                                                                                                                        BE:6(Remision 578120) FALTO 1 EMPANADAS DE YUCA,,,,,,
EMPANADAS-RAPRITOS__SJME_DF_14MAYO.xlsx,SALIDAS RAPIFRITOS- MARZO 03,0,Espacio para Nombre y firma DESPACHADOR,,Espacio para Nombre y firma RECEPTOR,,,,
EMPANADAS-RAPRITOS__SJME_DF_14MAYO.xlsx,SALIDAS RAPIFRITOS- MARZO 03,1,1,EMPANADA HAWAIANA FRITA,UNIDAD,,,,
EMPANADAS-RAPRITOS__SJME_DF_14MAYO.xlsx,SALIDAS RAPIFRITOS- MARZO 03,1,2,EMPANADA DE YUCA (CARNE Y POLLO),UNIDAD,2,,,
EMPANADAS-RAPRITOS__SJME_DF_14MAYO.xlsx,SALIDAS RAPIFRITOS- MARZO 03,1,3,EMPANADA MIXTA DE TRIGO,UNIDAD,,,,
EMPANADAS-RAPRITOS__SJME_DF_14MAYO.xlsx,SALIDAS RAPIFRITOS- MARZO 03,1,4,EMPANADA POLLO QUESO FRITA,UNIDAD,3,,,
EMPANADAS-RAPRITOS__SJME_DF_14MAYO.xlsx,SALIDAS RAPIFRITOS- MARZO 03,1,5,FLAUTA POLLO QUESO CHAMPIÑONES FRITA,UNIDAD,,,,
EMPANADAS-RAPRITOS__SJME_DF_14MAYO.xlsx,SALIDAS RAPIFRITOS- MARZO 03,1,6,PAPA DE (POLLO CARNE Y MEDIO HUEVO),UNIDAD,2,,,
EMPANADAS-RAPRITOS__SJME_DF_14MAYO.xlsx,SALIDAS RAPIFRITOS- MARZO 03,1,7,AREPA DE HUEVO,UNIDAD,,,,
EMPANADAS-RAPRITOS__SJME_DF_14MAYO.xlsx,SALIDAS RAPIFRITOS- MARZO 03,1,Observaciones:                                                                                                                                                                                                        A3:7 (Remision 578118),,,,,,
EMPANADAS-RAPRITOS__SJME_DF_14MAYO.xlsx,SALIDAS RAPIFRITOS- MARZO 03,1,Espacio para Nombre y firma DESPACHADOR,,Espacio para Nombre y firma RECEPTOR,,,,
EMPANADAS-RAPRITOS__SJME_DF_14MAYO.xlsx,SALIDAS RAPIFRITOS- MARZO 03,2,1,EMPANADA HAWAIANA FRITA,UNIDAD,3,,,
EMPANADAS-RAPRITOS__SJME_DF_14MAYO.xlsx,SALIDAS RAPIFRITOS- MARZO 03,2,2,EMPANADA DE YUCA (CARNE Y POLLO),UNIDAD,,,,
EMPANADAS-RAPRITOS__SJME_DF_14MAYO.xlsx,SALIDAS RAPIFRITOS- MARZO 03,2,3,EMPANADA MIXTA DE TRIGO,UNIDAD,5,,,
EMPANADAS-RAPRITOS__SJME_DF_14MAYO.xlsx,SALIDAS RAPIFRITOS- MARZO 03,2,4,EMPANADA POLLO QUESO FRITA,UNIDAD,8,,,
EMPANADAS-RAPRITOS__SJME_DF_14MAYO.xlsx,SALIDAS RAPIFRITOS- MARZO 03,2,5,FLAUTA POLLO QUESO CHAMPIÑONES FRITA,UNIDAD,10,,,
EMPANADAS-RAPRITOS__SJME_DF_14MAYO.xlsx,SALIDAS RAPIFRITOS- MARZO 03,2,6,PAPA DE (POLLO CARNE Y MEDIO HUEVO),UNIDAD,3,,,
EMPANADAS-RAPRITOS__SJME_DF_14MAYO.xlsx,SALIDAS RAPIFRITOS- MARZO 03,2,7,AREPA DE HUEVO,UNIDAD,0,,,
EMPANADAS-RAPRITOS__SJME_DF_14MAYO.xlsx,SALIDAS RAPIFRITOS- MARZO 03,2,Observaciones:                                                                                                                                                                                                        CT: 32 (Remision 578119) FALTARON 3 EMPANADAS DE YUCA,,,,,,
EMPANADAS-RAPRITOS__SJME_DF_14MAYO.xlsx,SALIDAS RAPIFRITOS- MARZO 03,2,Espacio para Nombre y firma DESPACHADOR,,Espacio para Nombre y firma RECEPTOR,,,,
EMPANADAS-RAPRITOS__SJME_DF_14MAYO.xlsx,SALIDAS RAPIFRITOS- MARZO 4,0,1,EMPANADA HAWAIANA FRITA,UNIDAD,,,,
EMPANADAS-RAPRITOS__SJME_DF_14MAYO.xlsx,SALIDAS RAPIFRITOS- MARZO 4,0,2,EMPANADA DE YUCA (CARNE Y POLLO),UNIDAD,1,,,
EMPANADAS-RAPRITOS__SJME_DF_14MAYO.xlsx,SALIDAS RAPIFRITOS- MARZO 4,0,3,EMPANADA MIXTA DE TRIGO,UNIDAD,,,,
EMPANADAS-RAPRITOS__SJME_DF_14MAYO.xlsx,SALIDAS RAPIFRITOS- MARZO 4,0,4,EMPANADA POLLO QUESO FRITA,UNIDAD,3,,,
EMPANADAS-RAPRITOS__SJME_DF_14MAYO.xlsx,SALIDAS RAPIFRITOS- MARZO 4,0,5,FLAUTA POLLO QUESO CHAMPIÑONES FRITA,UNIDAD,2,,,
EMPANADAS-RAPRITOS__SJME_DF_14MAYO.xlsx,SALIDAS RAPIFRITOS- MARZO 4,0,6,PAPA DE (POLLO CARNE Y MEDIO HUEVO),UNIDAD,1,,,
EMPANADAS-RAPRITOS__SJME_DF_14MAYO.xlsx,SALIDAS RAPIFRITOS- MARZO 4,0,7,AREPA DE HUEVO,UNIDAD,,,,
EMPANADAS-RAPRITOS__SJME_DF_14MAYO.xlsx,SALIDAS RAPIFRITOS- MARZO 4,0,Observaciones:                                                                                                                                                                                                        BE:7(Remision 578266),,,,,,
EMPANADAS-RAPRITOS__SJME_DF_14MAYO.xlsx,SALIDAS RAPIFRITOS- MARZO 4,0,Espacio para Nombre y firma DESPACHADOR,,Espacio para Nombre y firma RECEPTOR,,,,
EMPANADAS-RAPRITOS__SJME_DF_14MAYO.xlsx,SALIDAS RAPIFRITOS- MARZO 4,1,1,EMPANADA HAWAIANA FRITA,UNIDAD,,,,
EMPANADAS-RAPRITOS__SJME_DF_14MAYO.xlsx,SALIDAS RAPIFRITOS- MARZO 4,1,2,EMPANADA DE YUCA (CARNE Y POLLO),UNIDAD,2,,,
EMPANADAS-RAPRITOS__SJME_DF_14MAYO.xlsx,SALIDAS RAPIFRITOS- MARZO 4,1,3,EMPANADA MIXTA DE TRIGO,UNIDAD,,,,
EMPANADAS-RAPRITOS__SJME_DF_14MAYO.xlsx,SALIDAS RAPIFRITOS- MARZO 4,1,4,EMPANADA POLLO QUESO FRITA,UNIDAD,3,,,
EMPANADAS-RAPRITOS__SJME_DF_14MAYO.xlsx,SALIDAS RAPIFRITOS- MARZO 4,1,5,FLAUTA POLLO QUESO CHAMPIÑONES FRITA,UNIDAD,,,,
EMPANADAS-RAPRITOS__SJME_DF_14MAYO.xlsx,SALIDAS RAPIFRITOS- MARZO 4,1,6,PAPA DE (POLLO CARNE Y MEDIO HUEVO),UNIDAD,2,,,
EMPANADAS-RAPRITOS__SJME_DF_14MAYO.xlsx,SALIDAS RAPIFRITOS- MARZO 4,1,7,AREPA DE HUEVO,UNIDAD,,,,
EMPANADAS-RAPRITOS__SJME_DF_14MAYO.xlsx,SALIDAS RAPIFRITOS- MARZO 4,1,Observaciones:                                                                                                                                                                                                        A3:7 (Remision 578264),,,,,,
EMPANADAS-RAPRITOS__SJME_DF_14MAYO.xlsx,SALIDAS RAPIFRITOS- MARZO 4,1,Espacio para Nombre y firma DESPACHADOR,,Espacio para Nombre y firma RECEPTOR,,,,
EMPANADAS-RAPRITOS__SJME_DF_14MAYO.xlsx,SALIDAS RAPIFRITOS- MARZO 4,2,1,EMPANADA HAWAIANA FRITA,UNIDAD,3,,,
EMPANADAS-RAPRITOS__SJME_DF_14MAYO.xlsx,SALIDAS RAPIFRITOS- MARZO 4,2,2,EMPANADA DE YUCA (CARNE Y POLLO),UNIDAD,3,,,
EMPANADAS-RAPRITOS__SJME_DF_14MAYO.xlsx,SALIDAS RAPIFRITOS- MARZO 4,2,3,EMPANADA MIXTA DE TRIGO,UNIDAD,5,,,
EMPANADAS-RAPRITOS__SJME_DF_14MAYO.xlsx,SALIDAS RAPIFRITOS- MARZO 4,2,4,EMPANADA POLLO QUESO FRITA,UNIDAD,8,,,
EMPANADAS-RAPRITOS__SJME_DF_14MAYO.xlsx,SALIDAS RAPIFRITOS- MARZO 4,2,5,FLAUTA POLLO QUESO CHAMPIÑONES FRITA,UNIDAD,10,,,
EMPANADAS-RAPRITOS__SJME_DF_14MAYO.xlsx,SALIDAS RAPIFRITOS- MARZO 4,2,6,PAPA DE (POLLO CARNE Y MEDIO HUEVO),UNIDAD,3,,,
EMPANADAS-RAPRITOS__SJME_DF_14MAYO.xlsx,SALIDAS RAPIFRITOS- MARZO 4,2,7,AREPA DE HUEVO,UNIDAD,,,,
EMPANADAS-RAPRITOS__SJME_DF_14MAYO.xlsx,SALIDAS RAPIFRITOS- MARZO 4,2,Observaciones:                                                                                                                                                                                                        CT: 32 (Remision 578265),,,,,,
EMPANADAS-RAPRITOS__SJME_DF_14MAYO.xlsx,SALIDAS RAPIFRITOS- MARZO 4,2,Espacio para Nombre y firma DESPACHADOR,,Espacio para Nombre y firma RECEPTOR,,,,
EMPANADAS-RAPRITOS__SJME_DF_14MAYO.xlsx,SALIDAS RAPIFRITOS- MARZO 5,0,1,EMPANADA HAWAIANA FRITA,UNIDAD,,,,
EMPANADAS-RAPRITOS__SJME_DF_14MAYO.xlsx,SALIDAS RAPIFRITOS- MARZO 5,0,2,EMPANADA DE YUCA (CARNE Y POLLO),UNIDAD,1,,,
EMPANADAS-RAPRITOS__SJME_DF_14MAYO.xlsx,SALIDAS RAPIFRITOS- MARZO 5,0,3,EMPANADA MIXTA DE TRIGO,UNIDAD,,,,
EMPANADAS-RAPRITOS__SJME_DF_14MAYO.xlsx,SALIDAS RAPIFRITOS- MARZO 5,0,4,EMPANADA POLLO QUESO FRITA,UNIDAD,3,,,
EMPANADAS-RAPRITOS__SJME_DF_14MAYO.xlsx,SALIDAS RAPIFRITOS- MARZO 5,0,5,FLAUTA POLLO QUESO CHAMPIÑONES FRITA,UNIDAD,2,,,
EMPANADAS-RAPRITOS__SJME_DF_14MAYO.xlsx,SALIDAS RAPIFRITOS- MARZO 5,0,6,PAPA DE (POLLO CARNE Y MEDIO HUEVO),UNIDAD,1,,,
EMPANADAS-RAPRITOS__SJME_DF_14MAYO.xlsx,SALIDAS RAPIFRITOS- MARZO 5,0,7,AREPA DE HUEVO,UNIDAD,,,,
EMPANADAS-RAPRITOS__SJME_DF_14MAYO.xlsx,SALIDAS RAPIFRITOS- MARZO 5,0,Observaciones:                                                                                                                                                                                                        BE:7(Remision 578382),,,,,,
EMPANADAS-RAPRITOS__SJME_DF_14MAYO.xlsx,SALIDAS RAPIFRITOS- MARZO 5,0,Espacio para Nombre y firma DESPACHADOR,,Espacio para Nombre y firma RECEPTOR,,,,
EMPANADAS-RAPRITOS__SJME_DF_14MAYO.xlsx,SALIDAS RAPIFRITOS- MARZO 5,1,1,EMPANADA HAWAIANA FRITA,UNIDAD,,,,
EMPANADAS-RAPRITOS__SJME_DF_14MAYO.xlsx,SALIDAS RAPIFRITOS- MARZO 5,1,2,EMPANADA DE YUCA (CARNE Y POLLO),UNIDAD,2,,,
EMPANADAS-RAPRITOS__SJME_DF_14MAYO.xlsx,SALIDAS RAPIFRITOS- MARZO 5,1,3,EMPANADA MIXTA DE TRIGO,UNIDAD,,,,
EMPANADAS-RAPRITOS__SJME_DF_14MAYO.xlsx,SALIDAS RAPIFRITOS- MARZO 5,1,4,EMPANADA POLLO QUESO FRITA,UNIDAD,3,,,
EMPANADAS-RAPRITOS__SJME_DF_14MAYO.xlsx,SALIDAS RAPIFRITOS- MARZO 5,1,5,FLAUTA POLLO QUESO CHAMPIÑONES FRITA,UNIDAD,,,,
EMPANADAS-RAPRITOS__SJME_DF_14MAYO.xlsx,SALIDAS RAPIFRITOS- MARZO 5,1,6,PAPA DE (POLLO CARNE Y MEDIO HUEVO),UNIDAD,2,,,
EMPANADAS-RAPRITOS__SJME_DF_14MAYO.xlsx,SALIDAS RAPIFRITOS- MARZO 5,1,7,AREPA DE HUEVO,UNIDAD,,,,
EMPANADAS-RAPRITOS__SJME_DF_14MAYO.xlsx,SALIDAS RAPIFRITOS- MARZO 5,1,Observaciones:                                                                                                                                                                                                        A3:7 (Remision 578380),,,,,,
EMPANADAS-RAPRITOS__SJME_DF_14MAYO.xlsx,SALIDAS RAPIFRITOS- MARZO 5,1,Espacio para Nombre y firma DESPACHADOR,,Espacio para Nombre y firma RECEPTOR,,,,
EMPANADAS-RAPRITOS__SJME_DF_14MAYO.xlsx,SALIDAS RAPIFRITOS- MARZO 5,2,1,EMPANADA HAWAIANA FRITA,UNIDAD,3,,,
EMPANADAS-RAPRITOS__SJME_DF_14MAYO.xlsx,SALIDAS RAPIFRITOS- MARZO 5,2,2,EMPANADA DE YUCA (CARNE Y POLLO),UNIDAD,3,,,
EMPANADAS-RAPRITOS__SJME_DF_14MAYO.xlsx,SALIDAS RAPIFRITOS- MARZO 5,2,3,EMPANADA MIXTA DE TRIGO,UNIDAD,5,,,
EMPANADAS-RAPRITOS__SJME_DF_14MAYO.xlsx,SALIDAS RAPIFRITOS- MARZO 5,2,4,EMPANADA POLLO QUESO FRITA,UNIDAD,8,,,
EMPANADAS-RAPRITOS__SJME_DF_14MAYO.xlsx,SALIDAS RAPIFRITOS- MARZO 5,2,5,FLAUTA POLLO QUESO CHAMPIÑONES FRITA,UNIDAD,10,,,
EMPANADAS-RAPRITOS__SJME_DF_14MAYO.xlsx,SALIDAS RAPIFRITOS- MARZO 5,2,6,PAPA DE (POLLO CARNE Y MEDIO HUEVO),UNIDAD,3,,,
EMPANADAS-RAPRITOS__SJME_DF_14MAYO.xlsx,SALIDAS RAPIFRITOS- MARZO 5,2,7,AREPA DE HUEVO,UNIDAD,,,,
EMPANADAS-RAPRITOS__SJME_DF_14MAYO.xlsx,SALIDAS RAPIFRITOS- MARZO 5,2,Observaciones:                                                                                                                                                                                                        CT: 32 (Remision 578381),,,,,,
EMPANADAS-RAPRITOS__SJME_DF_14MAYO.xlsx,SALIDAS RAPIFRITOS- MARZO 5,2,Espacio para Nombre y firma DESPACHADOR,,Espacio para Nombre y firma RECEPTOR,,,,
EMPANADAS-RAPRITOS__SJME_DF_14MAYO.xlsx,SALIDAS RAPIFRITOS- MARZO006,0,1,EMPANADA HAWAIANA FRITA,UNIDAD,,,,
EMPANADAS-RAPRITOS__SJME_DF_14MAYO.xlsx,SALIDAS RAPIFRITOS- MARZO006,0,2,EMPANADA DE YUCA (CARNE Y POLLO),UNIDAD,1,,,
EMPANADAS-RAPRITOS__SJME_DF_14MAYO.xlsx,SALIDAS RAPIFRITOS- MARZO006,0,3,EMPANADA MIXTA DE TRIGO,UNIDAD,,,,
EMPANADAS-RAPRITOS__SJME_DF_14MAYO.xlsx,SALIDAS RAPIFRITOS- MARZO006,0,4,EMPANADA POLLO QUESO FRITA,UNIDAD,3,,,
EMPANADAS-RAPRITOS__SJME_DF_14MAYO.xlsx,SALIDAS RAPIFRITOS- MARZO006,0,5,FLAUTA POLLO QUESO CHAMPIÑONES FRITA,UNIDAD,2,,,
EMPANADAS-RAPRITOS__SJME_DF_14MAYO.xlsx,SALIDAS RAPIFRITOS- MARZO006,0,6,PAPA DE (POLLO CARNE Y MEDIO HUEVO),UNIDAD,1,,,
EMPANADAS-RAPRITOS__SJME_DF_14MAYO.xlsx,SALIDAS RAPIFRITOS- MARZO006,0,7,AREPA DE HUEVO,UNIDAD,,,,
EMPANADAS-RAPRITOS__SJME_DF_14MAYO.xlsx,SALIDAS RAPIFRITOS- MARZO006,0,Observaciones:                                                                                                                                                                                                        BE:7(Remision 578551),,,,,,
EMPANADAS-RAPRITOS__SJME_DF_14MAYO.xlsx,SALIDAS RAPIFRITOS- MARZO006,0,Espacio para Nombre y firma DESPACHADOR,,Espacio para Nombre y firma RECEPTOR,,,,
EMPANADAS-RAPRITOS__SJME_DF_14MAYO.xlsx,SALIDAS RAPIFRITOS- MARZO006,1,1,EMPANADA HAWAIANA FRITA,UNIDAD,,,,
EMPANADAS-RAPRITOS__SJME_DF_14MAYO.xlsx,SALIDAS RAPIFRITOS- MARZO006,1,2,EMPANADA DE YUCA (CARNE Y POLLO),UNIDAD,2,,,
EMPANADAS-RAPRITOS__SJME_DF_14MAYO.xlsx,SALIDAS RAPIFRITOS- MARZO006,1,3,EMPANADA MIXTA DE TRIGO,UNIDAD,,,,
EMPANADAS-RAPRITOS__SJME_DF_14MAYO.xlsx,SALIDAS RAPIFRITOS- MARZO006,1,4,EMPANADA POLLO QUESO FRITA,UNIDAD,3,,,
EMPANADAS-RAPRITOS__SJME_DF_14MAYO.xlsx,SALIDAS RAPIFRITOS- MARZO006,1,5,FLAUTA POLLO QUESO CHAMPIÑONES FRITA,UNIDAD,,,,
EMPANADAS-RAPRITOS__SJME_DF_14MAYO.xlsx,SALIDAS RAPIFRITOS- MARZO006,1,6,PAPA DE (POLLO CARNE Y MEDIO HUEVO),UNIDAD,2,,,
EMPANADAS-RAPRITOS__SJME_DF_14MAYO.xlsx,SALIDAS RAPIFRITOS- MARZO006,1,7,AREPA DE HUEVO,UNIDAD,,,,
EMPANADAS-RAPRITOS__SJME_DF_14MAYO.xlsx,SALIDAS RAPIFRITOS- MARZO006,1,Observaciones:                                                                                                                                                                                                        A3:7 (Remision 578549),,,,,,
EMPANADAS-RAPRITOS__SJME_DF_14MAYO.xlsx,SALIDAS RAPIFRITOS- MARZO006,1,Espacio para Nombre y firma DESPACHADOR,,Espacio para Nombre y firma RECEPTOR,,,,
EMPANADAS-RAPRITOS__SJME_DF_14MAYO.xlsx,SALIDAS RAPIFRITOS- MARZO006,2,1,EMPANADA HAWAIANA FRITA,UNIDAD,3,,,
EMPANADAS-RAPRITOS__SJME_DF_14MAYO.xlsx,SALIDAS RAPIFRITOS- MARZO006,2,2,EMPANADA DE YUCA (CARNE Y POLLO),UNIDAD,3,,,
EMPANADAS-RAPRITOS__SJME_DF_14MAYO.xlsx,SALIDAS RAPIFRITOS- MARZO006,2,3,EMPANADA MIXTA DE TRIGO,UNIDAD,5,,,
EMPANADAS-RAPRITOS__SJME_DF_14MAYO.xlsx,SALIDAS RAPIFRITOS- MARZO006,2,4,EMPANADA POLLO QUESO FRITA,UNIDAD,8,,,
EMPANADAS-RAPRITOS__SJME_DF_14MAYO.xlsx,SALIDAS RAPIFRITOS- MARZO006,2,5,FLAUTA POLLO QUESO CHAMPIÑONES FRITA,UNIDAD,10,,,
EMPANADAS-RAPRITOS__SJME_DF_14MAYO.xlsx,SALIDAS RAPIFRITOS- MARZO006,2,6,PAPA DE (POLLO CARNE Y MEDIO HUEVO),UNIDAD,3,,,
EMPANADAS-RAPRITOS__SJME_DF_14MAYO.xlsx,SALIDAS RAPIFRITOS- MARZO006,2,7,AREPA DE HUEVO,UNIDAD,,,,
EMPANADAS-RAPRITOS__SJME_DF_14MAYO.xlsx,SALIDAS RAPIFRITOS- MARZO006,2,Observaciones:                                                                                                                                                                                                        CT: 32 (Remision 578550),,,,,,
EMPANADAS-RAPRITOS__SJME_DF_14MAYO.xlsx,SALIDAS RAPIFRITOS- MARZO006,2,Espacio para Nombre y firma DESPACHADOR,,Espacio para Nombre y firma RECEPTOR,,,,
EMPANADAS-RAPRITOS__SJME_DF_14MAYO.xlsx,SALIDAS RAPIFRITOS- MARZO9,0,1,EMPANADA HAWAIANA FRITA,UNIDAD,,,,
EMPANADAS-RAPRITOS__SJME_DF_14MAYO.xlsx,SALIDAS RAPIFRITOS- MARZO9,0,2,EMPANADA DE YUCA (CARNE Y POLLO),UNIDAD,1,,,
EMPANADAS-RAPRITOS__SJME_DF_14MAYO.xlsx,SALIDAS RAPIFRITOS- MARZO9,0,3,EMPANADA MIXTA DE TRIGO,UNIDAD,,,,
EMPANADAS-RAPRITOS__SJME_DF_14MAYO.xlsx,SALIDAS RAPIFRITOS- MARZO9,0,4,EMPANADA POLLO QUESO FRITA,UNIDAD,3,,,
EMPANADAS-RAPRITOS__SJME_DF_14MAYO.xlsx,SALIDAS RAPIFRITOS- MARZO9,0,5,FLAUTA POLLO QUESO CHAMPIÑONES FRITA,UNIDAD,2,,,
EMPANADAS-RAPRITOS__SJME_DF_14MAYO.xlsx,SALIDAS RAPIFRITOS- MARZO9,0,6,PAPA DE (POLLO CARNE Y MEDIO HUEVO),UNIDAD,1,,,
EMPANADAS-RAPRITOS__SJME_DF_14MAYO.xlsx,SALIDAS RAPIFRITOS- MARZO9,0,7,AREPA DE HUEVO,UNIDAD,,,,
EMPANADAS-RAPRITOS__SJME_DF_14MAYO.xlsx,SALIDAS RAPIFRITOS- MARZO9,0,Observaciones:                                                                                                                                                                                                        BE:7(Remision 578944),,,,,,
EMPANADAS-RAPRITOS__SJME_DF_14MAYO.xlsx,SALIDAS RAPIFRITOS- MARZO9,0,Espacio para Nombre y firma DESPACHADOR,,Espacio para Nombre y firma RECEPTOR,,,,
EMPANADAS-RAPRITOS__SJME_DF_14MAYO.xlsx,SALIDAS RAPIFRITOS- MARZO9,1,1,EMPANADA HAWAIANA FRITA,UNIDAD,,,,
EMPANADAS-RAPRITOS__SJME_DF_14MAYO.xlsx,SALIDAS RAPIFRITOS- MARZO9,1,2,EMPANADA DE YUCA (CARNE Y POLLO),UNIDAD,2,,,
EMPANADAS-RAPRITOS__SJME_DF_14MAYO.xlsx,SALIDAS RAPIFRITOS- MARZO9,1,3,EMPANADA MIXTA DE TRIGO,UNIDAD,,,,
EMPANADAS-RAPRITOS__SJME_DF_14MAYO.xlsx,SALIDAS RAPIFRITOS- MARZO9,1,4,EMPANADA POLLO QUESO FRITA,UNIDAD,3,,,
EMPANADAS-RAPRITOS__SJME_DF_14MAYO.xlsx,SALIDAS RAPIFRITOS- MARZO9,1,5,FLAUTA POLLO QUESO CHAMPIÑONES FRITA,UNIDAD,,,,
EMPANADAS-RAPRITOS__SJME_DF_14MAYO.xlsx,SALIDAS RAPIFRITOS- MARZO9,1,6,PAPA DE (POLLO CARNE Y MEDIO HUEVO),UNIDAD,2,,,
EMPANADAS-RAPRITOS__SJME_DF_14MAYO.xlsx,SALIDAS RAPIFRITOS- MARZO9,1,7,AREPA DE HUEVO,UNIDAD,,,,
EMPANADAS-RAPRITOS__SJME_DF_14MAYO.xlsx,SALIDAS RAPIFRITOS- MARZO9,1,Observaciones:                                                                                                                                                                                                        A3:7 (Remision      ),,,,,,
EMPANADAS-RAPRITOS__SJME_DF_14MAYO.xlsx,SALIDAS RAPIFRITOS- MARZO9,1,Espacio para Nombre y firma DESPACHADOR,,Espacio para Nombre y firma RECEPTOR,,,,
EMPANADAS-RAPRITOS__SJME_DF_14MAYO.xlsx,SALIDAS RAPIFRITOS- MARZO9,2,1,EMPANADA HAWAIANA FRITA,UNIDAD,3,,,
EMPANADAS-RAPRITOS__SJME_DF_14MAYO.xlsx,SALIDAS RAPIFRITOS- MARZO9,2,2,EMPANADA DE YUCA (CARNE Y POLLO),UNIDAD,3,,,
EMPANADAS-RAPRITOS__SJME_DF_14MAYO.xlsx,SALIDAS RAPIFRITOS- MARZO9,2,3,EMPANADA MIXTA DE TRIGO,UNIDAD,5,,,
EMPANADAS-RAPRITOS__SJME_DF_14MAYO.xlsx,SALIDAS RAPIFRITOS- MARZO9,2,4,EMPANADA POLLO QUESO FRITA,UNIDAD,8,,,
EMPANADAS-RAPRITOS__SJME_DF_14MAYO.xlsx,SALIDAS RAPIFRITOS- MARZO9,2,5,FLAUTA POLLO QUESO CHAMPIÑONES FRITA,UNIDAD,10,,,
EMPANADAS-RAPRITOS__SJME_DF_14MAYO.xlsx,SALIDAS RAPIFRITOS- MARZO9,2,6,PAPA DE (POLLO CARNE Y MEDIO HUEVO),UNIDAD,3,,,
EMPANADAS-RAPRITOS__SJME_DF_14MAYO.xlsx,SALIDAS RAPIFRITOS- MARZO9,2,7,AREPA DE HUEVO,UNIDAD,,,,
EMPANADAS-RAPRITOS__SJME_DF_14MAYO.xlsx,SALIDAS RAPIFRITOS- MARZO9,2,Observaciones:                                                                                                                                                                                                        CT: 32 (Remision 578943),,,,,,
EMPANADAS-RAPRITOS__SJME_DF_14MAYO.xlsx,SALIDAS RAPIFRITOS- MARZO9,2,Espacio para Nombre y firma DESPACHADOR,,Espacio para Nombre y firma RECEPTOR,,,,
EMPANADAS-RAPRITOS__SJME_DF_14MAYO.xlsx,SALIDAS RAPIFRITOS- MARZO10,0,1,EMPANADA HAWAIANA FRITA,UNIDAD,,,,
EMPANADAS-RAPRITOS__SJME_DF_14MAYO.xlsx,SALIDAS RAPIFRITOS- MARZO10,0,2,EMPANADA DE YUCA (CARNE Y POLLO),UNIDAD,1,,,
EMPANADAS-RAPRITOS__SJME_DF_14MAYO.xlsx,SALIDAS RAPIFRITOS- MARZO10,0,3,EMPANADA MIXTA DE TRIGO,UNIDAD,,,,
EMPANADAS-RAPRITOS__SJME_DF_14MAYO.xlsx,SALIDAS RAPIFRITOS- MARZO10,0,4,EMPANADA POLLO QUESO FRITA,UNIDAD,3,,,
EMPANADAS-RAPRITOS__SJME_DF_14MAYO.xlsx,SALIDAS RAPIFRITOS- MARZO10,0,5,FLAUTA POLLO QUESO CHAMPIÑONES FRITA,UNIDAD,2,,,
EMPANADAS-RAPRITOS__SJME_DF_14MAYO.xlsx,SALIDAS RAPIFRITOS- MARZO10,0,6,PAPA DE (POLLO CARNE Y MEDIO HUEVO),UNIDAD,1,,,
EMPANADAS-RAPRITOS__SJME_DF_14MAYO.xlsx,SALIDAS RAPIFRITOS- MARZO10,0,7,AREPA DE HUEVO,UNIDAD,,,,
EMPANADAS-RAPRITOS__SJME_DF_14MAYO.xlsx,SALIDAS RAPIFRITOS- MARZO10,0,Observaciones:                                                                                                                                                                                                        BE:7(Remision 579112 ),,,,,,
EMPANADAS-RAPRITOS__SJME_DF_14MAYO.xlsx,SALIDAS RAPIFRITOS- MARZO10,0,Espacio para Nombre y firma DESPACHADOR,,Espacio para Nombre y firma RECEPTOR,,,,
EMPANADAS-RAPRITOS__SJME_DF_14MAYO.xlsx,SALIDAS RAPIFRITOS- MARZO10,1,1,EMPANADA HAWAIANA FRITA,UNIDAD,,,,
EMPANADAS-RAPRITOS__SJME_DF_14MAYO.xlsx,SALIDAS RAPIFRITOS- MARZO10,1,2,EMPANADA DE YUCA (CARNE Y POLLO),UNIDAD,2,,,
EMPANADAS-RAPRITOS__SJME_DF_14MAYO.xlsx,SALIDAS RAPIFRITOS- MARZO10,1,3,EMPANADA MIXTA DE TRIGO,UNIDAD,,,,
EMPANADAS-RAPRITOS__SJME_DF_14MAYO.xlsx,SALIDAS RAPIFRITOS- MARZO10,1,4,EMPANADA POLLO QUESO FRITA,UNIDAD,3,,,
EMPANADAS-RAPRITOS__SJME_DF_14MAYO.xlsx,SALIDAS RAPIFRITOS- MARZO10,1,5,FLAUTA POLLO QUESO CHAMPIÑONES FRITA,UNIDAD,,,,
EMPANADAS-RAPRITOS__SJME_DF_14MAYO.xlsx,SALIDAS RAPIFRITOS- MARZO10,1,6,PAPA DE (POLLO CARNE Y MEDIO HUEVO),UNIDAD,2,,,
EMPANADAS-RAPRITOS__SJME_DF_14MAYO.xlsx,SALIDAS RAPIFRITOS- MARZO10,1,7,AREPA DE HUEVO,UNIDAD,,,,
EMPANADAS-RAPRITOS__SJME_DF_14MAYO.xlsx,SALIDAS RAPIFRITOS- MARZO10,1,Observaciones:                                                                                                                                                                                                        A3:7 (Remision 579110 ),,,,,,
EMPANADAS-RAPRITOS__SJME_DF_14MAYO.xlsx,SALIDAS RAPIFRITOS- MARZO10,1,Espacio para Nombre y firma DESPACHADOR,,Espacio para Nombre y firma RECEPTOR,,,,
EMPANADAS-RAPRITOS__SJME_DF_14MAYO.xlsx,SALIDAS RAPIFRITOS- MARZO10,2,1,EMPANADA HAWAIANA FRITA,UNIDAD,3,,,
EMPANADAS-RAPRITOS__SJME_DF_14MAYO.xlsx,SALIDAS RAPIFRITOS- MARZO10,2,2,EMPANADA DE YUCA (CARNE Y POLLO),UNIDAD,3,,,
EMPANADAS-RAPRITOS__SJME_DF_14MAYO.xlsx,SALIDAS RAPIFRITOS- MARZO10,2,3,EMPANADA MIXTA DE TRIGO,UNIDAD,5,,,
EMPANADAS-RAPRITOS__SJME_DF_14MAYO.xlsx,SALIDAS RAPIFRITOS- MARZO10,2,4,EMPANADA POLLO QUESO FRITA,UNIDAD,8,,,
EMPANADAS-RAPRITOS__SJME_DF_14MAYO.xlsx,SALIDAS RAPIFRITOS- MARZO10,2,5,FLAUTA POLLO QUESO CHAMPIÑONES FRITA,UNIDAD,10,,,
EMPANADAS-RAPRITOS__SJME_DF_14MAYO.xlsx,SALIDAS RAPIFRITOS- MARZO10,2,6,PAPA DE (POLLO CARNE Y MEDIO HUEVO),UNIDAD,3,,,
EMPANADAS-RAPRITOS__SJME_DF_14MAYO.xlsx,SALIDAS RAPIFRITOS- MARZO10,2,7,AREPA DE HUEVO,UNIDAD,,,,
EMPANADAS-RAPRITOS__SJME_DF_14MAYO.xlsx,SALIDAS RAPIFRITOS- MARZO10,2,Observaciones:                                                                                                                                                                                                        CT: 32 (Remision 579111),,,,,,
EMPANADAS-RAPRITOS__SJME_DF_14MAYO.xlsx,SALIDAS RAPIFRITOS- MARZO10,2,Espacio para Nombre y firma DESPACHADOR,,Espacio para Nombre y firma RECEPTOR,,,,
EMPANADAS-RAPRITOS__SJME_DF_14MAYO.xlsx,SALIDAS RAPIFRITOS- MARZO11,0,1,EMPANADA HAWAIANA FRITA,UNIDAD,,,,
EMPANADAS-RAPRITOS__SJME_DF_14MAYO.xlsx,SALIDAS RAPIFRITOS- MARZO11,0,2,EMPANADA DE YUCA (CARNE Y POLLO),UNIDAD,1,,,
EMPANADAS-RAPRITOS__SJME_DF_14MAYO.xlsx,SALIDAS RAPIFRITOS- MARZO11,0,3,EMPANADA MIXTA DE TRIGO,UNIDAD,,,,
EMPANADAS-RAPRITOS__SJME_DF_14MAYO.xlsx,SALIDAS RAPIFRITOS- MARZO11,0,4,EMPANADA POLLO QUESO FRITA,UNIDAD,3,,,
EMPANADAS-RAPRITOS__SJME_DF_14MAYO.xlsx,SALIDAS RAPIFRITOS- MARZO11,0,5,FLAUTA POLLO QUESO CHAMPIÑONES FRITA,UNIDAD,2,,,
EMPANADAS-RAPRITOS__SJME_DF_14MAYO.xlsx,SALIDAS RAPIFRITOS- MARZO11,0,6,PAPA DE (POLLO CARNE Y MEDIO HUEVO),UNIDAD,1,,,
EMPANADAS-RAPRITOS__SJME_DF_14MAYO.xlsx,SALIDAS RAPIFRITOS- MARZO11,0,7,AREPA DE HUEVO,UNIDAD,,,,
EMPANADAS-RAPRITOS__SJME_DF_14MAYO.xlsx,SALIDAS RAPIFRITOS- MARZO11,0,Observaciones:                                                                                                                                                                                                        BE:7(Remision 579234),,,,,,
EMPANADAS-RAPRITOS__SJME_DF_14MAYO.xlsx,SALIDAS RAPIFRITOS- MARZO11,0,Espacio para Nombre y firma DESPACHADOR,,Espacio para Nombre y firma RECEPTOR,,,,
EMPANADAS-RAPRITOS__SJME_DF_14MAYO.xlsx,SALIDAS RAPIFRITOS- MARZO11,1,1,EMPANADA HAWAIANA FRITA,UNIDAD,,,,
EMPANADAS-RAPRITOS__SJME_DF_14MAYO.xlsx,SALIDAS RAPIFRITOS- MARZO11,1,2,EMPANADA DE YUCA (CARNE Y POLLO),UNIDAD,2,,,
EMPANADAS-RAPRITOS__SJME_DF_14MAYO.xlsx,SALIDAS RAPIFRITOS- MARZO11,1,3,EMPANADA MIXTA DE TRIGO,UNIDAD,,,,
EMPANADAS-RAPRITOS__SJME_DF_14MAYO.xlsx,SALIDAS RAPIFRITOS- MARZO11,1,4,EMPANADA POLLO QUESO FRITA,UNIDAD,3,,,
EMPANADAS-RAPRITOS__SJME_DF_14MAYO.xlsx,SALIDAS RAPIFRITOS- MARZO11,1,5,FLAUTA POLLO QUESO CHAMPIÑONES FRITA,UNIDAD,,,,
EMPANADAS-RAPRITOS__SJME_DF_14MAYO.xlsx,SALIDAS RAPIFRITOS- MARZO11,1,6,PAPA DE (POLLO CARNE Y MEDIO HUEVO),UNIDAD,2,,,
EMPANADAS-RAPRITOS__SJME_DF_14MAYO.xlsx,SALIDAS RAPIFRITOS- MARZO11,1,7,AREPA DE HUEVO,UNIDAD,,,,
EMPANADAS-RAPRITOS__SJME_DF_14MAYO.xlsx,SALIDAS RAPIFRITOS- MARZO11,1,Observaciones:                                                                                                                                                                                                        A3:7 (Remision 579232),,,,,,
EMPANADAS-RAPRITOS__SJME_DF_14MAYO.xlsx,SALIDAS RAPIFRITOS- MARZO11,1,Espacio para Nombre y firma DESPACHADOR,,Espacio para Nombre y firma RECEPTOR,,,,
EMPANADAS-RAPRITOS__SJME_DF_14MAYO.xlsx,SALIDAS RAPIFRITOS- MARZO11,2,1,EMPANADA HAWAIANA FRITA,UNIDAD,3,,,
EMPANADAS-RAPRITOS__SJME_DF_14MAYO.xlsx,SALIDAS RAPIFRITOS- MARZO11,2,2,EMPANADA DE YUCA (CARNE Y POLLO),UNIDAD,3,,,
EMPANADAS-RAPRITOS__SJME_DF_14MAYO.xlsx,SALIDAS RAPIFRITOS- MARZO11,2,3,EMPANADA MIXTA DE TRIGO,UNIDAD,5,,,
EMPANADAS-RAPRITOS__SJME_DF_14MAYO.xlsx,SALIDAS RAPIFRITOS- MARZO11,2,4,EMPANADA POLLO QUESO FRITA,UNIDAD,8,,,
EMPANADAS-RAPRITOS__SJME_DF_14MAYO.xlsx,SALIDAS RAPIFRITOS- MARZO11,2,5,FLAUTA POLLO QUESO CHAMPIÑONES FRITA,UNIDAD,10,,,
EMPANADAS-RAPRITOS__SJME_DF_14MAYO.xlsx,SALIDAS RAPIFRITOS- MARZO11,2,6,PAPA DE (POLLO CARNE Y MEDIO HUEVO),UNIDAD,3,,,
EMPANADAS-RAPRITOS__SJME_DF_14MAYO.xlsx,SALIDAS RAPIFRITOS- MARZO11,2,7,AREPA DE HUEVO,UNIDAD,,,,
EMPANADAS-RAPRITOS__SJME_DF_14MAYO.xlsx,SALIDAS RAPIFRITOS- MARZO11,2,Observaciones:                                                                                                                                                                                                        CT: 32 (Remision 579233),,,,,,
EMPANADAS-RAPRITOS__SJME_DF_14MAYO.xlsx,SALIDAS RAPIFRITOS- MARZO11,2,Espacio para Nombre y firma DESPACHADOR,,Espacio para Nombre y firma RECEPTOR,,,,
EMPANADAS-RAPRITOS__SJME_DF_14MAYO.xlsx,SALIDAS RAPIFRITOS- MARZO 12,0,1,EMPANADA HAWAIANA FRITA,UNIDAD,,,,
EMPANADAS-RAPRITOS__SJME_DF_14MAYO.xlsx,SALIDAS RAPIFRITOS- MARZO 12,0,2,EMPANADA DE YUCA (CARNE Y POLLO),UNIDAD,1,,,
EMPANADAS-RAPRITOS__SJME_DF_14MAYO.xlsx,SALIDAS RAPIFRITOS- MARZO 12,0,3,EMPANADA MIXTA DE TRIGO,UNIDAD,2,,,
EMPANADAS-RAPRITOS__SJME_DF_14MAYO.xlsx,SALIDAS RAPIFRITOS- MARZO 12,0,4,EMPANADA POLLO QUESO FRITA,UNIDAD,5,,,
EMPANADAS-RAPRITOS__SJME_DF_14MAYO.xlsx,SALIDAS RAPIFRITOS- MARZO 12,0,5,FLAUTA POLLO QUESO CHAMPIÑONES FRITA,UNIDAD,2,,,
EMPANADAS-RAPRITOS__SJME_DF_14MAYO.xlsx,SALIDAS RAPIFRITOS- MARZO 12,0,6,PAPA DE (POLLO CARNE Y MEDIO HUEVO),UNIDAD,2,,,
EMPANADAS-RAPRITOS__SJME_DF_14MAYO.xlsx,SALIDAS RAPIFRITOS- MARZO 12,0,7,AREPA DE HUEVO,UNIDAD,,,,
EMPANADAS-RAPRITOS__SJME_DF_14MAYO.xlsx,SALIDAS RAPIFRITOS- MARZO 12,0,Observaciones:                                                                                                                                                                                                        BE:12(Remision 5796391),,,,,,
EMPANADAS-RAPRITOS__SJME_DF_14MAYO.xlsx,SALIDAS RAPIFRITOS- MARZO 12,0,Espacio para Nombre y firma DESPACHADOR,,Espacio para Nombre y firma RECEPTOR,,,,
EMPANADAS-RAPRITOS__SJME_DF_14MAYO.xlsx,SALIDAS RAPIFRITOS- MARZO 12,1,1,EMPANADA HAWAIANA FRITA,UNIDAD,1,,,
EMPANADAS-RAPRITOS__SJME_DF_14MAYO.xlsx,SALIDAS RAPIFRITOS- MARZO 12,1,2,EMPANADA DE YUCA (CARNE Y POLLO),UNIDAD,2,,,
EMPANADAS-RAPRITOS__SJME_DF_14MAYO.xlsx,SALIDAS RAPIFRITOS- MARZO 12,1,3,EMPANADA MIXTA DE TRIGO,UNIDAD,1,,,
EMPANADAS-RAPRITOS__SJME_DF_14MAYO.xlsx,SALIDAS RAPIFRITOS- MARZO 12,1,4,EMPANADA POLLO QUESO FRITA,UNIDAD,1,,,
EMPANADAS-RAPRITOS__SJME_DF_14MAYO.xlsx,SALIDAS RAPIFRITOS- MARZO 12,1,5,FLAUTA POLLO QUESO CHAMPIÑONES FRITA,UNIDAD,2,,,
EMPANADAS-RAPRITOS__SJME_DF_14MAYO.xlsx,SALIDAS RAPIFRITOS- MARZO 12,1,6,PAPA DE (POLLO CARNE Y MEDIO HUEVO),UNIDAD,2,,,
EMPANADAS-RAPRITOS__SJME_DF_14MAYO.xlsx,SALIDAS RAPIFRITOS- MARZO 12,1,7,AREPA DE HUEVO,UNIDAD,,,,
EMPANADAS-RAPRITOS__SJME_DF_14MAYO.xlsx,SALIDAS RAPIFRITOS- MARZO 12,1,Observaciones:                                                                                                                                                                                                        A3:9 (Remision  579389),,,,,,
EMPANADAS-RAPRITOS__SJME_DF_14MAYO.xlsx,SALIDAS RAPIFRITOS- MARZO 12,1,Espacio para Nombre y firma DESPACHADOR,,Espacio para Nombre y firma RECEPTOR,,,,
EMPANADAS-RAPRITOS__SJME_DF_14MAYO.xlsx,SALIDAS RAPIFRITOS- MARZO 12,2,1,EMPANADA HAWAIANA FRITA,UNIDAD,3,,,
EMPANADAS-RAPRITOS__SJME_DF_14MAYO.xlsx,SALIDAS RAPIFRITOS- MARZO 12,2,2,EMPANADA DE YUCA (CARNE Y POLLO),UNIDAD,2,,,
EMPANADAS-RAPRITOS__SJME_DF_14MAYO.xlsx,SALIDAS RAPIFRITOS- MARZO 12,2,3,EMPANADA MIXTA DE TRIGO,UNIDAD,7,,,
EMPANADAS-RAPRITOS__SJME_DF_14MAYO.xlsx,SALIDAS RAPIFRITOS- MARZO 12,2,4,EMPANADA POLLO QUESO FRITA,UNIDAD,23,,,
EMPANADAS-RAPRITOS__SJME_DF_14MAYO.xlsx,SALIDAS RAPIFRITOS- MARZO 12,2,5,FLAUTA POLLO QUESO CHAMPIÑONES FRITA,UNIDAD,10,,,
EMPANADAS-RAPRITOS__SJME_DF_14MAYO.xlsx,SALIDAS RAPIFRITOS- MARZO 12,2,6,PAPA DE (POLLO CARNE Y MEDIO HUEVO),UNIDAD,3,,,
EMPANADAS-RAPRITOS__SJME_DF_14MAYO.xlsx,SALIDAS RAPIFRITOS- MARZO 12,2,7,AREPA DE HUEVO,UNIDAD,,,,
EMPANADAS-RAPRITOS__SJME_DF_14MAYO.xlsx,SALIDAS RAPIFRITOS- MARZO 12,2,Observaciones:                                                                                                                                                                                                        CT: 32 (Remision 579390),,,,,,
EMPANADAS-RAPRITOS__SJME_DF_14MAYO.xlsx,SALIDAS RAPIFRITOS- MARZO 12,2,Espacio para Nombre y firma DESPACHADOR,,Espacio para Nombre y firma RECEPTOR,,,,
EMPANADAS-RAPRITOS__SJME_DF_14MAYO.xlsx,SALIDAS RAPIFRITOS- MARZO 13,0,1,EMPANADA HAWAIANA FRITA,UNIDAD,,,,
EMPANADAS-RAPRITOS__SJME_DF_14MAYO.xlsx,SALIDAS RAPIFRITOS- MARZO 13,0,2,EMPANADA DE YUCA (CARNE Y POLLO),UNIDAD,1,,,
EMPANADAS-RAPRITOS__SJME_DF_14MAYO.xlsx,SALIDAS RAPIFRITOS- MARZO 13,0,3,EMPANADA MIXTA DE TRIGO,UNIDAD,,,,
EMPANADAS-RAPRITOS__SJME_DF_14MAYO.xlsx,SALIDAS RAPIFRITOS- MARZO 13,0,4,EMPANADA POLLO QUESO FRITA,UNIDAD,3,,,
EMPANADAS-RAPRITOS__SJME_DF_14MAYO.xlsx,SALIDAS RAPIFRITOS- MARZO 13,0,5,FLAUTA POLLO QUESO CHAMPIÑONES FRITA,UNIDAD,2,,,
EMPANADAS-RAPRITOS__SJME_DF_14MAYO.xlsx,SALIDAS RAPIFRITOS- MARZO 13,0,6,PAPA DE (POLLO CARNE Y MEDIO HUEVO),UNIDAD,2,,,
EMPANADAS-RAPRITOS__SJME_DF_14MAYO.xlsx,SALIDAS RAPIFRITOS- MARZO 13,0,7,AREPA DE HUEVO,UNIDAD,,,,
EMPANADAS-RAPRITOS__SJME_DF_14MAYO.xlsx,SALIDAS RAPIFRITOS- MARZO 13,0,Observaciones:                                                                                                                                                                                                        BE:7(Remision 579527),,,,,,
EMPANADAS-RAPRITOS__SJME_DF_14MAYO.xlsx,SALIDAS RAPIFRITOS- MARZO 13,0,Espacio para Nombre y firma DESPACHADOR,,Espacio para Nombre y firma RECEPTOR,,,,
EMPANADAS-RAPRITOS__SJME_DF_14MAYO.xlsx,SALIDAS RAPIFRITOS- MARZO 13,1,1,EMPANADA HAWAIANA FRITA,UNIDAD,,,,
EMPANADAS-RAPRITOS__SJME_DF_14MAYO.xlsx,SALIDAS RAPIFRITOS- MARZO 13,1,2,EMPANADA DE YUCA (CARNE Y POLLO),UNIDAD,2,,,
EMPANADAS-RAPRITOS__SJME_DF_14MAYO.xlsx,SALIDAS RAPIFRITOS- MARZO 13,1,3,EMPANADA MIXTA DE TRIGO,UNIDAD,,,,
EMPANADAS-RAPRITOS__SJME_DF_14MAYO.xlsx,SALIDAS RAPIFRITOS- MARZO 13,1,4,EMPANADA POLLO QUESO FRITA,UNIDAD,,,,
EMPANADAS-RAPRITOS__SJME_DF_14MAYO.xlsx,SALIDAS RAPIFRITOS- MARZO 13,1,5,FLAUTA POLLO QUESO CHAMPIÑONES FRITA,UNIDAD,1,,,
EMPANADAS-RAPRITOS__SJME_DF_14MAYO.xlsx,SALIDAS RAPIFRITOS- MARZO 13,1,6,PAPA DE (POLLO CARNE Y MEDIO HUEVO),UNIDAD,1,,,
EMPANADAS-RAPRITOS__SJME_DF_14MAYO.xlsx,SALIDAS RAPIFRITOS- MARZO 13,1,7,AREPA DE HUEVO,UNIDAD,,,,
EMPANADAS-RAPRITOS__SJME_DF_14MAYO.xlsx,SALIDAS RAPIFRITOS- MARZO 13,1,Observaciones:                                                                                                                                                                                                        A3:4 (Remision 579525 ),,,,,,
EMPANADAS-RAPRITOS__SJME_DF_14MAYO.xlsx,SALIDAS RAPIFRITOS- MARZO 13,1,Espacio para Nombre y firma DESPACHADOR,,Espacio para Nombre y firma RECEPTOR,,,,
EMPANADAS-RAPRITOS__SJME_DF_14MAYO.xlsx,SALIDAS RAPIFRITOS- MARZO 13,2,1,EMPANADA HAWAIANA FRITA,UNIDAD,3,,,
EMPANADAS-RAPRITOS__SJME_DF_14MAYO.xlsx,SALIDAS RAPIFRITOS- MARZO 13,2,2,EMPANADA DE YUCA (CARNE Y POLLO),UNIDAD,3,,,
EMPANADAS-RAPRITOS__SJME_DF_14MAYO.xlsx,SALIDAS RAPIFRITOS- MARZO 13,2,3,EMPANADA MIXTA DE TRIGO,UNIDAD,7,,,
EMPANADAS-RAPRITOS__SJME_DF_14MAYO.xlsx,SALIDAS RAPIFRITOS- MARZO 13,2,4,EMPANADA POLLO QUESO FRITA,UNIDAD,10,,,
EMPANADAS-RAPRITOS__SJME_DF_14MAYO.xlsx,SALIDAS RAPIFRITOS- MARZO 13,2,5,FLAUTA POLLO QUESO CHAMPIÑONES FRITA,UNIDAD,10,,,
EMPANADAS-RAPRITOS__SJME_DF_14MAYO.xlsx,SALIDAS RAPIFRITOS- MARZO 13,2,6,PAPA DE (POLLO CARNE Y MEDIO HUEVO),UNIDAD,3,,,
EMPANADAS-RAPRITOS__SJME_DF_14MAYO.xlsx,SALIDAS RAPIFRITOS- MARZO 13,2,7,AREPA DE HUEVO,UNIDAD,,,,
EMPANADAS-RAPRITOS__SJME_DF_14MAYO.xlsx,SALIDAS RAPIFRITOS- MARZO 13,2,Observaciones:                                                                                                                                                                                                        CT: 32 (Remision 579526),,,,,,
EMPANADAS-RAPRITOS__SJME_DF_14MAYO.xlsx,SALIDAS RAPIFRITOS- MARZO 13,2,Espacio para Nombre y firma DESPACHADOR,,Espacio para Nombre y firma RECEPTOR,,,,
EMPANADAS-RAPRITOS__SJME_DF_14MAYO.xlsx,SALIDAS RAPIFRITOS- MARZO 16,0,1,EMPANADA HAWAIANA FRITA,UNIDAD,,,,
EMPANADAS-RAPRITOS__SJME_DF_14MAYO.xlsx,SALIDAS RAPIFRITOS- MARZO 16,0,2,EMPANADA DE YUCA (CARNE Y POLLO),UNIDAD,1,,,
EMPANADAS-RAPRITOS__SJME_DF_14MAYO.xlsx,SALIDAS RAPIFRITOS- MARZO 16,0,3,EMPANADA MIXTA DE TRIGO,UNIDAD,2,,,
EMPANADAS-RAPRITOS__SJME_DF_14MAYO.xlsx,SALIDAS RAPIFRITOS- MARZO 16,0,4,EMPANADA POLLO QUESO FRITA,UNIDAD,5,,,
EMPANADAS-RAPRITOS__SJME_DF_14MAYO.xlsx,SALIDAS RAPIFRITOS- MARZO 16,0,5,FLAUTA POLLO QUESO CHAMPIÑONES FRITA,UNIDAD,2,,,
EMPANADAS-RAPRITOS__SJME_DF_14MAYO.xlsx,SALIDAS RAPIFRITOS- MARZO 16,0,6,PAPA DE (POLLO CARNE Y MEDIO HUEVO),UNIDAD,2,,,
EMPANADAS-RAPRITOS__SJME_DF_14MAYO.xlsx,SALIDAS RAPIFRITOS- MARZO 16,0,7,AREPA DE HUEVO,UNIDAD,,,,
EMPANADAS-RAPRITOS__SJME_DF_14MAYO.xlsx,SALIDAS RAPIFRITOS- MARZO 16,0,Observaciones:                                                                                                                                                                                                        BE:7(Remision 579885),,,,,,
EMPANADAS-RAPRITOS__SJME_DF_14MAYO.xlsx,SALIDAS RAPIFRITOS- MARZO 16,0,Espacio para Nombre y firma DESPACHADOR,,Espacio para Nombre y firma RECEPTOR,,,,
EMPANADAS-RAPRITOS__SJME_DF_14MAYO.xlsx,SALIDAS RAPIFRITOS- MARZO 16,1,1,EMPANADA HAWAIANA FRITA,UNIDAD,1,,,
EMPANADAS-RAPRITOS__SJME_DF_14MAYO.xlsx,SALIDAS RAPIFRITOS- MARZO 16,1,2,EMPANADA DE YUCA (CARNE Y POLLO),UNIDAD,2,,,
EMPANADAS-RAPRITOS__SJME_DF_14MAYO.xlsx,SALIDAS RAPIFRITOS- MARZO 16,1,3,EMPANADA MIXTA DE TRIGO,UNIDAD,1,,,
EMPANADAS-RAPRITOS__SJME_DF_14MAYO.xlsx,SALIDAS RAPIFRITOS- MARZO 16,1,4,EMPANADA POLLO QUESO FRITA,UNIDAD,1,,,
EMPANADAS-RAPRITOS__SJME_DF_14MAYO.xlsx,SALIDAS RAPIFRITOS- MARZO 16,1,5,FLAUTA POLLO QUESO CHAMPIÑONES FRITA,UNIDAD,2,,,
EMPANADAS-RAPRITOS__SJME_DF_14MAYO.xlsx,SALIDAS RAPIFRITOS- MARZO 16,1,6,PAPA DE (POLLO CARNE Y MEDIO HUEVO),UNIDAD,2,,,
EMPANADAS-RAPRITOS__SJME_DF_14MAYO.xlsx,SALIDAS RAPIFRITOS- MARZO 16,1,7,AREPA DE HUEVO,UNIDAD,,,,
EMPANADAS-RAPRITOS__SJME_DF_14MAYO.xlsx,SALIDAS RAPIFRITOS- MARZO 16,1,Observaciones:                                                                                                                                                                                                        A3:9 (Remisio 579883 ),,,,,,
EMPANADAS-RAPRITOS__SJME_DF_14MAYO.xlsx,SALIDAS RAPIFRITOS- MARZO 16,1,Espacio para Nombre y firma DESPACHADOR,,Espacio para Nombre y firma RECEPTOR,,,,
EMPANADAS-RAPRITOS__SJME_DF_14MAYO.xlsx,SALIDAS RAPIFRITOS- MARZO 16,2,1,EMPANADA HAWAIANA FRITA,UNIDAD,3,,,
EMPANADAS-RAPRITOS__SJME_DF_14MAYO.xlsx,SALIDAS RAPIFRITOS- MARZO 16,2,2,EMPANADA DE YUCA (CARNE Y POLLO),UNIDAD,3,,,
EMPANADAS-RAPRITOS__SJME_DF_14MAYO.xlsx,SALIDAS RAPIFRITOS- MARZO 16,2,3,EMPANADA MIXTA DE TRIGO,UNIDAD,7,,,
EMPANADAS-RAPRITOS__SJME_DF_14MAYO.xlsx,SALIDAS RAPIFRITOS- MARZO 16,2,4,EMPANADA POLLO QUESO FRITA,UNIDAD,10,,,
EMPANADAS-RAPRITOS__SJME_DF_14MAYO.xlsx,SALIDAS RAPIFRITOS- MARZO 16,2,5,FLAUTA POLLO QUESO CHAMPIÑONES FRITA,UNIDAD,10,,,
EMPANADAS-RAPRITOS__SJME_DF_14MAYO.xlsx,SALIDAS RAPIFRITOS- MARZO 16,2,6,PAPA DE (POLLO CARNE Y MEDIO HUEVO),UNIDAD,3,,,
EMPANADAS-RAPRITOS__SJME_DF_14MAYO.xlsx,SALIDAS RAPIFRITOS- MARZO 16,2,7,AREPA DE HUEVO,UNIDAD,,,,
EMPANADAS-RAPRITOS__SJME_DF_14MAYO.xlsx,SALIDAS RAPIFRITOS- MARZO 16,2,Observaciones:                                                                                                                                                                                                        CT: 32 (Remision 579884),,,,,,
EMPANADAS-RAPRITOS__SJME_DF_14MAYO.xlsx,SALIDAS RAPIFRITOS- MARZO 16,2,Espacio para Nombre y firma DESPACHADOR,,Espacio para Nombre y firma RECEPTOR,,,,
EMPANADAS-RAPRITOS__SJME_DF_14MAYO.xlsx,SALIDAS RAPIFRITOS- MARZO 17,0,1,EMPANADA HAWAIANA FRITA,UNIDAD,,,,
EMPANADAS-RAPRITOS__SJME_DF_14MAYO.xlsx,SALIDAS RAPIFRITOS- MARZO 17,0,2,EMPANADA DE YUCA (CARNE Y POLLO),UNIDAD,1,,,
EMPANADAS-RAPRITOS__SJME_DF_14MAYO.xlsx,SALIDAS RAPIFRITOS- MARZO 17,0,3,EMPANADA MIXTA DE TRIGO,UNIDAD,2,,,
EMPANADAS-RAPRITOS__SJME_DF_14MAYO.xlsx,SALIDAS RAPIFRITOS- MARZO 17,0,4,EMPANADA POLLO QUESO FRITA,UNIDAD,5,,,
EMPANADAS-RAPRITOS__SJME_DF_14MAYO.xlsx,SALIDAS RAPIFRITOS- MARZO 17,0,5,FLAUTA POLLO QUESO CHAMPIÑONES FRITA,UNIDAD,2,,,
EMPANADAS-RAPRITOS__SJME_DF_14MAYO.xlsx,SALIDAS RAPIFRITOS- MARZO 17,0,6,PAPA DE (POLLO CARNE Y MEDIO HUEVO),UNIDAD,2,,,
EMPANADAS-RAPRITOS__SJME_DF_14MAYO.xlsx,SALIDAS RAPIFRITOS- MARZO 17,0,7,AREPA DE HUEVO,UNIDAD,,,,
EMPANADAS-RAPRITOS__SJME_DF_14MAYO.xlsx,SALIDAS RAPIFRITOS- MARZO 17,0,Observaciones:                                                                                                                                                                                                        BE:12(Remision 580038),,,,,,
EMPANADAS-RAPRITOS__SJME_DF_14MAYO.xlsx,SALIDAS RAPIFRITOS- MARZO 17,0,Espacio para Nombre y firma DESPACHADOR,,Espacio para Nombre y firma RECEPTOR,,,,
EMPANADAS-RAPRITOS__SJME_DF_14MAYO.xlsx,SALIDAS RAPIFRITOS- MARZO 17,1,1,EMPANADA HAWAIANA FRITA,UNIDAD,1,,,
EMPANADAS-RAPRITOS__SJME_DF_14MAYO.xlsx,SALIDAS RAPIFRITOS- MARZO 17,1,2,EMPANADA DE YUCA (CARNE Y POLLO),UNIDAD,2,,,
EMPANADAS-RAPRITOS__SJME_DF_14MAYO.xlsx,SALIDAS RAPIFRITOS- MARZO 17,1,3,EMPANADA MIXTA DE TRIGO,UNIDAD,1,,,
EMPANADAS-RAPRITOS__SJME_DF_14MAYO.xlsx,SALIDAS RAPIFRITOS- MARZO 17,1,4,EMPANADA POLLO QUESO FRITA,UNIDAD,1,,,
EMPANADAS-RAPRITOS__SJME_DF_14MAYO.xlsx,SALIDAS RAPIFRITOS- MARZO 17,1,5,FLAUTA POLLO QUESO CHAMPIÑONES FRITA,UNIDAD,2,,,
EMPANADAS-RAPRITOS__SJME_DF_14MAYO.xlsx,SALIDAS RAPIFRITOS- MARZO 17,1,6,PAPA DE (POLLO CARNE Y MEDIO HUEVO),UNIDAD,2,,,
EMPANADAS-RAPRITOS__SJME_DF_14MAYO.xlsx,SALIDAS RAPIFRITOS- MARZO 17,1,7,AREPA DE HUEVO,UNIDAD,,,,
EMPANADAS-RAPRITOS__SJME_DF_14MAYO.xlsx,SALIDAS RAPIFRITOS- MARZO 17,1,Observaciones:                                                                                                                                                                                                        A3:9 (Remisio 580024 ),,,,,,
EMPANADAS-RAPRITOS__SJME_DF_14MAYO.xlsx,SALIDAS RAPIFRITOS- MARZO 17,1,Espacio para Nombre y firma DESPACHADOR,,Espacio para Nombre y firma RECEPTOR,,,,
EMPANADAS-RAPRITOS__SJME_DF_14MAYO.xlsx,SALIDAS RAPIFRITOS- MARZO 17,2,1,EMPANADA HAWAIANA FRITA,UNIDAD,3,,,
EMPANADAS-RAPRITOS__SJME_DF_14MAYO.xlsx,SALIDAS RAPIFRITOS- MARZO 17,2,2,EMPANADA DE YUCA (CARNE Y POLLO),UNIDAD,3,,,
EMPANADAS-RAPRITOS__SJME_DF_14MAYO.xlsx,SALIDAS RAPIFRITOS- MARZO 17,2,3,EMPANADA MIXTA DE TRIGO,UNIDAD,7,,,
EMPANADAS-RAPRITOS__SJME_DF_14MAYO.xlsx,SALIDAS RAPIFRITOS- MARZO 17,2,4,EMPANADA POLLO QUESO FRITA,UNIDAD,10,,,
EMPANADAS-RAPRITOS__SJME_DF_14MAYO.xlsx,SALIDAS RAPIFRITOS- MARZO 17,2,5,FLAUTA POLLO QUESO CHAMPIÑONES FRITA,UNIDAD,24,,,
EMPANADAS-RAPRITOS__SJME_DF_14MAYO.xlsx,SALIDAS RAPIFRITOS- MARZO 17,2,6,PAPA DE (POLLO CARNE Y MEDIO HUEVO),UNIDAD,3,,,
EMPANADAS-RAPRITOS__SJME_DF_14MAYO.xlsx,SALIDAS RAPIFRITOS- MARZO 17,2,7,AREPA DE HUEVO,UNIDAD,,,,
EMPANADAS-RAPRITOS__SJME_DF_14MAYO.xlsx,SALIDAS RAPIFRITOS- MARZO 17,2,Observaciones:                                                                                                                                                                                                        CT: 50 (Remision 580025),,,,,,
EMPANADAS-RAPRITOS__SJME_DF_14MAYO.xlsx,SALIDAS RAPIFRITOS- MARZO 17,2,Espacio para Nombre y firma DESPACHADOR,,Espacio para Nombre y firma RECEPTOR,,,,
EMPANADAS-RAPRITOS__SJME_DF_14MAYO.xlsx,SALIDAS RAPIFRITOS- MARZO 18,0,1,EMPANADA HAWAIANA FRITA,UNIDAD,,,,
EMPANADAS-RAPRITOS__SJME_DF_14MAYO.xlsx,SALIDAS RAPIFRITOS- MARZO 18,0,2,EMPANADA DE YUCA (CARNE Y POLLO),UNIDAD,1,,,
EMPANADAS-RAPRITOS__SJME_DF_14MAYO.xlsx,SALIDAS RAPIFRITOS- MARZO 18,0,3,EMPANADA MIXTA DE TRIGO,UNIDAD,,,,
EMPANADAS-RAPRITOS__SJME_DF_14MAYO.xlsx,SALIDAS RAPIFRITOS- MARZO 18,0,4,EMPANADA POLLO QUESO FRITA,UNIDAD,3,,,
EMPANADAS-RAPRITOS__SJME_DF_14MAYO.xlsx,SALIDAS RAPIFRITOS- MARZO 18,0,5,FLAUTA POLLO QUESO CHAMPIÑONES FRITA,UNIDAD,2,,,
EMPANADAS-RAPRITOS__SJME_DF_14MAYO.xlsx,SALIDAS RAPIFRITOS- MARZO 18,0,6,PAPA DE (POLLO CARNE Y MEDIO HUEVO),UNIDAD,2,,,
EMPANADAS-RAPRITOS__SJME_DF_14MAYO.xlsx,SALIDAS RAPIFRITOS- MARZO 18,0,7,AREPA DE HUEVO,UNIDAD,,,,
EMPANADAS-RAPRITOS__SJME_DF_14MAYO.xlsx,SALIDAS RAPIFRITOS- MARZO 18,0,Observaciones:                                                                                                                                                                                                        BE:8(580171 ),,,,,,
EMPANADAS-RAPRITOS__SJME_DF_14MAYO.xlsx,SALIDAS RAPIFRITOS- MARZO 18,0,Espacio para Nombre y firma DESPACHADOR,,Espacio para Nombre y firma RECEPTOR,,,,
EMPANADAS-RAPRITOS__SJME_DF_14MAYO.xlsx,SALIDAS RAPIFRITOS- MARZO 18,1,1,EMPANADA HAWAIANA FRITA,UNIDAD,,,,
EMPANADAS-RAPRITOS__SJME_DF_14MAYO.xlsx,SALIDAS RAPIFRITOS- MARZO 18,1,2,EMPANADA DE YUCA (CARNE Y POLLO),UNIDAD,2,,,
EMPANADAS-RAPRITOS__SJME_DF_14MAYO.xlsx,SALIDAS RAPIFRITOS- MARZO 18,1,3,EMPANADA MIXTA DE TRIGO,UNIDAD,,,,
EMPANADAS-RAPRITOS__SJME_DF_14MAYO.xlsx,SALIDAS RAPIFRITOS- MARZO 18,1,4,EMPANADA POLLO QUESO FRITA,UNIDAD,,,,
EMPANADAS-RAPRITOS__SJME_DF_14MAYO.xlsx,SALIDAS RAPIFRITOS- MARZO 18,1,5,FLAUTA POLLO QUESO CHAMPIÑONES FRITA,UNIDAD,1,,,
EMPANADAS-RAPRITOS__SJME_DF_14MAYO.xlsx,SALIDAS RAPIFRITOS- MARZO 18,1,6,PAPA DE (POLLO CARNE Y MEDIO HUEVO),UNIDAD,1,,,
EMPANADAS-RAPRITOS__SJME_DF_14MAYO.xlsx,SALIDAS RAPIFRITOS- MARZO 18,1,7,AREPA DE HUEVO,UNIDAD,,,,
EMPANADAS-RAPRITOS__SJME_DF_14MAYO.xlsx,SALIDAS RAPIFRITOS- MARZO 18,1,Observaciones:                                                                                                                                                                                                        A3:4 (580170  ),,,,,,
EMPANADAS-RAPRITOS__SJME_DF_14MAYO.xlsx,SALIDAS RAPIFRITOS- MARZO 18,1,Espacio para Nombre y firma DESPACHADOR,,Espacio para Nombre y firma RECEPTOR,,,,
EMPANADAS-RAPRITOS__SJME_DF_14MAYO.xlsx,SALIDAS RAPIFRITOS- MARZO 18,2,1,EMPANADA HAWAIANA FRITA,UNIDAD,3,,,
EMPANADAS-RAPRITOS__SJME_DF_14MAYO.xlsx,SALIDAS RAPIFRITOS- MARZO 18,2,2,EMPANADA DE YUCA (CARNE Y POLLO),UNIDAD,3,,,
EMPANADAS-RAPRITOS__SJME_DF_14MAYO.xlsx,SALIDAS RAPIFRITOS- MARZO 18,2,3,EMPANADA MIXTA DE TRIGO,UNIDAD,7,,,
EMPANADAS-RAPRITOS__SJME_DF_14MAYO.xlsx,SALIDAS RAPIFRITOS- MARZO 18,2,4,EMPANADA POLLO QUESO FRITA,UNIDAD,10,,,
EMPANADAS-RAPRITOS__SJME_DF_14MAYO.xlsx,SALIDAS RAPIFRITOS- MARZO 18,2,5,FLAUTA POLLO QUESO CHAMPIÑONES FRITA,UNIDAD,1,,,
EMPANADAS-RAPRITOS__SJME_DF_14MAYO.xlsx,SALIDAS RAPIFRITOS- MARZO 18,2,6,PAPA DE (POLLO CARNE Y MEDIO HUEVO),UNIDAD,3,,,
EMPANADAS-RAPRITOS__SJME_DF_14MAYO.xlsx,SALIDAS RAPIFRITOS- MARZO 18,2,7,AREPA DE HUEVO,UNIDAD,,,,
EMPANADAS-RAPRITOS__SJME_DF_14MAYO.xlsx,SALIDAS RAPIFRITOS- MARZO 18,2,Observaciones:                                                                                                                                                                                                        CT:27(580311),,,,,,
EMPANADAS-RAPRITOS__SJME_DF_14MAYO.xlsx,SALIDAS RAPIFRITOS- MARZO 18,2,Espacio para Nombre y firma DESPACHADOR,,Espacio para Nombre y firma RECEPTOR,,,,
EMPANADAS-RAPRITOS__SJME_DF_14MAYO.xlsx,SALIDAS RAPIFRITOS- MARZO 19,0,1,EMPANADA HAWAIANA FRITA,UNIDAD,1,,,
EMPANADAS-RAPRITOS__SJME_DF_14MAYO.xlsx,SALIDAS RAPIFRITOS- MARZO 19,0,2,EMPANADA DE YUCA (CARNE Y POLLO),UNIDAD,2,,,
EMPANADAS-RAPRITOS__SJME_DF_14MAYO.xlsx,SALIDAS RAPIFRITOS- MARZO 19,0,3,EMPANADA MIXTA DE TRIGO,UNIDAD,1,,,
EMPANADAS-RAPRITOS__SJME_DF_14MAYO.xlsx,SALIDAS RAPIFRITOS- MARZO 19,0,4,EMPANADA POLLO QUESO FRITA,UNIDAD,0,,,
EMPANADAS-RAPRITOS__SJME_DF_14MAYO.xlsx,SALIDAS RAPIFRITOS- MARZO 19,0,5,FLAUTA POLLO QUESO CHAMPIÑONES FRITA,UNIDAD,2,,,
EMPANADAS-RAPRITOS__SJME_DF_14MAYO.xlsx,SALIDAS RAPIFRITOS- MARZO 19,0,6,PAPA DE (POLLO CARNE Y MEDIO HUEVO),UNIDAD,2,,,
EMPANADAS-RAPRITOS__SJME_DF_14MAYO.xlsx,SALIDAS RAPIFRITOS- MARZO 19,0,7,AREPA DE HUEVO,UNIDAD,,,,
EMPANADAS-RAPRITOS__SJME_DF_14MAYO.xlsx,SALIDAS RAPIFRITOS- MARZO 19,0,Observaciones:                                                                                                                                                                                                        BE:8(580310),,,,,,
EMPANADAS-RAPRITOS__SJME_DF_14MAYO.xlsx,SALIDAS RAPIFRITOS- MARZO 19,0,Espacio para Nombre y firma DESPACHADOR,,Espacio para Nombre y firma RECEPTOR,,,,
EMPANADAS-RAPRITOS__SJME_DF_14MAYO.xlsx,SALIDAS RAPIFRITOS- MARZO 19,1,1,EMPANADA HAWAIANA FRITA,UNIDAD,,,,
EMPANADAS-RAPRITOS__SJME_DF_14MAYO.xlsx,SALIDAS RAPIFRITOS- MARZO 19,1,2,EMPANADA DE YUCA (CARNE Y POLLO),UNIDAD,1,,,
EMPANADAS-RAPRITOS__SJME_DF_14MAYO.xlsx,SALIDAS RAPIFRITOS- MARZO 19,1,3,EMPANADA MIXTA DE TRIGO,UNIDAD,2,,,
EMPANADAS-RAPRITOS__SJME_DF_14MAYO.xlsx,SALIDAS RAPIFRITOS- MARZO 19,1,4,EMPANADA POLLO QUESO FRITA,UNIDAD,5,,,
EMPANADAS-RAPRITOS__SJME_DF_14MAYO.xlsx,SALIDAS RAPIFRITOS- MARZO 19,1,5,FLAUTA POLLO QUESO CHAMPIÑONES FRITA,UNIDAD,2,,,
EMPANADAS-RAPRITOS__SJME_DF_14MAYO.xlsx,SALIDAS RAPIFRITOS- MARZO 19,1,6,PAPA DE (POLLO CARNE Y MEDIO HUEVO),UNIDAD,2,,,
EMPANADAS-RAPRITOS__SJME_DF_14MAYO.xlsx,SALIDAS RAPIFRITOS- MARZO 19,1,7,AREPA DE HUEVO,UNIDAD,,,,
EMPANADAS-RAPRITOS__SJME_DF_14MAYO.xlsx,SALIDAS RAPIFRITOS- MARZO 19,1,Observaciones:                                                                                                                                                                                                        A3:12 (580312 ),,,,,,
EMPANADAS-RAPRITOS__SJME_DF_14MAYO.xlsx,SALIDAS RAPIFRITOS- MARZO 19,1,Espacio para Nombre y firma DESPACHADOR,,Espacio para Nombre y firma RECEPTOR,,,,
EMPANADAS-RAPRITOS__SJME_DF_14MAYO.xlsx,SALIDAS RAPIFRITOS- MARZO 19,2,1,EMPANADA HAWAIANA FRITA,UNIDAD,3,,,
EMPANADAS-RAPRITOS__SJME_DF_14MAYO.xlsx,SALIDAS RAPIFRITOS- MARZO 19,2,2,EMPANADA DE YUCA (CARNE Y POLLO),UNIDAD,3,,,
EMPANADAS-RAPRITOS__SJME_DF_14MAYO.xlsx,SALIDAS RAPIFRITOS- MARZO 19,2,3,EMPANADA MIXTA DE TRIGO,UNIDAD,7,,,
EMPANADAS-RAPRITOS__SJME_DF_14MAYO.xlsx,SALIDAS RAPIFRITOS- MARZO 19,2,4,EMPANADA POLLO QUESO FRITA,UNIDAD,10,,,
EMPANADAS-RAPRITOS__SJME_DF_14MAYO.xlsx,SALIDAS RAPIFRITOS- MARZO 19,2,5,FLAUTA POLLO QUESO CHAMPIÑONES FRITA,UNIDAD,1,,,
EMPANADAS-RAPRITOS__SJME_DF_14MAYO.xlsx,SALIDAS RAPIFRITOS- MARZO 19,2,6,PAPA DE (POLLO CARNE Y MEDIO HUEVO),UNIDAD,3,,,
EMPANADAS-RAPRITOS__SJME_DF_14MAYO.xlsx,SALIDAS RAPIFRITOS- MARZO 19,2,7,AREPA DE HUEVO,UNIDAD,,,,
EMPANADAS-RAPRITOS__SJME_DF_14MAYO.xlsx,SALIDAS RAPIFRITOS- MARZO 19,2,Observaciones:                                                                                                                                                                                                        CT: 27 (580311),,,,,,
EMPANADAS-RAPRITOS__SJME_DF_14MAYO.xlsx,SALIDAS RAPIFRITOS- MARZO 19,2,Espacio para Nombre y firma DESPACHADOR,,Espacio para Nombre y firma RECEPTOR,,,,
EMPANADAS-RAPRITOS__SJME_DF_14MAYO.xlsx,SALIDAS RAPIFRITOS- MARZO 20,0,1,EMPANADA HAWAIANA FRITA,UNIDAD,0,,,
EMPANADAS-RAPRITOS__SJME_DF_14MAYO.xlsx,SALIDAS RAPIFRITOS- MARZO 20,0,2,EMPANADA DE YUCA (CARNE Y POLLO),UNIDAD,1,,,
EMPANADAS-RAPRITOS__SJME_DF_14MAYO.xlsx,SALIDAS RAPIFRITOS- MARZO 20,0,3,EMPANADA MIXTA DE TRIGO,UNIDAD,0,,,
EMPANADAS-RAPRITOS__SJME_DF_14MAYO.xlsx,SALIDAS RAPIFRITOS- MARZO 20,0,4,EMPANADA POLLO QUESO FRITA,UNIDAD,3,,,
EMPANADAS-RAPRITOS__SJME_DF_14MAYO.xlsx,SALIDAS RAPIFRITOS- MARZO 20,0,5,FLAUTA POLLO QUESO CHAMPIÑONES FRITA,UNIDAD,2,,,
EMPANADAS-RAPRITOS__SJME_DF_14MAYO.xlsx,SALIDAS RAPIFRITOS- MARZO 20,0,6,PAPA DE (POLLO CARNE Y MEDIO HUEVO),UNIDAD,2,,,
EMPANADAS-RAPRITOS__SJME_DF_14MAYO.xlsx,SALIDAS RAPIFRITOS- MARZO 20,0,7,AREPA DE HUEVO,UNIDAD,,,,
EMPANADAS-RAPRITOS__SJME_DF_14MAYO.xlsx,SALIDAS RAPIFRITOS- MARZO 20,0,Observaciones:                                                                                                                                                                                                        BE:8(580463),,,,,,
EMPANADAS-RAPRITOS__SJME_DF_14MAYO.xlsx,SALIDAS RAPIFRITOS- MARZO 20,0,Espacio para Nombre y firma DESPACHADOR,,Espacio para Nombre y firma RECEPTOR,,,,
EMPANADAS-RAPRITOS__SJME_DF_14MAYO.xlsx,SALIDAS RAPIFRITOS- MARZO 20,1,1,EMPANADA HAWAIANA FRITA,UNIDAD,1,,,
EMPANADAS-RAPRITOS__SJME_DF_14MAYO.xlsx,SALIDAS RAPIFRITOS- MARZO 20,1,2,EMPANADA DE YUCA (CARNE Y POLLO),UNIDAD,2,,,
EMPANADAS-RAPRITOS__SJME_DF_14MAYO.xlsx,SALIDAS RAPIFRITOS- MARZO 20,1,3,EMPANADA MIXTA DE TRIGO,UNIDAD,1,,,
EMPANADAS-RAPRITOS__SJME_DF_14MAYO.xlsx,SALIDAS RAPIFRITOS- MARZO 20,1,4,EMPANADA POLLO QUESO FRITA,UNIDAD,1,,,
EMPANADAS-RAPRITOS__SJME_DF_14MAYO.xlsx,SALIDAS RAPIFRITOS- MARZO 20,1,5,FLAUTA POLLO QUESO CHAMPIÑONES FRITA,UNIDAD,2,,,
EMPANADAS-RAPRITOS__SJME_DF_14MAYO.xlsx,SALIDAS RAPIFRITOS- MARZO 20,1,6,PAPA DE (POLLO CARNE Y MEDIO HUEVO),UNIDAD,2,,,
EMPANADAS-RAPRITOS__SJME_DF_14MAYO.xlsx,SALIDAS RAPIFRITOS- MARZO 20,1,7,AREPA DE HUEVO,UNIDAD,,,,
EMPANADAS-RAPRITOS__SJME_DF_14MAYO.xlsx,SALIDAS RAPIFRITOS- MARZO 20,1,Observaciones:                                                                                                                                                                                                        A3:9(580461),,,,,,
EMPANADAS-RAPRITOS__SJME_DF_14MAYO.xlsx,SALIDAS RAPIFRITOS- MARZO 20,1,Espacio para Nombre y firma DESPACHADOR,,Espacio para Nombre y firma RECEPTOR,,,,
EMPANADAS-RAPRITOS__SJME_DF_14MAYO.xlsx,SALIDAS RAPIFRITOS- MARZO 20,2,1,EMPANADA HAWAIANA FRITA,UNIDAD,3,,,
EMPANADAS-RAPRITOS__SJME_DF_14MAYO.xlsx,SALIDAS RAPIFRITOS- MARZO 20,2,2,EMPANADA DE YUCA (CARNE Y POLLO),UNIDAD,3,,,
EMPANADAS-RAPRITOS__SJME_DF_14MAYO.xlsx,SALIDAS RAPIFRITOS- MARZO 20,2,3,EMPANADA MIXTA DE TRIGO,UNIDAD,5,,,
EMPANADAS-RAPRITOS__SJME_DF_14MAYO.xlsx,SALIDAS RAPIFRITOS- MARZO 20,2,4,EMPANADA POLLO QUESO FRITA,UNIDAD,8,,,
EMPANADAS-RAPRITOS__SJME_DF_14MAYO.xlsx,SALIDAS RAPIFRITOS- MARZO 20,2,5,FLAUTA POLLO QUESO CHAMPIÑONES FRITA,UNIDAD,8,,,
EMPANADAS-RAPRITOS__SJME_DF_14MAYO.xlsx,SALIDAS RAPIFRITOS- MARZO 20,2,6,PAPA DE (POLLO CARNE Y MEDIO HUEVO),UNIDAD,3,,,
EMPANADAS-RAPRITOS__SJME_DF_14MAYO.xlsx,SALIDAS RAPIFRITOS- MARZO 20,2,7,AREPA DE HUEVO,UNIDAD,,,,
EMPANADAS-RAPRITOS__SJME_DF_14MAYO.xlsx,SALIDAS RAPIFRITOS- MARZO 20,2,Observaciones:                                                                                                                                                                                                        CT:30  (580462),,,,,,
EMPANADAS-RAPRITOS__SJME_DF_14MAYO.xlsx,SALIDAS RAPIFRITOS- MARZO 20,2,Espacio para Nombre y firma DESPACHADOR,,Espacio para Nombre y firma RECEPTOR,,,,
EMPANADAS-RAPRITOS__SJME_DF_14MAYO.xlsx,SALIDAS RAPIFRITOS- MARZO 24,0,1,EMPANADA HAWAIANA FRITA,UNIDAD,0,,,
EMPANADAS-RAPRITOS__SJME_DF_14MAYO.xlsx,SALIDAS RAPIFRITOS- MARZO 24,0,2,EMPANADA DE YUCA (CARNE Y POLLO),UNIDAD,1,,,
EMPANADAS-RAPRITOS__SJME_DF_14MAYO.xlsx,SALIDAS RAPIFRITOS- MARZO 24,0,3,EMPANADA MIXTA DE TRIGO,UNIDAD,2,,,
EMPANADAS-RAPRITOS__SJME_DF_14MAYO.xlsx,SALIDAS RAPIFRITOS- MARZO 24,0,4,EMPANADA POLLO QUESO FRITA,UNIDAD,5,,,
EMPANADAS-RAPRITOS__SJME_DF_14MAYO.xlsx,SALIDAS RAPIFRITOS- MARZO 24,0,5,FLAUTA POLLO QUESO CHAMPIÑONES FRITA,UNIDAD,2,,,
EMPANADAS-RAPRITOS__SJME_DF_14MAYO.xlsx,SALIDAS RAPIFRITOS- MARZO 24,0,6,PAPA DE (POLLO CARNE Y MEDIO HUEVO),UNIDAD,2,,,
EMPANADAS-RAPRITOS__SJME_DF_14MAYO.xlsx,SALIDAS RAPIFRITOS- MARZO 24,0,7,AREPA DE HUEVO,UNIDAD,,,,
EMPANADAS-RAPRITOS__SJME_DF_14MAYO.xlsx,SALIDAS RAPIFRITOS- MARZO 24,0,Observaciones:                                                                                                                                                                                                        BE:12(580864),,,,,,
EMPANADAS-RAPRITOS__SJME_DF_14MAYO.xlsx,SALIDAS RAPIFRITOS- MARZO 24,0,Espacio para Nombre y firma DESPACHADOR,,Espacio para Nombre y firma RECEPTOR,,,,
EMPANADAS-RAPRITOS__SJME_DF_14MAYO.xlsx,SALIDAS RAPIFRITOS- MARZO 24,1,1,EMPANADA HAWAIANA FRITA,UNIDAD,1,,,
EMPANADAS-RAPRITOS__SJME_DF_14MAYO.xlsx,SALIDAS RAPIFRITOS- MARZO 24,1,2,EMPANADA DE YUCA (CARNE Y POLLO),UNIDAD,2,,,
EMPANADAS-RAPRITOS__SJME_DF_14MAYO.xlsx,SALIDAS RAPIFRITOS- MARZO 24,1,3,EMPANADA MIXTA DE TRIGO,UNIDAD,1,,,
EMPANADAS-RAPRITOS__SJME_DF_14MAYO.xlsx,SALIDAS RAPIFRITOS- MARZO 24,1,4,EMPANADA POLLO QUESO FRITA,UNIDAD,1,,,
EMPANADAS-RAPRITOS__SJME_DF_14MAYO.xlsx,SALIDAS RAPIFRITOS- MARZO 24,1,5,FLAUTA POLLO QUESO CHAMPIÑONES FRITA,UNIDAD,2,,,
EMPANADAS-RAPRITOS__SJME_DF_14MAYO.xlsx,SALIDAS RAPIFRITOS- MARZO 24,1,6,PAPA DE (POLLO CARNE Y MEDIO HUEVO),UNIDAD,2,,,
EMPANADAS-RAPRITOS__SJME_DF_14MAYO.xlsx,SALIDAS RAPIFRITOS- MARZO 24,1,7,AREPA DE HUEVO,UNIDAD,,,,
EMPANADAS-RAPRITOS__SJME_DF_14MAYO.xlsx,SALIDAS RAPIFRITOS- MARZO 24,1,Observaciones:                                                                                                                                                                                                        A3:9(580862),,,,,,
EMPANADAS-RAPRITOS__SJME_DF_14MAYO.xlsx,SALIDAS RAPIFRITOS- MARZO 24,1,Espacio para Nombre y firma DESPACHADOR,,Espacio para Nombre y firma RECEPTOR,,,,
EMPANADAS-RAPRITOS__SJME_DF_14MAYO.xlsx,SALIDAS RAPIFRITOS- MARZO 24,2,1,EMPANADA HAWAIANA FRITA,UNIDAD,3,,,
EMPANADAS-RAPRITOS__SJME_DF_14MAYO.xlsx,SALIDAS RAPIFRITOS- MARZO 24,2,2,EMPANADA DE YUCA (CARNE Y POLLO),UNIDAD,3,,,
EMPANADAS-RAPRITOS__SJME_DF_14MAYO.xlsx,SALIDAS RAPIFRITOS- MARZO 24,2,3,EMPANADA MIXTA DE TRIGO,UNIDAD,7,,,
EMPANADAS-RAPRITOS__SJME_DF_14MAYO.xlsx,SALIDAS RAPIFRITOS- MARZO 24,2,4,EMPANADA POLLO QUESO FRITA,UNIDAD,10,,,
EMPANADAS-RAPRITOS__SJME_DF_14MAYO.xlsx,SALIDAS RAPIFRITOS- MARZO 24,2,5,FLAUTA POLLO QUESO CHAMPIÑONES FRITA,UNIDAD,10,,,
EMPANADAS-RAPRITOS__SJME_DF_14MAYO.xlsx,SALIDAS RAPIFRITOS- MARZO 24,2,6,PAPA DE (POLLO CARNE Y MEDIO HUEVO),UNIDAD,3,,,
EMPANADAS-RAPRITOS__SJME_DF_14MAYO.xlsx,SALIDAS RAPIFRITOS- MARZO 24,2,7,AREPA DE HUEVO,UNIDAD,,,,
EMPANADAS-RAPRITOS__SJME_DF_14MAYO.xlsx,SALIDAS RAPIFRITOS- MARZO 24,2,Observaciones:                                                                                                                                                                                                        CT:36  (580863),,,,,,
EMPANADAS-RAPRITOS__SJME_DF_14MAYO.xlsx,SALIDAS RAPIFRITOS- MARZO 24,2,Espacio para Nombre y firma DESPACHADOR,,Espacio para Nombre y firma RECEPTOR,,,,
EMPANADAS-RAPRITOS__SJME_DF_14MAYO.xlsx,SALIDAS RAPIFRITOS- MARZO 25,0,1,EMPANADA HAWAIANA FRITA,UNIDAD,,,,
EMPANADAS-RAPRITOS__SJME_DF_14MAYO.xlsx,SALIDAS RAPIFRITOS- MARZO 25,0,2,EMPANADA DE YUCA (CARNE Y POLLO),UNIDAD,1,,,
EMPANADAS-RAPRITOS__SJME_DF_14MAYO.xlsx,SALIDAS RAPIFRITOS- MARZO 25,0,3,EMPANADA MIXTA DE TRIGO,UNIDAD,2,,,
EMPANADAS-RAPRITOS__SJME_DF_14MAYO.xlsx,SALIDAS RAPIFRITOS- MARZO 25,0,4,EMPANADA POLLO QUESO FRITA,UNIDAD,5,,,
EMPANADAS-RAPRITOS__SJME_DF_14MAYO.xlsx,SALIDAS RAPIFRITOS- MARZO 25,0,5,FLAUTA POLLO QUESO CHAMPIÑONES FRITA,UNIDAD,2,,,
EMPANADAS-RAPRITOS__SJME_DF_14MAYO.xlsx,SALIDAS RAPIFRITOS- MARZO 25,0,6,PAPA DE (POLLO CARNE Y MEDIO HUEVO),UNIDAD,2,,,
EMPANADAS-RAPRITOS__SJME_DF_14MAYO.xlsx,SALIDAS RAPIFRITOS- MARZO 25,0,7,AREPA DE HUEVO,UNIDAD,,,,
EMPANADAS-RAPRITOS__SJME_DF_14MAYO.xlsx,SALIDAS RAPIFRITOS- MARZO 25,0,Observaciones:                                                                                                                                                                                                        BE:12(581018),,,,,,
EMPANADAS-RAPRITOS__SJME_DF_14MAYO.xlsx,SALIDAS RAPIFRITOS- MARZO 25,0,Espacio para Nombre y firma DESPACHADOR,,Espacio para Nombre y firma RECEPTOR,,,,
EMPANADAS-RAPRITOS__SJME_DF_14MAYO.xlsx,SALIDAS RAPIFRITOS- MARZO 25,1,1,EMPANADA HAWAIANA FRITA,UNIDAD,1,,,
EMPANADAS-RAPRITOS__SJME_DF_14MAYO.xlsx,SALIDAS RAPIFRITOS- MARZO 25,1,2,EMPANADA DE YUCA (CARNE Y POLLO),UNIDAD,2,,,
EMPANADAS-RAPRITOS__SJME_DF_14MAYO.xlsx,SALIDAS RAPIFRITOS- MARZO 25,1,3,EMPANADA MIXTA DE TRIGO,UNIDAD,1,,,
EMPANADAS-RAPRITOS__SJME_DF_14MAYO.xlsx,SALIDAS RAPIFRITOS- MARZO 25,1,4,EMPANADA POLLO QUESO FRITA,UNIDAD,1,,,
EMPANADAS-RAPRITOS__SJME_DF_14MAYO.xlsx,SALIDAS RAPIFRITOS- MARZO 25,1,5,FLAUTA POLLO QUESO CHAMPIÑONES FRITA,UNIDAD,2,,,
EMPANADAS-RAPRITOS__SJME_DF_14MAYO.xlsx,SALIDAS RAPIFRITOS- MARZO 25,1,6,PAPA DE (POLLO CARNE Y MEDIO HUEVO),UNIDAD,2,,,
EMPANADAS-RAPRITOS__SJME_DF_14MAYO.xlsx,SALIDAS RAPIFRITOS- MARZO 25,1,7,AREPA DE HUEVO,UNIDAD,,,,
EMPANADAS-RAPRITOS__SJME_DF_14MAYO.xlsx,SALIDAS RAPIFRITOS- MARZO 25,1,Observaciones:                                                                                                                                                                                                        A3:9(581016),,,,,,
EMPANADAS-RAPRITOS__SJME_DF_14MAYO.xlsx,SALIDAS RAPIFRITOS- MARZO 25,1,Espacio para Nombre y firma DESPACHADOR,,Espacio para Nombre y firma RECEPTOR,,,,
EMPANADAS-RAPRITOS__SJME_DF_14MAYO.xlsx,SALIDAS RAPIFRITOS- MARZO 25,2,1,EMPANADA HAWAIANA FRITA,UNIDAD,3,,,
EMPANADAS-RAPRITOS__SJME_DF_14MAYO.xlsx,SALIDAS RAPIFRITOS- MARZO 25,2,2,EMPANADA DE YUCA (CARNE Y POLLO),UNIDAD,3,,,
EMPANADAS-RAPRITOS__SJME_DF_14MAYO.xlsx,SALIDAS RAPIFRITOS- MARZO 25,2,3,EMPANADA MIXTA DE TRIGO,UNIDAD,0,,,
EMPANADAS-RAPRITOS__SJME_DF_14MAYO.xlsx,SALIDAS RAPIFRITOS- MARZO 25,2,4,EMPANADA POLLO QUESO FRITA,UNIDAD,11,,,
EMPANADAS-RAPRITOS__SJME_DF_14MAYO.xlsx,SALIDAS RAPIFRITOS- MARZO 25,2,5,FLAUTA POLLO QUESO CHAMPIÑONES FRITA,UNIDAD,10,,,
EMPANADAS-RAPRITOS__SJME_DF_14MAYO.xlsx,SALIDAS RAPIFRITOS- MARZO 25,2,6,PAPA DE (POLLO CARNE Y MEDIO HUEVO),UNIDAD,11,,,
EMPANADAS-RAPRITOS__SJME_DF_14MAYO.xlsx,SALIDAS RAPIFRITOS- MARZO 25,2,7,AREPA DE HUEVO,UNIDAD,,,,
EMPANADAS-RAPRITOS__SJME_DF_14MAYO.xlsx,SALIDAS RAPIFRITOS- MARZO 25,2,Observaciones:                                                                                                                                                                                                        CT:30  (581017),,,,,,
EMPANADAS-RAPRITOS__SJME_DF_14MAYO.xlsx,SALIDAS RAPIFRITOS- MARZO 25,2,Espacio para Nombre y firma DESPACHADOR,,Espacio para Nombre y firma RECEPTOR,,,,
EMPANADAS-RAPRITOS__SJME_DF_14MAYO.xlsx,SALIDAS RAPIFRITOS- MARZO 26,0,1,EMPANADA HAWAIANA FRITA,UNIDAD,,,,
EMPANADAS-RAPRITOS__SJME_DF_14MAYO.xlsx,SALIDAS RAPIFRITOS- MARZO 26,0,2,EMPANADA DE YUCA (CARNE Y POLLO),UNIDAD,1,,,
EMPANADAS-RAPRITOS__SJME_DF_14MAYO.xlsx,SALIDAS RAPIFRITOS- MARZO 26,0,3,EMPANADA MIXTA DE TRIGO,UNIDAD,2,,,
EMPANADAS-RAPRITOS__SJME_DF_14MAYO.xlsx,SALIDAS RAPIFRITOS- MARZO 26,0,4,EMPANADA POLLO QUESO FRITA,UNIDAD,5,,,
EMPANADAS-RAPRITOS__SJME_DF_14MAYO.xlsx,SALIDAS RAPIFRITOS- MARZO 26,0,5,FLAUTA POLLO QUESO CHAMPIÑONES FRITA,UNIDAD,2,,,
EMPANADAS-RAPRITOS__SJME_DF_14MAYO.xlsx,SALIDAS RAPIFRITOS- MARZO 26,0,6,PAPA DE (POLLO CARNE Y MEDIO HUEVO),UNIDAD,2,,,
EMPANADAS-RAPRITOS__SJME_DF_14MAYO.xlsx,SALIDAS RAPIFRITOS- MARZO 26,0,7,AREPA DE HUEVO,UNIDAD,,,,
EMPANADAS-RAPRITOS__SJME_DF_14MAYO.xlsx,SALIDAS RAPIFRITOS- MARZO 26,0,Observaciones:                                                                                                                                                                                                        BE:12(581160),,,,,,
EMPANADAS-RAPRITOS__SJME_DF_14MAYO.xlsx,SALIDAS RAPIFRITOS- MARZO 26,0,Espacio para Nombre y firma DESPACHADOR,,Espacio para Nombre y firma RECEPTOR,,,,
EMPANADAS-RAPRITOS__SJME_DF_14MAYO.xlsx,SALIDAS RAPIFRITOS- MARZO 26,1,1,EMPANADA HAWAIANA FRITA,UNIDAD,,,,
EMPANADAS-RAPRITOS__SJME_DF_14MAYO.xlsx,SALIDAS RAPIFRITOS- MARZO 26,1,2,EMPANADA DE YUCA (CARNE Y POLLO),UNIDAD,,,,
EMPANADAS-RAPRITOS__SJME_DF_14MAYO.xlsx,SALIDAS RAPIFRITOS- MARZO 26,1,3,EMPANADA MIXTA DE TRIGO,UNIDAD,,,,
EMPANADAS-RAPRITOS__SJME_DF_14MAYO.xlsx,SALIDAS RAPIFRITOS- MARZO 26,1,4,EMPANADA POLLO QUESO FRITA,UNIDAD,,,,
EMPANADAS-RAPRITOS__SJME_DF_14MAYO.xlsx,SALIDAS RAPIFRITOS- MARZO 26,1,5,FLAUTA POLLO QUESO CHAMPIÑONES FRITA,UNIDAD,,,,
EMPANADAS-RAPRITOS__SJME_DF_14MAYO.xlsx,SALIDAS RAPIFRITOS- MARZO 26,1,6,PAPA DE (POLLO CARNE Y MEDIO HUEVO),UNIDAD,,,,
EMPANADAS-RAPRITOS__SJME_DF_14MAYO.xlsx,SALIDAS RAPIFRITOS- MARZO 26,1,7,AREPA DE HUEVO,UNIDAD,,,,
EMPANADAS-RAPRITOS__SJME_DF_14MAYO.xlsx,SALIDAS RAPIFRITOS- MARZO 26,1,Observaciones:,,,,,,
EMPANADAS-RAPRITOS__SJME_DF_14MAYO.xlsx,SALIDAS RAPIFRITOS- MARZO 26,1,Espacio para Nombre y firma DESPACHADOR,,Espacio para Nombre y firma RECEPTOR,,,,
EMPANADAS-RAPRITOS__SJME_DF_14MAYO.xlsx,SALIDAS RAPIFRITOS- MARZO 26,2,1,EMPANADA HAWAIANA FRITA,UNIDAD,3,,,
EMPANADAS-RAPRITOS__SJME_DF_14MAYO.xlsx,SALIDAS RAPIFRITOS- MARZO 26,2,2,EMPANADA DE YUCA (CARNE Y POLLO),UNIDAD,3,,,
EMPANADAS-RAPRITOS__SJME_DF_14MAYO.xlsx,SALIDAS RAPIFRITOS- MARZO 26,2,3,EMPANADA MIXTA DE TRIGO,UNIDAD,,,,
EMPANADAS-RAPRITOS__SJME_DF_14MAYO.xlsx,SALIDAS RAPIFRITOS- MARZO 26,2,4,EMPANADA POLLO QUESO FRITA,UNIDAD,11,,,
EMPANADAS-RAPRITOS__SJME_DF_14MAYO.xlsx,SALIDAS RAPIFRITOS- MARZO 26,2,5,FLAUTA POLLO QUESO CHAMPIÑONES FRITA,UNIDAD,10,,,
EMPANADAS-RAPRITOS__SJME_DF_14MAYO.xlsx,SALIDAS RAPIFRITOS- MARZO 26,2,6,PAPA DE (POLLO CARNE Y MEDIO HUEVO),UNIDAD,3,,,
EMPANADAS-RAPRITOS__SJME_DF_14MAYO.xlsx,SALIDAS RAPIFRITOS- MARZO 26,2,7,AREPA DE HUEVO,UNIDAD,,,,
EMPANADAS-RAPRITOS__SJME_DF_14MAYO.xlsx,SALIDAS RAPIFRITOS- MARZO 26,2,Observaciones:                                                                                                                                                                                                        CT:30  (581161),,,,,,
EMPANADAS-RAPRITOS__SJME_DF_14MAYO.xlsx,SALIDAS RAPIFRITOS- MARZO 26,2,Espacio para Nombre y firma DESPACHADOR,,Espacio para Nombre y firma RECEPTOR,,,,
EMPANADAS-RAPRITOS__SJME_DF_14MAYO.xlsx,SALIDAS RAPIFRITOS- MARZO 27,0,1,EMPANADA HAWAIANA FRITA,UNIDAD,,,,
EMPANADAS-RAPRITOS__SJME_DF_14MAYO.xlsx,SALIDAS RAPIFRITOS- MARZO 27,0,2,EMPANADA DE YUCA (CARNE Y POLLO),UNIDAD,1,,,
EMPANADAS-RAPRITOS__SJME_DF_14MAYO.xlsx,SALIDAS RAPIFRITOS- MARZO 27,0,3,EMPANADA MIXTA DE TRIGO,UNIDAD,,,,
EMPANADAS-RAPRITOS__SJME_DF_14MAYO.xlsx,SALIDAS RAPIFRITOS- MARZO 27,0,4,EMPANADA POLLO QUESO FRITA,UNIDAD,3,,,
EMPANADAS-RAPRITOS__SJME_DF_14MAYO.xlsx,SALIDAS RAPIFRITOS- MARZO 27,0,5,FLAUTA POLLO QUESO CHAMPIÑONES FRITA,UNIDAD,2,,,
EMPANADAS-RAPRITOS__SJME_DF_14MAYO.xlsx,SALIDAS RAPIFRITOS- MARZO 27,0,6,PAPA DE (POLLO CARNE Y MEDIO HUEVO),UNIDAD,2,,,
EMPANADAS-RAPRITOS__SJME_DF_14MAYO.xlsx,SALIDAS RAPIFRITOS- MARZO 27,0,7,AREPA DE HUEVO,UNIDAD,,,,
EMPANADAS-RAPRITOS__SJME_DF_14MAYO.xlsx,SALIDAS RAPIFRITOS- MARZO 27,0,Observaciones:                                                                                                                                                                                                        BE:8(581310),,,,,,
EMPANADAS-RAPRITOS__SJME_DF_14MAYO.xlsx,SALIDAS RAPIFRITOS- MARZO 27,0,Espacio para Nombre y firma DESPACHADOR,,Espacio para Nombre y firma RECEPTOR,,,,
EMPANADAS-RAPRITOS__SJME_DF_14MAYO.xlsx,SALIDAS RAPIFRITOS- MARZO 27,1,1,EMPANADA HAWAIANA FRITA,UNIDAD,1,,,
EMPANADAS-RAPRITOS__SJME_DF_14MAYO.xlsx,SALIDAS RAPIFRITOS- MARZO 27,1,2,EMPANADA DE YUCA (CARNE Y POLLO),UNIDAD,2,,,
EMPANADAS-RAPRITOS__SJME_DF_14MAYO.xlsx,SALIDAS RAPIFRITOS- MARZO 27,1,3,EMPANADA MIXTA DE TRIGO,UNIDAD,1,,,
EMPANADAS-RAPRITOS__SJME_DF_14MAYO.xlsx,SALIDAS RAPIFRITOS- MARZO 27,1,4,EMPANADA POLLO QUESO FRITA,UNIDAD,1,,,
EMPANADAS-RAPRITOS__SJME_DF_14MAYO.xlsx,SALIDAS RAPIFRITOS- MARZO 27,1,5,FLAUTA POLLO QUESO CHAMPIÑONES FRITA,UNIDAD,2,,,
EMPANADAS-RAPRITOS__SJME_DF_14MAYO.xlsx,SALIDAS RAPIFRITOS- MARZO 27,1,6,PAPA DE (POLLO CARNE Y MEDIO HUEVO),UNIDAD,2,,,
EMPANADAS-RAPRITOS__SJME_DF_14MAYO.xlsx,SALIDAS RAPIFRITOS- MARZO 27,1,7,AREPA DE HUEVO,UNIDAD,,,,
EMPANADAS-RAPRITOS__SJME_DF_14MAYO.xlsx,SALIDAS RAPIFRITOS- MARZO 27,1,Observaciones:                                                                                                                                                                                                        A3:9(581309),,,,,,
EMPANADAS-RAPRITOS__SJME_DF_14MAYO.xlsx,SALIDAS RAPIFRITOS- MARZO 27,1,Espacio para Nombre y firma DESPACHADOR,,Espacio para Nombre y firma RECEPTOR,,,,
EMPANADAS-RAPRITOS__SJME_DF_14MAYO.xlsx,SALIDAS RAPIFRITOS- MARZO 27,2,1,EMPANADA HAWAIANA FRITA,UNIDAD,8,,,
EMPANADAS-RAPRITOS__SJME_DF_14MAYO.xlsx,SALIDAS RAPIFRITOS- MARZO 27,2,2,EMPANADA DE YUCA (CARNE Y POLLO),UNIDAD,3,,,
EMPANADAS-RAPRITOS__SJME_DF_14MAYO.xlsx,SALIDAS RAPIFRITOS- MARZO 27,2,3,EMPANADA MIXTA DE TRIGO,UNIDAD,5,,,
EMPANADAS-RAPRITOS__SJME_DF_14MAYO.xlsx,SALIDAS RAPIFRITOS- MARZO 27,2,4,EMPANADA POLLO QUESO FRITA,UNIDAD,8,,,
EMPANADAS-RAPRITOS__SJME_DF_14MAYO.xlsx,SALIDAS RAPIFRITOS- MARZO 27,2,5,FLAUTA POLLO QUESO CHAMPIÑONES FRITA,UNIDAD,8,,,
EMPANADAS-RAPRITOS__SJME_DF_14MAYO.xlsx,SALIDAS RAPIFRITOS- MARZO 27,2,6,PAPA DE (POLLO CARNE Y MEDIO HUEVO),UNIDAD,3,,,
EMPANADAS-RAPRITOS__SJME_DF_14MAYO.xlsx,SALIDAS RAPIFRITOS- MARZO 27,2,7,AREPA DE HUEVO,UNIDAD,,,,
EMPANADAS-RAPRITOS__SJME_DF_14MAYO.xlsx,SALIDAS RAPIFRITOS- MARZO 27,2,Observaciones:                                                                                                                                                                                                        CT:30  (581311),,,,,,
EMPANADAS-RAPRITOS__SJME_DF_14MAYO.xlsx,SALIDAS RAPIFRITOS- MARZO 27,2,Espacio para Nombre y firma DESPACHADOR,,Espacio para Nombre y firma RECEPTOR,,,,
EMPANADAS-RAPRITOS__SJME_DF_14MAYO.xlsx,SALIDAS RAPIFRITOS- ABRIL 6,0,1,EMPANADA HAWAIANA FRITA,UNIDAD,1,,,
EMPANADAS-RAPRITOS__SJME_DF_14MAYO.xlsx,SALIDAS RAPIFRITOS- ABRIL 6,0,2,EMPANADA DE YUCA (CARNE Y POLLO),UNIDAD,2,,,
EMPANADAS-RAPRITOS__SJME_DF_14MAYO.xlsx,SALIDAS RAPIFRITOS- ABRIL 6,0,3,EMPANADA MIXTA DE TRIGO,UNIDAD,1,,,
EMPANADAS-RAPRITOS__SJME_DF_14MAYO.xlsx,SALIDAS RAPIFRITOS- ABRIL 6,0,4,EMPANADA POLLO QUESO FRITA,UNIDAD,1,,,
EMPANADAS-RAPRITOS__SJME_DF_14MAYO.xlsx,SALIDAS RAPIFRITOS- ABRIL 6,0,5,FLAUTA POLLO QUESO CHAMPIÑONES FRITA,UNIDAD,2,,,
EMPANADAS-RAPRITOS__SJME_DF_14MAYO.xlsx,SALIDAS RAPIFRITOS- ABRIL 6,0,6,PAPA DE (POLLO CARNE Y MEDIO HUEVO),UNIDAD,2,,,
EMPANADAS-RAPRITOS__SJME_DF_14MAYO.xlsx,SALIDAS RAPIFRITOS- ABRIL 6,0,7,AREPA DE HUEVO,UNIDAD,,,,
EMPANADAS-RAPRITOS__SJME_DF_14MAYO.xlsx,SALIDAS RAPIFRITOS- ABRIL 6,0,Observaciones:                                                                                                                                                                                                        BE:9(582234),,,,,,
EMPANADAS-RAPRITOS__SJME_DF_14MAYO.xlsx,SALIDAS RAPIFRITOS- ABRIL 6,0,Espacio para Nombre y firma DESPACHADOR,,Espacio para Nombre y firma RECEPTOR,,,,
EMPANADAS-RAPRITOS__SJME_DF_14MAYO.xlsx,SALIDAS RAPIFRITOS- ABRIL 6,1,1,EMPANADA HAWAIANA FRITA,UNIDAD,,,,
EMPANADAS-RAPRITOS__SJME_DF_14MAYO.xlsx,SALIDAS RAPIFRITOS- ABRIL 6,1,2,EMPANADA DE YUCA (CARNE Y POLLO),UNIDAD,1,,,
EMPANADAS-RAPRITOS__SJME_DF_14MAYO.xlsx,SALIDAS RAPIFRITOS- ABRIL 6,1,3,EMPANADA MIXTA DE TRIGO,UNIDAD,,,,
EMPANADAS-RAPRITOS__SJME_DF_14MAYO.xlsx,SALIDAS RAPIFRITOS- ABRIL 6,1,4,EMPANADA POLLO QUESO FRITA,UNIDAD,3,,,
EMPANADAS-RAPRITOS__SJME_DF_14MAYO.xlsx,SALIDAS RAPIFRITOS- ABRIL 6,1,5,FLAUTA POLLO QUESO CHAMPIÑONES FRITA,UNIDAD,2,,,
EMPANADAS-RAPRITOS__SJME_DF_14MAYO.xlsx,SALIDAS RAPIFRITOS- ABRIL 6,1,6,PAPA DE (POLLO CARNE Y MEDIO HUEVO),UNIDAD,2,,,
EMPANADAS-RAPRITOS__SJME_DF_14MAYO.xlsx,SALIDAS RAPIFRITOS- ABRIL 6,1,7,AREPA DE HUEVO,UNIDAD,,,,
EMPANADAS-RAPRITOS__SJME_DF_14MAYO.xlsx,SALIDAS RAPIFRITOS- ABRIL 6,1,Observaciones:                                                                                                                                                                                                        A3:8(582236),,,,,,
EMPANADAS-RAPRITOS__SJME_DF_14MAYO.xlsx,SALIDAS RAPIFRITOS- ABRIL 6,1,Espacio para Nombre y firma DESPACHADOR,,Espacio para Nombre y firma RECEPTOR,,,,
EMPANADAS-RAPRITOS__SJME_DF_14MAYO.xlsx,SALIDAS RAPIFRITOS- ABRIL 6,2,1,EMPANADA HAWAIANA FRITA,UNIDAD,3,,,
EMPANADAS-RAPRITOS__SJME_DF_14MAYO.xlsx,SALIDAS RAPIFRITOS- ABRIL 6,2,2,EMPANADA DE YUCA (CARNE Y POLLO),UNIDAD,3,,,
EMPANADAS-RAPRITOS__SJME_DF_14MAYO.xlsx,SALIDAS RAPIFRITOS- ABRIL 6,2,3,EMPANADA MIXTA DE TRIGO,UNIDAD,5,,,
EMPANADAS-RAPRITOS__SJME_DF_14MAYO.xlsx,SALIDAS RAPIFRITOS- ABRIL 6,2,4,EMPANADA POLLO QUESO FRITA,UNIDAD,8,,,
EMPANADAS-RAPRITOS__SJME_DF_14MAYO.xlsx,SALIDAS RAPIFRITOS- ABRIL 6,2,5,FLAUTA POLLO QUESO CHAMPIÑONES FRITA,UNIDAD,,,,
EMPANADAS-RAPRITOS__SJME_DF_14MAYO.xlsx,SALIDAS RAPIFRITOS- ABRIL 6,2,6,PAPA DE (POLLO CARNE Y MEDIO HUEVO),UNIDAD,3,,,
EMPANADAS-RAPRITOS__SJME_DF_14MAYO.xlsx,SALIDAS RAPIFRITOS- ABRIL 6,2,7,AREPA DE HUEVO,UNIDAD,,,,
EMPANADAS-RAPRITOS__SJME_DF_14MAYO.xlsx,SALIDAS RAPIFRITOS- ABRIL 6,2,Observaciones:                                                                                                                                                                                                        CT:22  (582235),,,,,,
EMPANADAS-RAPRITOS__SJME_DF_14MAYO.xlsx,SALIDAS RAPIFRITOS- ABRIL 6,2,Espacio para Nombre y firma DESPACHADOR,,Espacio para Nombre y firma RECEPTOR,,,,
EMPANADAS-RAPRITOS__SJME_DF_14MAYO.xlsx,SALIDAS RAPIFRITOS- ABRIL 6,3,1,EMPANADA HAWAIANA FRITA,UNIDAD,,,,
EMPANADAS-RAPRITOS__SJME_DF_14MAYO.xlsx,SALIDAS RAPIFRITOS- ABRIL 6,3,2,EMPANADA DE YUCA (CARNE Y POLLO),UNIDAD,,,,
EMPANADAS-RAPRITOS__SJME_DF_14MAYO.xlsx,SALIDAS RAPIFRITOS- ABRIL 6,3,3,EMPANADA MIXTA DE TRIGO,UNIDAD,,,,
EMPANADAS-RAPRITOS__SJME_DF_14MAYO.xlsx,SALIDAS RAPIFRITOS- ABRIL 6,3,4,EMPANADA POLLO QUESO FRITA,UNIDAD,15,,,
EMPANADAS-RAPRITOS__SJME_DF_14MAYO.xlsx,SALIDAS RAPIFRITOS- ABRIL 6,3,5,FLAUTA POLLO QUESO CHAMPIÑONES FRITA,UNIDAD,,,,
EMPANADAS-RAPRITOS__SJME_DF_14MAYO.xlsx,SALIDAS RAPIFRITOS- ABRIL 6,3,6,PAPA DE (POLLO CARNE Y MEDIO HUEVO),UNIDAD,,,,
EMPANADAS-RAPRITOS__SJME_DF_14MAYO.xlsx,SALIDAS RAPIFRITOS- ABRIL 6,3,7,AREPA DE HUEVO,UNIDAD,,,,
EMPANADAS-RAPRITOS__SJME_DF_14MAYO.xlsx,SALIDAS RAPIFRITOS- ABRIL 6,3,Observaciones:                                                                                                                                                                                                                                    CT:15,,,,,,
EMPANADAS-RAPRITOS__SJME_DF_14MAYO.xlsx,SALIDAS RAPIFRITOS- ABRIL 6,3,Espacio para Nombre y firma DESPACHADOR,,Espacio para Nombre y firma RECEPTOR,,,,
EMPANADAS-RAPRITOS__SJME_DF_14MAYO.xlsx,SALIDAS RAPIFRITOS- ABRIL 7,0,1,EMPANADA HAWAIANA FRITA,UNIDAD,,,,
EMPANADAS-RAPRITOS__SJME_DF_14MAYO.xlsx,SALIDAS RAPIFRITOS- ABRIL 7,0,2,EMPANADA DE YUCA (CARNE Y POLLO),UNIDAD,1,,,
EMPANADAS-RAPRITOS__SJME_DF_14MAYO.xlsx,SALIDAS RAPIFRITOS- ABRIL 7,0,3,EMPANADA MIXTA DE TRIGO,UNIDAD,2,,,
EMPANADAS-RAPRITOS__SJME_DF_14MAYO.xlsx,SALIDAS RAPIFRITOS- ABRIL 7,0,4,EMPANADA POLLO QUESO FRITA,UNIDAD,5,,,
EMPANADAS-RAPRITOS__SJME_DF_14MAYO.xlsx,SALIDAS RAPIFRITOS- ABRIL 7,0,5,FLAUTA POLLO QUESO CHAMPIÑONES FRITA,UNIDAD,2,,,
EMPANADAS-RAPRITOS__SJME_DF_14MAYO.xlsx,SALIDAS RAPIFRITOS- ABRIL 7,0,6,PAPA DE (POLLO CARNE Y MEDIO HUEVO),UNIDAD,2,,,
EMPANADAS-RAPRITOS__SJME_DF_14MAYO.xlsx,SALIDAS RAPIFRITOS- ABRIL 7,0,7,AREPA DE HUEVO,UNIDAD,,,,
EMPANADAS-RAPRITOS__SJME_DF_14MAYO.xlsx,SALIDAS RAPIFRITOS- ABRIL 7,0,Observaciones:                                                                                                                                                                                                        BE:12(582380),,,,,,
EMPANADAS-RAPRITOS__SJME_DF_14MAYO.xlsx,SALIDAS RAPIFRITOS- ABRIL 7,0,Espacio para Nombre y firma DESPACHADOR,,Espacio para Nombre y firma RECEPTOR,,,,
EMPANADAS-RAPRITOS__SJME_DF_14MAYO.xlsx,SALIDAS RAPIFRITOS- ABRIL 7,1,1,EMPANADA HAWAIANA FRITA,UNIDAD,1,,,
EMPANADAS-RAPRITOS__SJME_DF_14MAYO.xlsx,SALIDAS RAPIFRITOS- ABRIL 7,1,2,EMPANADA DE YUCA (CARNE Y POLLO),UNIDAD,1,,,
EMPANADAS-RAPRITOS__SJME_DF_14MAYO.xlsx,SALIDAS RAPIFRITOS- ABRIL 7,1,3,EMPANADA MIXTA DE TRIGO,UNIDAD,2,,,
EMPANADAS-RAPRITOS__SJME_DF_14MAYO.xlsx,SALIDAS RAPIFRITOS- ABRIL 7,1,4,EMPANADA POLLO QUESO FRITA,UNIDAD,1,,,
EMPANADAS-RAPRITOS__SJME_DF_14MAYO.xlsx,SALIDAS RAPIFRITOS- ABRIL 7,1,5,FLAUTA POLLO QUESO CHAMPIÑONES FRITA,UNIDAD,2,,,
EMPANADAS-RAPRITOS__SJME_DF_14MAYO.xlsx,SALIDAS RAPIFRITOS- ABRIL 7,1,6,PAPA DE (POLLO CARNE Y MEDIO HUEVO),UNIDAD,2,,,
EMPANADAS-RAPRITOS__SJME_DF_14MAYO.xlsx,SALIDAS RAPIFRITOS- ABRIL 7,1,7,AREPA DE HUEVO,UNIDAD,,,,
EMPANADAS-RAPRITOS__SJME_DF_14MAYO.xlsx,SALIDAS RAPIFRITOS- ABRIL 7,1,Observaciones:                                                                                                                                                                                                        A3:9(582378),,,,,,
EMPANADAS-RAPRITOS__SJME_DF_14MAYO.xlsx,SALIDAS RAPIFRITOS- ABRIL 7,1,Espacio para Nombre y firma DESPACHADOR,,Espacio para Nombre y firma RECEPTOR,,,,
EMPANADAS-RAPRITOS__SJME_DF_14MAYO.xlsx,SALIDAS RAPIFRITOS- ABRIL 7,2,1,EMPANADA HAWAIANA FRITA,UNIDAD,3,,,
EMPANADAS-RAPRITOS__SJME_DF_14MAYO.xlsx,SALIDAS RAPIFRITOS- ABRIL 7,2,2,EMPANADA DE YUCA (CARNE Y POLLO),UNIDAD,3,,,
EMPANADAS-RAPRITOS__SJME_DF_14MAYO.xlsx,SALIDAS RAPIFRITOS- ABRIL 7,2,3,EMPANADA MIXTA DE TRIGO,UNIDAD,,,,
EMPANADAS-RAPRITOS__SJME_DF_14MAYO.xlsx,SALIDAS RAPIFRITOS- ABRIL 7,2,4,EMPANADA POLLO QUESO FRITA,UNIDAD,11,,,
EMPANADAS-RAPRITOS__SJME_DF_14MAYO.xlsx,SALIDAS RAPIFRITOS- ABRIL 7,2,5,FLAUTA POLLO QUESO CHAMPIÑONES FRITA,UNIDAD,10,,,
EMPANADAS-RAPRITOS__SJME_DF_14MAYO.xlsx,SALIDAS RAPIFRITOS- ABRIL 7,2,6,PAPA DE (POLLO CARNE Y MEDIO HUEVO),UNIDAD,3,,,
EMPANADAS-RAPRITOS__SJME_DF_14MAYO.xlsx,SALIDAS RAPIFRITOS- ABRIL 7,2,7,AREPA DE HUEVO,UNIDAD,,,,
EMPANADAS-RAPRITOS__SJME_DF_14MAYO.xlsx,SALIDAS RAPIFRITOS- ABRIL 7,2,Observaciones:                                                                                                                                                                                                        CT:30  (582379),,,,,,
EMPANADAS-RAPRITOS__SJME_DF_14MAYO.xlsx,SALIDAS RAPIFRITOS- ABRIL 7,2,Espacio para Nombre y firma DESPACHADOR,,Espacio para Nombre y firma RECEPTOR,,,,
EMPANADAS-RAPRITOS__SJME_DF_14MAYO.xlsx,SALIDAS RAPIFRITOS- ABRIL 8,0,1,EMPANADA HAWAIANA FRITA,UNIDAD,1,,,
EMPANADAS-RAPRITOS__SJME_DF_14MAYO.xlsx,SALIDAS RAPIFRITOS- ABRIL 8,0,2,EMPANADA DE YUCA (CARNE Y POLLO),UNIDAD,2,,,
EMPANADAS-RAPRITOS__SJME_DF_14MAYO.xlsx,SALIDAS RAPIFRITOS- ABRIL 8,0,3,EMPANADA MIXTA DE TRIGO,UNIDAD,1,,,
EMPANADAS-RAPRITOS__SJME_DF_14MAYO.xlsx,SALIDAS RAPIFRITOS- ABRIL 8,0,4,EMPANADA POLLO QUESO FRITA,UNIDAD,1,,,
EMPANADAS-RAPRITOS__SJME_DF_14MAYO.xlsx,SALIDAS RAPIFRITOS- ABRIL 8,0,5,FLAUTA POLLO QUESO CHAMPIÑONES FRITA,UNIDAD,2,,,
EMPANADAS-RAPRITOS__SJME_DF_14MAYO.xlsx,SALIDAS RAPIFRITOS- ABRIL 8,0,6,PAPA DE (POLLO CARNE Y MEDIO HUEVO),UNIDAD,2,,,
EMPANADAS-RAPRITOS__SJME_DF_14MAYO.xlsx,SALIDAS RAPIFRITOS- ABRIL 8,0,7,AREPA DE HUEVO,UNIDAD,,,,
EMPANADAS-RAPRITOS__SJME_DF_14MAYO.xlsx,SALIDAS RAPIFRITOS- ABRIL 8,0,Observaciones:                                                                                                                                                                                                  A3:9(582521),,,,,,
EMPANADAS-RAPRITOS__SJME_DF_14MAYO.xlsx,SALIDAS RAPIFRITOS- ABRIL 8,0,Espacio para Nombre y firma DESPACHADOR,,Espacio para Nombre y firma RECEPTOR,,,,
EMPANADAS-RAPRITOS__SJME_DF_14MAYO.xlsx,SALIDAS RAPIFRITOS- ABRIL 8,1,1,EMPANADA HAWAIANA FRITA,UNIDAD,,,,
EMPANADAS-RAPRITOS__SJME_DF_14MAYO.xlsx,SALIDAS RAPIFRITOS- ABRIL 8,1,2,EMPANADA DE YUCA (CARNE Y POLLO),UNIDAD,1,,,
EMPANADAS-RAPRITOS__SJME_DF_14MAYO.xlsx,SALIDAS RAPIFRITOS- ABRIL 8,1,3,EMPANADA MIXTA DE TRIGO,UNIDAD,,,,
EMPANADAS-RAPRITOS__SJME_DF_14MAYO.xlsx,SALIDAS RAPIFRITOS- ABRIL 8,1,4,EMPANADA POLLO QUESO FRITA,UNIDAD,3,,,
EMPANADAS-RAPRITOS__SJME_DF_14MAYO.xlsx,SALIDAS RAPIFRITOS- ABRIL 8,1,5,FLAUTA POLLO QUESO CHAMPIÑONES FRITA,UNIDAD,2,,,
EMPANADAS-RAPRITOS__SJME_DF_14MAYO.xlsx,SALIDAS RAPIFRITOS- ABRIL 8,1,6,PAPA DE (POLLO CARNE Y MEDIO HUEVO),UNIDAD,2,,,
EMPANADAS-RAPRITOS__SJME_DF_14MAYO.xlsx,SALIDAS RAPIFRITOS- ABRIL 8,1,7,AREPA DE HUEVO,UNIDAD,,,,
EMPANADAS-RAPRITOS__SJME_DF_14MAYO.xlsx,SALIDAS RAPIFRITOS- ABRIL 8,1,Observaciones:                                                                                                                                                                                                  A3:8(582522),,,,,,
EMPANADAS-RAPRITOS__SJME_DF_14MAYO.xlsx,SALIDAS RAPIFRITOS- ABRIL 8,1,Espacio para Nombre y firma DESPACHADOR,,Espacio para Nombre y firma RECEPTOR,,,,
EMPANADAS-RAPRITOS__SJME_DF_14MAYO.xlsx,SALIDAS RAPIFRITOS- ABRIL 8,2,1,EMPANADA HAWAIANA FRITA,UNIDAD,,,,
EMPANADAS-RAPRITOS__SJME_DF_14MAYO.xlsx,SALIDAS RAPIFRITOS- ABRIL 8,2,2,EMPANADA DE YUCA (CARNE Y POLLO),UNIDAD,,,,
EMPANADAS-RAPRITOS__SJME_DF_14MAYO.xlsx,SALIDAS RAPIFRITOS- ABRIL 8,2,3,EMPANADA MIXTA DE TRIGO,UNIDAD,,,,
EMPANADAS-RAPRITOS__SJME_DF_14MAYO.xlsx,SALIDAS RAPIFRITOS- ABRIL 8,2,4,EMPANADA POLLO QUESO FRITA,UNIDAD,,,,
EMPANADAS-RAPRITOS__SJME_DF_14MAYO.xlsx,SALIDAS RAPIFRITOS- ABRIL 8,2,5,FLAUTA POLLO QUESO CHAMPIÑONES FRITA,UNIDAD,,,,
EMPANADAS-RAPRITOS__SJME_DF_14MAYO.xlsx,SALIDAS RAPIFRITOS- ABRIL 8,2,6,PAPA DE (POLLO CARNE Y MEDIO HUEVO),UNIDAD,,,,
EMPANADAS-RAPRITOS__SJME_DF_14MAYO.xlsx,SALIDAS RAPIFRITOS- ABRIL 8,2,7,AREPA DE HUEVO,UNIDAD,,,,
EMPANADAS-RAPRITOS__SJME_DF_14MAYO.xlsx,SALIDAS RAPIFRITOS- ABRIL 8,2,Observaciones:                                                                                                                                                                                                        CT:  (),,,,,,
EMPANADAS-RAPRITOS__SJME_DF_14MAYO.xlsx,SALIDAS RAPIFRITOS- ABRIL 8,2,Espacio para Nombre y firma DESPACHADOR,,Espacio para Nombre y firma RECEPTOR,,,,
EMPANADAS-RAPRITOS__SJME_DF_14MAYO.xlsx,SALIDAS RAPIFRITOS- ABRIL 9,0,1,EMPANADA HAWAIANA FRITA,UNIDAD,,,,
EMPANADAS-RAPRITOS__SJME_DF_14MAYO.xlsx,SALIDAS RAPIFRITOS- ABRIL 9,0,2,EMPANADA DE YUCA (CARNE Y POLLO),UNIDAD,1,,,
EMPANADAS-RAPRITOS__SJME_DF_14MAYO.xlsx,SALIDAS RAPIFRITOS- ABRIL 9,0,3,EMPANADA MIXTA DE TRIGO,UNIDAD,,,,
EMPANADAS-RAPRITOS__SJME_DF_14MAYO.xlsx,SALIDAS RAPIFRITOS- ABRIL 9,0,4,EMPANADA POLLO QUESO FRITA,UNIDAD,3,,,
EMPANADAS-RAPRITOS__SJME_DF_14MAYO.xlsx,SALIDAS RAPIFRITOS- ABRIL 9,0,5,FLAUTA POLLO QUESO CHAMPIÑONES FRITA,UNIDAD,2,,,
EMPANADAS-RAPRITOS__SJME_DF_14MAYO.xlsx,SALIDAS RAPIFRITOS- ABRIL 9,0,6,PAPA DE (POLLO CARNE Y MEDIO HUEVO),UNIDAD,2,,,
EMPANADAS-RAPRITOS__SJME_DF_14MAYO.xlsx,SALIDAS RAPIFRITOS- ABRIL 9,0,7,AREPA DE HUEVO,UNIDAD,,,,
EMPANADAS-RAPRITOS__SJME_DF_14MAYO.xlsx,SALIDAS RAPIFRITOS- ABRIL 9,0,Observaciones:                                                                                                                                                                                                  BE:8(582671),,,,,,
EMPANADAS-RAPRITOS__SJME_DF_14MAYO.xlsx,SALIDAS RAPIFRITOS- ABRIL 9,0,Espacio para Nombre y firma DESPACHADOR,,Espacio para Nombre y firma RECEPTOR,,,,
EMPANADAS-RAPRITOS__SJME_DF_14MAYO.xlsx,SALIDAS RAPIFRITOS- ABRIL 9,1,1,EMPANADA HAWAIANA FRITA,UNIDAD,1,,,
EMPANADAS-RAPRITOS__SJME_DF_14MAYO.xlsx,SALIDAS RAPIFRITOS- ABRIL 9,1,2,EMPANADA DE YUCA (CARNE Y POLLO),UNIDAD,2,,,
EMPANADAS-RAPRITOS__SJME_DF_14MAYO.xlsx,SALIDAS RAPIFRITOS- ABRIL 9,1,3,EMPANADA MIXTA DE TRIGO,UNIDAD,1,,,
EMPANADAS-RAPRITOS__SJME_DF_14MAYO.xlsx,SALIDAS RAPIFRITOS- ABRIL 9,1,4,EMPANADA POLLO QUESO FRITA,UNIDAD,1,,,
EMPANADAS-RAPRITOS__SJME_DF_14MAYO.xlsx,SALIDAS RAPIFRITOS- ABRIL 9,1,5,FLAUTA POLLO QUESO CHAMPIÑONES FRITA,UNIDAD,2,,,
EMPANADAS-RAPRITOS__SJME_DF_14MAYO.xlsx,SALIDAS RAPIFRITOS- ABRIL 9,1,6,PAPA DE (POLLO CARNE Y MEDIO HUEVO),UNIDAD,2,,,
EMPANADAS-RAPRITOS__SJME_DF_14MAYO.xlsx,SALIDAS RAPIFRITOS- ABRIL 9,1,7,AREPA DE HUEVO,UNIDAD,,,,
EMPANADAS-RAPRITOS__SJME_DF_14MAYO.xlsx,SALIDAS RAPIFRITOS- ABRIL 9,1,Observaciones:                                                                                                                                                                                                  A3:9(582670),,,,,,
EMPANADAS-RAPRITOS__SJME_DF_14MAYO.xlsx,SALIDAS RAPIFRITOS- ABRIL 9,1,Espacio para Nombre y firma DESPACHADOR,,Espacio para Nombre y firma RECEPTOR,,,,
EMPANADAS-RAPRITOS__SJME_DF_14MAYO.xlsx,SALIDAS RAPIFRITOS- ABRIL 9,2,1,EMPANADA HAWAIANA FRITA,UNIDAD,3,,,
EMPANADAS-RAPRITOS__SJME_DF_14MAYO.xlsx,SALIDAS RAPIFRITOS- ABRIL 9,2,2,EMPANADA DE YUCA (CARNE Y POLLO),UNIDAD,3,,,
EMPANADAS-RAPRITOS__SJME_DF_14MAYO.xlsx,SALIDAS RAPIFRITOS- ABRIL 9,2,3,EMPANADA MIXTA DE TRIGO,UNIDAD,5,,,
EMPANADAS-RAPRITOS__SJME_DF_14MAYO.xlsx,SALIDAS RAPIFRITOS- ABRIL 9,2,4,EMPANADA POLLO QUESO FRITA,UNIDAD,8,,,
EMPANADAS-RAPRITOS__SJME_DF_14MAYO.xlsx,SALIDAS RAPIFRITOS- ABRIL 9,2,5,FLAUTA POLLO QUESO CHAMPIÑONES FRITA,UNIDAD,8,,,
EMPANADAS-RAPRITOS__SJME_DF_14MAYO.xlsx,SALIDAS RAPIFRITOS- ABRIL 9,2,6,PAPA DE (POLLO CARNE Y MEDIO HUEVO),UNIDAD,3,,,
EMPANADAS-RAPRITOS__SJME_DF_14MAYO.xlsx,SALIDAS RAPIFRITOS- ABRIL 9,2,7,AREPA DE HUEVO,UNIDAD,,,,
EMPANADAS-RAPRITOS__SJME_DF_14MAYO.xlsx,SALIDAS RAPIFRITOS- ABRIL 9,2,Observaciones:                                                                                                                                                                                CT: 30  (582669),,,,,,
EMPANADAS-RAPRITOS__SJME_DF_14MAYO.xlsx,SALIDAS RAPIFRITOS- ABRIL 9,2,Espacio para Nombre y firma DESPACHADOR,,Espacio para Nombre y firma RECEPTOR,,,,
EMPANADAS-RAPRITOS__SJME_DF_14MAYO.xlsx,SALIDAS RAPIFRITOS- ABRIL 10,0,1,EMPANADA HAWAIANA FRITA,UNIDAD,,,,
EMPANADAS-RAPRITOS__SJME_DF_14MAYO.xlsx,SALIDAS RAPIFRITOS- ABRIL 10,0,2,EMPANADA DE YUCA (CARNE Y POLLO),UNIDAD,2,,,
EMPANADAS-RAPRITOS__SJME_DF_14MAYO.xlsx,SALIDAS RAPIFRITOS- ABRIL 10,0,3,EMPANADA MIXTA DE TRIGO,UNIDAD,,,,
EMPANADAS-RAPRITOS__SJME_DF_14MAYO.xlsx,SALIDAS RAPIFRITOS- ABRIL 10,0,4,EMPANADA POLLO QUESO FRITA,UNIDAD,3,,,
EMPANADAS-RAPRITOS__SJME_DF_14MAYO.xlsx,SALIDAS RAPIFRITOS- ABRIL 10,0,5,FLAUTA POLLO QUESO CHAMPIÑONES FRITA,UNIDAD,,,,
EMPANADAS-RAPRITOS__SJME_DF_14MAYO.xlsx,SALIDAS RAPIFRITOS- ABRIL 10,0,6,PAPA DE (POLLO CARNE Y MEDIO HUEVO),UNIDAD,2,,,
EMPANADAS-RAPRITOS__SJME_DF_14MAYO.xlsx,SALIDAS RAPIFRITOS- ABRIL 10,0,7,AREPA DE HUEVO,UNIDAD,,,,
EMPANADAS-RAPRITOS__SJME_DF_14MAYO.xlsx,SALIDAS RAPIFRITOS- ABRIL 10,0,Observaciones:                                                                                                                                                                                                  BE:7(582813),,,,,,
EMPANADAS-RAPRITOS__SJME_DF_14MAYO.xlsx,SALIDAS RAPIFRITOS- ABRIL 10,0,Espacio para Nombre y firma DESPACHADOR,,Espacio para Nombre y firma RECEPTOR,,,,
EMPANADAS-RAPRITOS__SJME_DF_14MAYO.xlsx,SALIDAS RAPIFRITOS- ABRIL 10,1,1,EMPANADA HAWAIANA FRITA,UNIDAD,,,,
EMPANADAS-RAPRITOS__SJME_DF_14MAYO.xlsx,SALIDAS RAPIFRITOS- ABRIL 10,1,2,EMPANADA DE YUCA (CARNE Y POLLO),UNIDAD,1,,,
EMPANADAS-RAPRITOS__SJME_DF_14MAYO.xlsx,SALIDAS RAPIFRITOS- ABRIL 10,1,3,EMPANADA MIXTA DE TRIGO,UNIDAD,,,,
EMPANADAS-RAPRITOS__SJME_DF_14MAYO.xlsx,SALIDAS RAPIFRITOS- ABRIL 10,1,4,EMPANADA POLLO QUESO FRITA,UNIDAD,3,,,
EMPANADAS-RAPRITOS__SJME_DF_14MAYO.xlsx,SALIDAS RAPIFRITOS- ABRIL 10,1,5,FLAUTA POLLO QUESO CHAMPIÑONES FRITA,UNIDAD,2,,,
EMPANADAS-RAPRITOS__SJME_DF_14MAYO.xlsx,SALIDAS RAPIFRITOS- ABRIL 10,1,6,PAPA DE (POLLO CARNE Y MEDIO HUEVO),UNIDAD,1,,,
EMPANADAS-RAPRITOS__SJME_DF_14MAYO.xlsx,SALIDAS RAPIFRITOS- ABRIL 10,1,7,AREPA DE HUEVO,UNIDAD,,,,
EMPANADAS-RAPRITOS__SJME_DF_14MAYO.xlsx,SALIDAS RAPIFRITOS- ABRIL 10,1,Observaciones:                                                                                                                                                                                                  A3:7(582814),,,,,,
EMPANADAS-RAPRITOS__SJME_DF_14MAYO.xlsx,SALIDAS RAPIFRITOS- ABRIL 10,1,Espacio para Nombre y firma DESPACHADOR,,Espacio para Nombre y firma RECEPTOR,,,,
EMPANADAS-RAPRITOS__SJME_DF_14MAYO.xlsx,SALIDAS RAPIFRITOS- ABRIL 10,2,1,EMPANADA HAWAIANA FRITA,UNIDAD,3,,,
EMPANADAS-RAPRITOS__SJME_DF_14MAYO.xlsx,SALIDAS RAPIFRITOS- ABRIL 10,2,2,EMPANADA DE YUCA (CARNE Y POLLO),UNIDAD,3,,,
EMPANADAS-RAPRITOS__SJME_DF_14MAYO.xlsx,SALIDAS RAPIFRITOS- ABRIL 10,2,3,EMPANADA MIXTA DE TRIGO,UNIDAD,5,,,
EMPANADAS-RAPRITOS__SJME_DF_14MAYO.xlsx,SALIDAS RAPIFRITOS- ABRIL 10,2,4,EMPANADA POLLO QUESO FRITA,UNIDAD,8,,,
EMPANADAS-RAPRITOS__SJME_DF_14MAYO.xlsx,SALIDAS RAPIFRITOS- ABRIL 10,2,5,FLAUTA POLLO QUESO CHAMPIÑONES FRITA,UNIDAD,10,,,
EMPANADAS-RAPRITOS__SJME_DF_14MAYO.xlsx,SALIDAS RAPIFRITOS- ABRIL 10,2,6,PAPA DE (POLLO CARNE Y MEDIO HUEVO),UNIDAD,3,,,
EMPANADAS-RAPRITOS__SJME_DF_14MAYO.xlsx,SALIDAS RAPIFRITOS- ABRIL 10,2,7,AREPA DE HUEVO,UNIDAD,,,,
EMPANADAS-RAPRITOS__SJME_DF_14MAYO.xlsx,SALIDAS RAPIFRITOS- ABRIL 10,2,Observaciones:                                                                                                                                                                                CT: 32  (582812),,,,,,
EMPANADAS-RAPRITOS__SJME_DF_14MAYO.xlsx,SALIDAS RAPIFRITOS- ABRIL 10,2,Espacio para Nombre y firma DESPACHADOR,,Espacio para Nombre y firma RECEPTOR,,,,
EMPANADAS-RAPRITOS__SJME_DF_14MAYO.xlsx,SALIDAS RAPIFRITOS- ABRIL 13,0,1,EMPANADA HAWAIANA FRITA,UNIDAD,,,,
EMPANADAS-RAPRITOS__SJME_DF_14MAYO.xlsx,SALIDAS RAPIFRITOS- ABRIL 13,0,2,EMPANADA DE YUCA (CARNE Y POLLO),UNIDAD,2,,,
EMPANADAS-RAPRITOS__SJME_DF_14MAYO.xlsx,SALIDAS RAPIFRITOS- ABRIL 13,0,3,EMPANADA MIXTA DE TRIGO,UNIDAD,,,,
EMPANADAS-RAPRITOS__SJME_DF_14MAYO.xlsx,SALIDAS RAPIFRITOS- ABRIL 13,0,4,EMPANADA POLLO QUESO FRITA,UNIDAD,3,,,
EMPANADAS-RAPRITOS__SJME_DF_14MAYO.xlsx,SALIDAS RAPIFRITOS- ABRIL 13,0,5,FLAUTA POLLO QUESO CHAMPIÑONES FRITA,UNIDAD,,,,
EMPANADAS-RAPRITOS__SJME_DF_14MAYO.xlsx,SALIDAS RAPIFRITOS- ABRIL 13,0,6,PAPA DE (POLLO CARNE Y MEDIO HUEVO),UNIDAD,2,,,
EMPANADAS-RAPRITOS__SJME_DF_14MAYO.xlsx,SALIDAS RAPIFRITOS- ABRIL 13,0,7,AREPA DE HUEVO,UNIDAD,,,,
EMPANADAS-RAPRITOS__SJME_DF_14MAYO.xlsx,SALIDAS RAPIFRITOS- ABRIL 13,0,Observaciones:                                                                                                                                                                                                  BE:7(583142),,,,,,
EMPANADAS-RAPRITOS__SJME_DF_14MAYO.xlsx,SALIDAS RAPIFRITOS- ABRIL 13,0,Espacio para Nombre y firma DESPACHADOR,,Espacio para Nombre y firma RECEPTOR,,,,
EMPANADAS-RAPRITOS__SJME_DF_14MAYO.xlsx,SALIDAS RAPIFRITOS- ABRIL 13,1,1,EMPANADA HAWAIANA FRITA,UNIDAD,,,,
EMPANADAS-RAPRITOS__SJME_DF_14MAYO.xlsx,SALIDAS RAPIFRITOS- ABRIL 13,1,2,EMPANADA DE YUCA (CARNE Y POLLO),UNIDAD,1,,,
EMPANADAS-RAPRITOS__SJME_DF_14MAYO.xlsx,SALIDAS RAPIFRITOS- ABRIL 13,1,3,EMPANADA MIXTA DE TRIGO,UNIDAD,,,,
EMPANADAS-RAPRITOS__SJME_DF_14MAYO.xlsx,SALIDAS RAPIFRITOS- ABRIL 13,1,4,EMPANADA POLLO QUESO FRITA,UNIDAD,3,,,
EMPANADAS-RAPRITOS__SJME_DF_14MAYO.xlsx,SALIDAS RAPIFRITOS- ABRIL 13,1,5,FLAUTA POLLO QUESO CHAMPIÑONES FRITA,UNIDAD,2,,,
EMPANADAS-RAPRITOS__SJME_DF_14MAYO.xlsx,SALIDAS RAPIFRITOS- ABRIL 13,1,6,PAPA DE (POLLO CARNE Y MEDIO HUEVO),UNIDAD,1,,,
EMPANADAS-RAPRITOS__SJME_DF_14MAYO.xlsx,SALIDAS RAPIFRITOS- ABRIL 13,1,7,AREPA DE HUEVO,UNIDAD,,,,
EMPANADAS-RAPRITOS__SJME_DF_14MAYO.xlsx,SALIDAS RAPIFRITOS- ABRIL 13,1,Observaciones:                                                                                                                                                                                                  A3:7(583143),,,,,,
EMPANADAS-RAPRITOS__SJME_DF_14MAYO.xlsx,SALIDAS RAPIFRITOS- ABRIL 13,1,Espacio para Nombre y firma DESPACHADOR,,Espacio para Nombre y firma RECEPTOR,,,,
EMPANADAS-RAPRITOS__SJME_DF_14MAYO.xlsx,SALIDAS RAPIFRITOS- ABRIL 13,2,1,EMPANADA HAWAIANA FRITA,UNIDAD,3,,,
EMPANADAS-RAPRITOS__SJME_DF_14MAYO.xlsx,SALIDAS RAPIFRITOS- ABRIL 13,2,2,EMPANADA DE YUCA (CARNE Y POLLO),UNIDAD,3,,,
EMPANADAS-RAPRITOS__SJME_DF_14MAYO.xlsx,SALIDAS RAPIFRITOS- ABRIL 13,2,3,EMPANADA MIXTA DE TRIGO,UNIDAD,5,,,
EMPANADAS-RAPRITOS__SJME_DF_14MAYO.xlsx,SALIDAS RAPIFRITOS- ABRIL 13,2,4,EMPANADA POLLO QUESO FRITA,UNIDAD,8,,,
EMPANADAS-RAPRITOS__SJME_DF_14MAYO.xlsx,SALIDAS RAPIFRITOS- ABRIL 13,2,5,FLAUTA POLLO QUESO CHAMPIÑONES FRITA,UNIDAD,10,,,
EMPANADAS-RAPRITOS__SJME_DF_14MAYO.xlsx,SALIDAS RAPIFRITOS- ABRIL 13,2,6,PAPA DE (POLLO CARNE Y MEDIO HUEVO),UNIDAD,3,,,
EMPANADAS-RAPRITOS__SJME_DF_14MAYO.xlsx,SALIDAS RAPIFRITOS- ABRIL 13,2,7,AREPA DE HUEVO,UNIDAD,,,,
EMPANADAS-RAPRITOS__SJME_DF_14MAYO.xlsx,SALIDAS RAPIFRITOS- ABRIL 13,2,Observaciones:                                                                                                                                                                                CT: 32  (583141),,,,,,
EMPANADAS-RAPRITOS__SJME_DF_14MAYO.xlsx,SALIDAS RAPIFRITOS- ABRIL 13,2,Espacio para Nombre y firma DESPACHADOR,,Espacio para Nombre y firma RECEPTOR,,,,
EMPANADAS-RAPRITOS__SJME_DF_14MAYO.xlsx,SALIDAS RAPIFRITOS- ABRIL 14,0,1,EMPANADA HAWAIANA FRITA,UNIDAD,,,,
EMPANADAS-RAPRITOS__SJME_DF_14MAYO.xlsx,SALIDAS RAPIFRITOS- ABRIL 14,0,2,EMPANADA DE YUCA (CARNE Y POLLO),UNIDAD,2,,,
EMPANADAS-RAPRITOS__SJME_DF_14MAYO.xlsx,SALIDAS RAPIFRITOS- ABRIL 14,0,3,EMPANADA MIXTA DE TRIGO,UNIDAD,,,,
EMPANADAS-RAPRITOS__SJME_DF_14MAYO.xlsx,SALIDAS RAPIFRITOS- ABRIL 14,0,4,EMPANADA POLLO QUESO FRITA,UNIDAD,3,,,
EMPANADAS-RAPRITOS__SJME_DF_14MAYO.xlsx,SALIDAS RAPIFRITOS- ABRIL 14,0,5,FLAUTA POLLO QUESO CHAMPIÑONES FRITA,UNIDAD,,,,
EMPANADAS-RAPRITOS__SJME_DF_14MAYO.xlsx,SALIDAS RAPIFRITOS- ABRIL 14,0,6,PAPA DE (POLLO CARNE Y MEDIO HUEVO),UNIDAD,2,,,
EMPANADAS-RAPRITOS__SJME_DF_14MAYO.xlsx,SALIDAS RAPIFRITOS- ABRIL 14,0,7,AREPA DE HUEVO,UNIDAD,,,,
EMPANADAS-RAPRITOS__SJME_DF_14MAYO.xlsx,SALIDAS RAPIFRITOS- ABRIL 14,0,Observaciones:                                                                                                                                                                                                  BE:7(583281),,,,,,
EMPANADAS-RAPRITOS__SJME_DF_14MAYO.xlsx,SALIDAS RAPIFRITOS- ABRIL 14,0,Espacio para Nombre y firma DESPACHADOR,,Espacio para Nombre y firma RECEPTOR,,,,
EMPANADAS-RAPRITOS__SJME_DF_14MAYO.xlsx,SALIDAS RAPIFRITOS- ABRIL 14,1,1,EMPANADA HAWAIANA FRITA,UNIDAD,,,,
EMPANADAS-RAPRITOS__SJME_DF_14MAYO.xlsx,SALIDAS RAPIFRITOS- ABRIL 14,1,2,EMPANADA DE YUCA (CARNE Y POLLO),UNIDAD,1,,,
EMPANADAS-RAPRITOS__SJME_DF_14MAYO.xlsx,SALIDAS RAPIFRITOS- ABRIL 14,1,3,EMPANADA MIXTA DE TRIGO,UNIDAD,,,,
EMPANADAS-RAPRITOS__SJME_DF_14MAYO.xlsx,SALIDAS RAPIFRITOS- ABRIL 14,1,4,EMPANADA POLLO QUESO FRITA,UNIDAD,3,,,
EMPANADAS-RAPRITOS__SJME_DF_14MAYO.xlsx,SALIDAS RAPIFRITOS- ABRIL 14,1,5,FLAUTA POLLO QUESO CHAMPIÑONES FRITA,UNIDAD,2,,,
EMPANADAS-RAPRITOS__SJME_DF_14MAYO.xlsx,SALIDAS RAPIFRITOS- ABRIL 14,1,6,PAPA DE (POLLO CARNE Y MEDIO HUEVO),UNIDAD,1,,,
EMPANADAS-RAPRITOS__SJME_DF_14MAYO.xlsx,SALIDAS RAPIFRITOS- ABRIL 14,1,7,AREPA DE HUEVO,UNIDAD,,,,
EMPANADAS-RAPRITOS__SJME_DF_14MAYO.xlsx,SALIDAS RAPIFRITOS- ABRIL 14,1,Observaciones:                                                                                                                                                                                                  A3:7(583282),,,,,,
EMPANADAS-RAPRITOS__SJME_DF_14MAYO.xlsx,SALIDAS RAPIFRITOS- ABRIL 14,1,Espacio para Nombre y firma DESPACHADOR,,Espacio para Nombre y firma RECEPTOR,,,,
EMPANADAS-RAPRITOS__SJME_DF_14MAYO.xlsx,SALIDAS RAPIFRITOS- ABRIL 14,2,1,EMPANADA HAWAIANA FRITA,UNIDAD,3,,,
EMPANADAS-RAPRITOS__SJME_DF_14MAYO.xlsx,SALIDAS RAPIFRITOS- ABRIL 14,2,2,EMPANADA DE YUCA (CARNE Y POLLO),UNIDAD,3,,,
EMPANADAS-RAPRITOS__SJME_DF_14MAYO.xlsx,SALIDAS RAPIFRITOS- ABRIL 14,2,3,EMPANADA MIXTA DE TRIGO,UNIDAD,5,,,
EMPANADAS-RAPRITOS__SJME_DF_14MAYO.xlsx,SALIDAS RAPIFRITOS- ABRIL 14,2,4,EMPANADA POLLO QUESO FRITA,UNIDAD,8,,,
EMPANADAS-RAPRITOS__SJME_DF_14MAYO.xlsx,SALIDAS RAPIFRITOS- ABRIL 14,2,5,FLAUTA POLLO QUESO CHAMPIÑONES FRITA,UNIDAD,10,,,
EMPANADAS-RAPRITOS__SJME_DF_14MAYO.xlsx,SALIDAS RAPIFRITOS- ABRIL 14,2,6,PAPA DE (POLLO CARNE Y MEDIO HUEVO),UNIDAD,3,,,
EMPANADAS-RAPRITOS__SJME_DF_14MAYO.xlsx,SALIDAS RAPIFRITOS- ABRIL 14,2,7,AREPA DE HUEVO,UNIDAD,,,,
EMPANADAS-RAPRITOS__SJME_DF_14MAYO.xlsx,SALIDAS RAPIFRITOS- ABRIL 14,2,Observaciones:                                                                                                                                                                                CT: 32  (583279),,,,,,
EMPANADAS-RAPRITOS__SJME_DF_14MAYO.xlsx,SALIDAS RAPIFRITOS- ABRIL 14,2,Espacio para Nombre y firma DESPACHADOR,,Espacio para Nombre y firma RECEPTOR,,,,
EMPANADAS-RAPRITOS__SJME_DF_14MAYO.xlsx,SALIDAS RAPIFRITOS- ABRIL 15,0,1,EMPANADA HAWAIANA FRITA,UNIDAD,,,,
EMPANADAS-RAPRITOS__SJME_DF_14MAYO.xlsx,SALIDAS RAPIFRITOS- ABRIL 15,0,2,EMPANADA DE YUCA (CARNE Y POLLO),UNIDAD,2,,,
EMPANADAS-RAPRITOS__SJME_DF_14MAYO.xlsx,SALIDAS RAPIFRITOS- ABRIL 15,0,3,EMPANADA MIXTA DE TRIGO,UNIDAD,,,,
EMPANADAS-RAPRITOS__SJME_DF_14MAYO.xlsx,SALIDAS RAPIFRITOS- ABRIL 15,0,4,EMPANADA POLLO QUESO FRITA,UNIDAD,3,,,
EMPANADAS-RAPRITOS__SJME_DF_14MAYO.xlsx,SALIDAS RAPIFRITOS- ABRIL 15,0,5,FLAUTA POLLO QUESO CHAMPIÑONES FRITA,UNIDAD,,,,
EMPANADAS-RAPRITOS__SJME_DF_14MAYO.xlsx,SALIDAS RAPIFRITOS- ABRIL 15,0,6,PAPA DE (POLLO CARNE Y MEDIO HUEVO),UNIDAD,2,,,
EMPANADAS-RAPRITOS__SJME_DF_14MAYO.xlsx,SALIDAS RAPIFRITOS- ABRIL 15,0,7,AREPA DE HUEVO,UNIDAD,,,,
EMPANADAS-RAPRITOS__SJME_DF_14MAYO.xlsx,SALIDAS RAPIFRITOS- ABRIL 15,0,Observaciones:                                                                                                                                                                                                  BE:7(583420),,,,,,
EMPANADAS-RAPRITOS__SJME_DF_14MAYO.xlsx,SALIDAS RAPIFRITOS- ABRIL 15,0,Espacio para Nombre y firma DESPACHADOR,,Espacio para Nombre y firma RECEPTOR,,,,
EMPANADAS-RAPRITOS__SJME_DF_14MAYO.xlsx,SALIDAS RAPIFRITOS- ABRIL 15,1,1,EMPANADA HAWAIANA FRITA,UNIDAD,,,,
EMPANADAS-RAPRITOS__SJME_DF_14MAYO.xlsx,SALIDAS RAPIFRITOS- ABRIL 15,1,2,EMPANADA DE YUCA (CARNE Y POLLO),UNIDAD,1,,,
EMPANADAS-RAPRITOS__SJME_DF_14MAYO.xlsx,SALIDAS RAPIFRITOS- ABRIL 15,1,3,EMPANADA MIXTA DE TRIGO,UNIDAD,,,,
EMPANADAS-RAPRITOS__SJME_DF_14MAYO.xlsx,SALIDAS RAPIFRITOS- ABRIL 15,1,4,EMPANADA POLLO QUESO FRITA,UNIDAD,3,,,
EMPANADAS-RAPRITOS__SJME_DF_14MAYO.xlsx,SALIDAS RAPIFRITOS- ABRIL 15,1,5,FLAUTA POLLO QUESO CHAMPIÑONES FRITA,UNIDAD,2,,,
EMPANADAS-RAPRITOS__SJME_DF_14MAYO.xlsx,SALIDAS RAPIFRITOS- ABRIL 15,1,6,PAPA DE (POLLO CARNE Y MEDIO HUEVO),UNIDAD,1,,,
EMPANADAS-RAPRITOS__SJME_DF_14MAYO.xlsx,SALIDAS RAPIFRITOS- ABRIL 15,1,7,AREPA DE HUEVO,UNIDAD,,,,
EMPANADAS-RAPRITOS__SJME_DF_14MAYO.xlsx,SALIDAS RAPIFRITOS- ABRIL 15,1,Observaciones:                                                                                                                                                                                                  A3:7(583421),,,,,,
EMPANADAS-RAPRITOS__SJME_DF_14MAYO.xlsx,SALIDAS RAPIFRITOS- ABRIL 15,1,Espacio para Nombre y firma DESPACHADOR,,Espacio para Nombre y firma RECEPTOR,,,,
EMPANADAS-RAPRITOS__SJME_DF_14MAYO.xlsx,SALIDAS RAPIFRITOS- ABRIL 15,2,1,EMPANADA HAWAIANA FRITA,UNIDAD,3,,,
EMPANADAS-RAPRITOS__SJME_DF_14MAYO.xlsx,SALIDAS RAPIFRITOS- ABRIL 15,2,2,EMPANADA DE YUCA (CARNE Y POLLO),UNIDAD,3,,,
EMPANADAS-RAPRITOS__SJME_DF_14MAYO.xlsx,SALIDAS RAPIFRITOS- ABRIL 15,2,3,EMPANADA MIXTA DE TRIGO,UNIDAD,5,,,
EMPANADAS-RAPRITOS__SJME_DF_14MAYO.xlsx,SALIDAS RAPIFRITOS- ABRIL 15,2,4,EMPANADA POLLO QUESO FRITA,UNIDAD,8,,,
EMPANADAS-RAPRITOS__SJME_DF_14MAYO.xlsx,SALIDAS RAPIFRITOS- ABRIL 15,2,5,FLAUTA POLLO QUESO CHAMPIÑONES FRITA,UNIDAD,10,,,
EMPANADAS-RAPRITOS__SJME_DF_14MAYO.xlsx,SALIDAS RAPIFRITOS- ABRIL 15,2,6,PAPA DE (POLLO CARNE Y MEDIO HUEVO),UNIDAD,3,,,
EMPANADAS-RAPRITOS__SJME_DF_14MAYO.xlsx,SALIDAS RAPIFRITOS- ABRIL 15,2,7,AREPA DE HUEVO,UNIDAD,,,,
EMPANADAS-RAPRITOS__SJME_DF_14MAYO.xlsx,SALIDAS RAPIFRITOS- ABRIL 15,2,Observaciones:                                                                                                                                                                                CT: 32  (583419),,,,,,
EMPANADAS-RAPRITOS__SJME_DF_14MAYO.xlsx,SALIDAS RAPIFRITOS- ABRIL 15,2,Espacio para Nombre y firma DESPACHADOR,,Espacio para Nombre y firma RECEPTOR,,,,
EMPANADAS-RAPRITOS__SJME_DF_14MAYO.xlsx,SALIDAS RAPIFRITOS- ABRIL 16,0,1,EMPANADA HAWAIANA FRITA,UNIDAD,,,,
EMPANADAS-RAPRITOS__SJME_DF_14MAYO.xlsx,SALIDAS RAPIFRITOS- ABRIL 16,0,2,EMPANADA DE YUCA (CARNE Y POLLO),UNIDAD,3,,,
EMPANADAS-RAPRITOS__SJME_DF_14MAYO.xlsx,SALIDAS RAPIFRITOS- ABRIL 16,0,3,EMPANADA MIXTA DE TRIGO,UNIDAD,,,,
EMPANADAS-RAPRITOS__SJME_DF_14MAYO.xlsx,SALIDAS RAPIFRITOS- ABRIL 16,0,4,EMPANADA POLLO QUESO FRITA,UNIDAD,,,,
EMPANADAS-RAPRITOS__SJME_DF_14MAYO.xlsx,SALIDAS RAPIFRITOS- ABRIL 16,0,5,FLAUTA POLLO QUESO CHAMPIÑONES FRITA,UNIDAD,2,,,
EMPANADAS-RAPRITOS__SJME_DF_14MAYO.xlsx,SALIDAS RAPIFRITOS- ABRIL 16,0,6,PAPA DE (POLLO CARNE Y MEDIO HUEVO),UNIDAD,4,,,
EMPANADAS-RAPRITOS__SJME_DF_14MAYO.xlsx,SALIDAS RAPIFRITOS- ABRIL 16,0,7,AREPA DE HUEVO,UNIDAD,,,,
EMPANADAS-RAPRITOS__SJME_DF_14MAYO.xlsx,SALIDAS RAPIFRITOS- ABRIL 16,0,Observaciones:                                                                                                                                                                                                  BE:9(583572),,,,,,
EMPANADAS-RAPRITOS__SJME_DF_14MAYO.xlsx,SALIDAS RAPIFRITOS- ABRIL 16,0,Espacio para Nombre y firma DESPACHADOR,,Espacio para Nombre y firma RECEPTOR,,,,
EMPANADAS-RAPRITOS__SJME_DF_14MAYO.xlsx,SALIDAS RAPIFRITOS- ABRIL 16,1,1,EMPANADA HAWAIANA FRITA,UNIDAD,,,,
EMPANADAS-RAPRITOS__SJME_DF_14MAYO.xlsx,SALIDAS RAPIFRITOS- ABRIL 16,1,2,EMPANADA DE YUCA (CARNE Y POLLO),UNIDAD,1,,,
EMPANADAS-RAPRITOS__SJME_DF_14MAYO.xlsx,SALIDAS RAPIFRITOS- ABRIL 16,1,3,EMPANADA MIXTA DE TRIGO,UNIDAD,2,,,
EMPANADAS-RAPRITOS__SJME_DF_14MAYO.xlsx,SALIDAS RAPIFRITOS- ABRIL 16,1,4,EMPANADA POLLO QUESO FRITA,UNIDAD,5,,,
EMPANADAS-RAPRITOS__SJME_DF_14MAYO.xlsx,SALIDAS RAPIFRITOS- ABRIL 16,1,5,FLAUTA POLLO QUESO CHAMPIÑONES FRITA,UNIDAD,2,,,
EMPANADAS-RAPRITOS__SJME_DF_14MAYO.xlsx,SALIDAS RAPIFRITOS- ABRIL 16,1,6,PAPA DE (POLLO CARNE Y MEDIO HUEVO),UNIDAD,2,,,
EMPANADAS-RAPRITOS__SJME_DF_14MAYO.xlsx,SALIDAS RAPIFRITOS- ABRIL 16,1,7,AREPA DE HUEVO,UNIDAD,,,,
EMPANADAS-RAPRITOS__SJME_DF_14MAYO.xlsx,SALIDAS RAPIFRITOS- ABRIL 16,1,Observaciones:                                                                                                                                                                                                  A3:12(583571),,,,,,
EMPANADAS-RAPRITOS__SJME_DF_14MAYO.xlsx,SALIDAS RAPIFRITOS- ABRIL 16,1,Espacio para Nombre y firma DESPACHADOR,,Espacio para Nombre y firma RECEPTOR,,,,
EMPANADAS-RAPRITOS__SJME_DF_14MAYO.xlsx,SALIDAS RAPIFRITOS- ABRIL 16,2,1,EMPANADA HAWAIANA FRITA,UNIDAD,3,,,
EMPANADAS-RAPRITOS__SJME_DF_14MAYO.xlsx,SALIDAS RAPIFRITOS- ABRIL 16,2,2,EMPANADA DE YUCA (CARNE Y POLLO),UNIDAD,3,,,
EMPANADAS-RAPRITOS__SJME_DF_14MAYO.xlsx,SALIDAS RAPIFRITOS- ABRIL 16,2,3,EMPANADA MIXTA DE TRIGO,UNIDAD,,,,
EMPANADAS-RAPRITOS__SJME_DF_14MAYO.xlsx,SALIDAS RAPIFRITOS- ABRIL 16,2,4,EMPANADA POLLO QUESO FRITA,UNIDAD,11,,,
EMPANADAS-RAPRITOS__SJME_DF_14MAYO.xlsx,SALIDAS RAPIFRITOS- ABRIL 16,2,5,FLAUTA POLLO QUESO CHAMPIÑONES FRITA,UNIDAD,15,,,
EMPANADAS-RAPRITOS__SJME_DF_14MAYO.xlsx,SALIDAS RAPIFRITOS- ABRIL 16,2,6,PAPA DE (POLLO CARNE Y MEDIO HUEVO),UNIDAD,3,,,
EMPANADAS-RAPRITOS__SJME_DF_14MAYO.xlsx,SALIDAS RAPIFRITOS- ABRIL 16,2,7,AREPA DE HUEVO,UNIDAD,,,,
EMPANADAS-RAPRITOS__SJME_DF_14MAYO.xlsx,SALIDAS RAPIFRITOS- ABRIL 16,2,Observaciones:                                                                                                                                                                                CT: 35  (583570),,,,,,
EMPANADAS-RAPRITOS__SJME_DF_14MAYO.xlsx,SALIDAS RAPIFRITOS- ABRIL 16,2,Espacio para Nombre y firma DESPACHADOR,,Espacio para Nombre y firma RECEPTOR,,,,
EMPANADAS-RAPRITOS__SJME_DF_14MAYO.xlsx, RAPIFRITOS- ABRIL 17,0,1,EMPANADA HAWAIANA FRITA,UNIDAD,,,,
EMPANADAS-RAPRITOS__SJME_DF_14MAYO.xlsx, RAPIFRITOS- ABRIL 17,0,2,EMPANADA DE YUCA (CARNE Y POLLO),UNIDAD,,,,
EMPANADAS-RAPRITOS__SJME_DF_14MAYO.xlsx, RAPIFRITOS- ABRIL 17,0,3,EMPANADA MIXTA DE TRIGO,UNIDAD,,,,
EMPANADAS-RAPRITOS__SJME_DF_14MAYO.xlsx, RAPIFRITOS- ABRIL 17,0,4,EMPANADA POLLO QUESO FRITA,UNIDAD,,,,
EMPANADAS-RAPRITOS__SJME_DF_14MAYO.xlsx, RAPIFRITOS- ABRIL 17,0,5,FLAUTA POLLO QUESO CHAMPIÑONES FRITA,UNIDAD,,,,
EMPANADAS-RAPRITOS__SJME_DF_14MAYO.xlsx, RAPIFRITOS- ABRIL 17,0,6,PAPA DE (POLLO CARNE Y MEDIO HUEVO),UNIDAD,,,,
EMPANADAS-RAPRITOS__SJME_DF_14MAYO.xlsx, RAPIFRITOS- ABRIL 17,0,7,AREPA DE HUEVO,UNIDAD,,,,
EMPANADAS-RAPRITOS__SJME_DF_14MAYO.xlsx, RAPIFRITOS- ABRIL 17,0,Observaciones:                                                                                                                                                                                                  BE:(),,,,,,
EMPANADAS-RAPRITOS__SJME_DF_14MAYO.xlsx, RAPIFRITOS- ABRIL 17,0,Espacio para Nombre y firma DESPACHADOR,,Espacio para Nombre y firma RECEPTOR,,,,
EMPANADAS-RAPRITOS__SJME_DF_14MAYO.xlsx, RAPIFRITOS- ABRIL 17,1,1,EMPANADA HAWAIANA FRITA,UNIDAD,,,,
EMPANADAS-RAPRITOS__SJME_DF_14MAYO.xlsx, RAPIFRITOS- ABRIL 17,1,2,EMPANADA DE YUCA (CARNE Y POLLO),UNIDAD,1,,,
EMPANADAS-RAPRITOS__SJME_DF_14MAYO.xlsx, RAPIFRITOS- ABRIL 17,1,3,EMPANADA MIXTA DE TRIGO,UNIDAD,,,,
EMPANADAS-RAPRITOS__SJME_DF_14MAYO.xlsx, RAPIFRITOS- ABRIL 17,1,4,EMPANADA POLLO QUESO FRITA,UNIDAD,3,,,
EMPANADAS-RAPRITOS__SJME_DF_14MAYO.xlsx, RAPIFRITOS- ABRIL 17,1,5,FLAUTA POLLO QUESO CHAMPIÑONES FRITA,UNIDAD,2,,,
EMPANADAS-RAPRITOS__SJME_DF_14MAYO.xlsx, RAPIFRITOS- ABRIL 17,1,6,PAPA DE (POLLO CARNE Y MEDIO HUEVO),UNIDAD,2,,,
EMPANADAS-RAPRITOS__SJME_DF_14MAYO.xlsx, RAPIFRITOS- ABRIL 17,1,7,AREPA DE HUEVO,UNIDAD,,,,
EMPANADAS-RAPRITOS__SJME_DF_14MAYO.xlsx, RAPIFRITOS- ABRIL 17,1,Observaciones:                                                                                                                                                                                                  A3:8(583711),,,,,,
EMPANADAS-RAPRITOS__SJME_DF_14MAYO.xlsx, RAPIFRITOS- ABRIL 17,1,Espacio para Nombre y firma DESPACHADOR,,Espacio para Nombre y firma RECEPTOR,,,,
EMPANADAS-RAPRITOS__SJME_DF_14MAYO.xlsx, RAPIFRITOS- ABRIL 17,2,1,EMPANADA HAWAIANA FRITA,UNIDAD,3,,,
EMPANADAS-RAPRITOS__SJME_DF_14MAYO.xlsx, RAPIFRITOS- ABRIL 17,2,2,EMPANADA DE YUCA (CARNE Y POLLO),UNIDAD,3,,,
EMPANADAS-RAPRITOS__SJME_DF_14MAYO.xlsx, RAPIFRITOS- ABRIL 17,2,3,EMPANADA MIXTA DE TRIGO,UNIDAD,5,,,
EMPANADAS-RAPRITOS__SJME_DF_14MAYO.xlsx, RAPIFRITOS- ABRIL 17,2,4,EMPANADA POLLO QUESO FRITA,UNIDAD,8,,,
EMPANADAS-RAPRITOS__SJME_DF_14MAYO.xlsx, RAPIFRITOS- ABRIL 17,2,5,FLAUTA POLLO QUESO CHAMPIÑONES FRITA,UNIDAD,8,,,
EMPANADAS-RAPRITOS__SJME_DF_14MAYO.xlsx, RAPIFRITOS- ABRIL 17,2,6,PAPA DE (POLLO CARNE Y MEDIO HUEVO),UNIDAD,3,,,
EMPANADAS-RAPRITOS__SJME_DF_14MAYO.xlsx, RAPIFRITOS- ABRIL 17,2,7,AREPA DE HUEVO,UNIDAD,,,,
EMPANADAS-RAPRITOS__SJME_DF_14MAYO.xlsx, RAPIFRITOS- ABRIL 17,2,Observaciones:                                                                                                                                                                                CT: 30 (583710),,,,,,
EMPANADAS-RAPRITOS__SJME_DF_14MAYO.xlsx, RAPIFRITOS- ABRIL 17,2,Espacio para Nombre y firma DESPACHADOR,,Espacio para Nombre y firma RECEPTOR,,,,
EMPANADAS-RAPRITOS__SJME_DF_14MAYO.xlsx, SALIDAS RAPIFRITOS- ABRIL 20,0,1,EMPANADA HAWAIANA FRITA,UNIDAD,,,,
EMPANADAS-RAPRITOS__SJME_DF_14MAYO.xlsx, SALIDAS RAPIFRITOS- ABRIL 20,0,2,EMPANADA DE YUCA (CARNE Y POLLO),UNIDAD,3,,,
EMPANADAS-RAPRITOS__SJME_DF_14MAYO.xlsx, SALIDAS RAPIFRITOS- ABRIL 20,0,3,EMPANADA MIXTA DE TRIGO,UNIDAD,,,,
EMPANADAS-RAPRITOS__SJME_DF_14MAYO.xlsx, SALIDAS RAPIFRITOS- ABRIL 20,0,4,EMPANADA POLLO QUESO FRITA,UNIDAD,,,,
EMPANADAS-RAPRITOS__SJME_DF_14MAYO.xlsx, SALIDAS RAPIFRITOS- ABRIL 20,0,5,FLAUTA POLLO QUESO CHAMPIÑONES FRITA,UNIDAD,2,,,
EMPANADAS-RAPRITOS__SJME_DF_14MAYO.xlsx, SALIDAS RAPIFRITOS- ABRIL 20,0,6,PAPA DE (POLLO CARNE Y MEDIO HUEVO),UNIDAD,4,,,
EMPANADAS-RAPRITOS__SJME_DF_14MAYO.xlsx, SALIDAS RAPIFRITOS- ABRIL 20,0,7,AREPA DE HUEVO,UNIDAD,,,,
EMPANADAS-RAPRITOS__SJME_DF_14MAYO.xlsx, SALIDAS RAPIFRITOS- ABRIL 20,0,Observaciones:                                                                                                                                                                                                  BE:9(584068),,,,,,
EMPANADAS-RAPRITOS__SJME_DF_14MAYO.xlsx, SALIDAS RAPIFRITOS- ABRIL 20,0,Espacio para Nombre y firma DESPACHADOR,,Espacio para Nombre y firma RECEPTOR,,,,
EMPANADAS-RAPRITOS__SJME_DF_14MAYO.xlsx, SALIDAS RAPIFRITOS- ABRIL 20,1,1,EMPANADA HAWAIANA FRITA,UNIDAD,,,,
EMPANADAS-RAPRITOS__SJME_DF_14MAYO.xlsx, SALIDAS RAPIFRITOS- ABRIL 20,1,2,EMPANADA DE YUCA (CARNE Y POLLO),UNIDAD,1,,,
EMPANADAS-RAPRITOS__SJME_DF_14MAYO.xlsx, SALIDAS RAPIFRITOS- ABRIL 20,1,3,EMPANADA MIXTA DE TRIGO,UNIDAD,2,,,
EMPANADAS-RAPRITOS__SJME_DF_14MAYO.xlsx, SALIDAS RAPIFRITOS- ABRIL 20,1,4,EMPANADA POLLO QUESO FRITA,UNIDAD,5,,,
EMPANADAS-RAPRITOS__SJME_DF_14MAYO.xlsx, SALIDAS RAPIFRITOS- ABRIL 20,1,5,FLAUTA POLLO QUESO CHAMPIÑONES FRITA,UNIDAD,2,,,
EMPANADAS-RAPRITOS__SJME_DF_14MAYO.xlsx, SALIDAS RAPIFRITOS- ABRIL 20,1,6,PAPA DE (POLLO CARNE Y MEDIO HUEVO),UNIDAD,2,,,
EMPANADAS-RAPRITOS__SJME_DF_14MAYO.xlsx, SALIDAS RAPIFRITOS- ABRIL 20,1,7,AREPA DE HUEVO,UNIDAD,,,,
EMPANADAS-RAPRITOS__SJME_DF_14MAYO.xlsx, SALIDAS RAPIFRITOS- ABRIL 20,1,Observaciones:                                                                                                                                                                                                  A3:12(584067),,,,,,
EMPANADAS-RAPRITOS__SJME_DF_14MAYO.xlsx, SALIDAS RAPIFRITOS- ABRIL 20,1,Espacio para Nombre y firma DESPACHADOR,,Espacio para Nombre y firma RECEPTOR,,,,
EMPANADAS-RAPRITOS__SJME_DF_14MAYO.xlsx, SALIDAS RAPIFRITOS- ABRIL 20,2,1,EMPANADA HAWAIANA FRITA,UNIDAD,3,,,
EMPANADAS-RAPRITOS__SJME_DF_14MAYO.xlsx, SALIDAS RAPIFRITOS- ABRIL 20,2,2,EMPANADA DE YUCA (CARNE Y POLLO),UNIDAD,3,,,
EMPANADAS-RAPRITOS__SJME_DF_14MAYO.xlsx, SALIDAS RAPIFRITOS- ABRIL 20,2,3,EMPANADA MIXTA DE TRIGO,UNIDAD,,,,
EMPANADAS-RAPRITOS__SJME_DF_14MAYO.xlsx, SALIDAS RAPIFRITOS- ABRIL 20,2,4,EMPANADA POLLO QUESO FRITA,UNIDAD,11,,,
EMPANADAS-RAPRITOS__SJME_DF_14MAYO.xlsx, SALIDAS RAPIFRITOS- ABRIL 20,2,5,FLAUTA POLLO QUESO CHAMPIÑONES FRITA,UNIDAD,15,,,
EMPANADAS-RAPRITOS__SJME_DF_14MAYO.xlsx, SALIDAS RAPIFRITOS- ABRIL 20,2,6,PAPA DE (POLLO CARNE Y MEDIO HUEVO),UNIDAD,3,,,
EMPANADAS-RAPRITOS__SJME_DF_14MAYO.xlsx, SALIDAS RAPIFRITOS- ABRIL 20,2,7,AREPA DE HUEVO,UNIDAD,,,,
EMPANADAS-RAPRITOS__SJME_DF_14MAYO.xlsx, SALIDAS RAPIFRITOS- ABRIL 20,2,Observaciones:                                                                                                                                                                                                  BE:35(584066),,,,,,
EMPANADAS-RAPRITOS__SJME_DF_14MAYO.xlsx, SALIDAS RAPIFRITOS- ABRIL 20,2,Espacio para Nombre y firma DESPACHADOR,,Espacio para Nombre y firma RECEPTOR,,,,
EMPANADAS-RAPRITOS__SJME_DF_14MAYO.xlsx,  SALIDAS RAPIFRITOS- ABRIL 21,0,1,EMPANADA HAWAIANA FRITA,UNIDAD,,,,
EMPANADAS-RAPRITOS__SJME_DF_14MAYO.xlsx,  SALIDAS RAPIFRITOS- ABRIL 21,0,2,EMPANADA DE YUCA (CARNE Y POLLO),UNIDAD,3,,,
EMPANADAS-RAPRITOS__SJME_DF_14MAYO.xlsx,  SALIDAS RAPIFRITOS- ABRIL 21,0,3,EMPANADA MIXTA DE TRIGO,UNIDAD,,,,
EMPANADAS-RAPRITOS__SJME_DF_14MAYO.xlsx,  SALIDAS RAPIFRITOS- ABRIL 21,0,4,EMPANADA POLLO QUESO FRITA,UNIDAD,,,,
EMPANADAS-RAPRITOS__SJME_DF_14MAYO.xlsx,  SALIDAS RAPIFRITOS- ABRIL 21,0,5,FLAUTA POLLO QUESO CHAMPIÑONES FRITA,UNIDAD,2,,,
EMPANADAS-RAPRITOS__SJME_DF_14MAYO.xlsx,  SALIDAS RAPIFRITOS- ABRIL 21,0,6,PAPA DE (POLLO CARNE Y MEDIO HUEVO),UNIDAD,4,,,
EMPANADAS-RAPRITOS__SJME_DF_14MAYO.xlsx,  SALIDAS RAPIFRITOS- ABRIL 21,0,7,AREPA DE HUEVO,UNIDAD,,,,
EMPANADAS-RAPRITOS__SJME_DF_14MAYO.xlsx,  SALIDAS RAPIFRITOS- ABRIL 21,0,Observaciones:                                                                                                                                                                                                  A3:9(584208),,,,,,
EMPANADAS-RAPRITOS__SJME_DF_14MAYO.xlsx,  SALIDAS RAPIFRITOS- ABRIL 21,0,Espacio para Nombre y firma DESPACHADOR,,Espacio para Nombre y firma RECEPTOR,,,,
EMPANADAS-RAPRITOS__SJME_DF_14MAYO.xlsx,  SALIDAS RAPIFRITOS- ABRIL 21,1,1,EMPANADA HAWAIANA FRITA,UNIDAD,,,,
EMPANADAS-RAPRITOS__SJME_DF_14MAYO.xlsx,  SALIDAS RAPIFRITOS- ABRIL 21,1,2,EMPANADA DE YUCA (CARNE Y POLLO),UNIDAD,,,,
EMPANADAS-RAPRITOS__SJME_DF_14MAYO.xlsx,  SALIDAS RAPIFRITOS- ABRIL 21,1,3,EMPANADA MIXTA DE TRIGO,UNIDAD,,,,
EMPANADAS-RAPRITOS__SJME_DF_14MAYO.xlsx,  SALIDAS RAPIFRITOS- ABRIL 21,1,4,EMPANADA POLLO QUESO FRITA,UNIDAD,3,,,
EMPANADAS-RAPRITOS__SJME_DF_14MAYO.xlsx,  SALIDAS RAPIFRITOS- ABRIL 21,1,5,FLAUTA POLLO QUESO CHAMPIÑONES FRITA,UNIDAD,2,,,
EMPANADAS-RAPRITOS__SJME_DF_14MAYO.xlsx,  SALIDAS RAPIFRITOS- ABRIL 21,1,6,PAPA DE (POLLO CARNE Y MEDIO HUEVO),UNIDAD,2,,,
EMPANADAS-RAPRITOS__SJME_DF_14MAYO.xlsx,  SALIDAS RAPIFRITOS- ABRIL 21,1,7,AREPA DE HUEVO,UNIDAD,,,,
EMPANADAS-RAPRITOS__SJME_DF_14MAYO.xlsx,  SALIDAS RAPIFRITOS- ABRIL 21,1,Observaciones:                                                                                                                                                                                                  BE:7(584207),,,,,,
EMPANADAS-RAPRITOS__SJME_DF_14MAYO.xlsx,  SALIDAS RAPIFRITOS- ABRIL 21,1,Espacio para Nombre y firma DESPACHADOR,,Espacio para Nombre y firma RECEPTOR,,,,
EMPANADAS-RAPRITOS__SJME_DF_14MAYO.xlsx,  SALIDAS RAPIFRITOS- ABRIL 21,2,1,EMPANADA HAWAIANA FRITA,UNIDAD,3,,,
EMPANADAS-RAPRITOS__SJME_DF_14MAYO.xlsx,  SALIDAS RAPIFRITOS- ABRIL 21,2,2,EMPANADA DE YUCA (CARNE Y POLLO),UNIDAD,3,,,
EMPANADAS-RAPRITOS__SJME_DF_14MAYO.xlsx,  SALIDAS RAPIFRITOS- ABRIL 21,2,3,EMPANADA MIXTA DE TRIGO,UNIDAD,,,,
EMPANADAS-RAPRITOS__SJME_DF_14MAYO.xlsx,  SALIDAS RAPIFRITOS- ABRIL 21,2,4,EMPANADA POLLO QUESO FRITA,UNIDAD,11,,,
EMPANADAS-RAPRITOS__SJME_DF_14MAYO.xlsx,  SALIDAS RAPIFRITOS- ABRIL 21,2,5,FLAUTA POLLO QUESO CHAMPIÑONES FRITA,UNIDAD,10,,,
EMPANADAS-RAPRITOS__SJME_DF_14MAYO.xlsx,  SALIDAS RAPIFRITOS- ABRIL 21,2,6,PAPA DE (POLLO CARNE Y MEDIO HUEVO),UNIDAD,3,,,
EMPANADAS-RAPRITOS__SJME_DF_14MAYO.xlsx,  SALIDAS RAPIFRITOS- ABRIL 21,2,7,AREPA DE HUEVO,UNIDAD,,,,
EMPANADAS-RAPRITOS__SJME_DF_14MAYO.xlsx,  SALIDAS RAPIFRITOS- ABRIL 21,2,Observaciones:                                                                                                                                                                                                  CT:30(584206),,,,,,
EMPANADAS-RAPRITOS__SJME_DF_14MAYO.xlsx,  SALIDAS RAPIFRITOS- ABRIL 21,2,Espacio para Nombre y firma DESPACHADOR,,Espacio para Nombre y firma RECEPTOR,,,,
EMPANADAS-RAPRITOS__SJME_DF_14MAYO.xlsx,SALIDAS RAPIFRITOS- ABRIL 22,0,1,EMPANADA HAWAIANA FRITA,UNIDAD,,,,
EMPANADAS-RAPRITOS__SJME_DF_14MAYO.xlsx,SALIDAS RAPIFRITOS- ABRIL 22,0,2,EMPANADA DE YUCA (CARNE Y POLLO),UNIDAD,3,,,
EMPANADAS-RAPRITOS__SJME_DF_14MAYO.xlsx,SALIDAS RAPIFRITOS- ABRIL 22,0,3,EMPANADA MIXTA DE TRIGO,UNIDAD,,,,
EMPANADAS-RAPRITOS__SJME_DF_14MAYO.xlsx,SALIDAS RAPIFRITOS- ABRIL 22,0,4,EMPANADA POLLO QUESO FRITA,UNIDAD,,,,
EMPANADAS-RAPRITOS__SJME_DF_14MAYO.xlsx,SALIDAS RAPIFRITOS- ABRIL 22,0,5,FLAUTA POLLO QUESO CHAMPIÑONES FRITA,UNIDAD,2,,,
EMPANADAS-RAPRITOS__SJME_DF_14MAYO.xlsx,SALIDAS RAPIFRITOS- ABRIL 22,0,6,PAPA DE (POLLO CARNE Y MEDIO HUEVO),UNIDAD,4,,,
EMPANADAS-RAPRITOS__SJME_DF_14MAYO.xlsx,SALIDAS RAPIFRITOS- ABRIL 22,0,7,AREPA DE HUEVO,UNIDAD,,,,
EMPANADAS-RAPRITOS__SJME_DF_14MAYO.xlsx,SALIDAS RAPIFRITOS- ABRIL 22,0,Observaciones:                                                                                                                                                                                                 A3:9(584373),,,,,,
EMPANADAS-RAPRITOS__SJME_DF_14MAYO.xlsx,SALIDAS RAPIFRITOS- ABRIL 22,0,Espacio para Nombre y firma DESPACHADOR,,Espacio para Nombre y firma RECEPTOR,,,,
EMPANADAS-RAPRITOS__SJME_DF_14MAYO.xlsx,SALIDAS RAPIFRITOS- ABRIL 22,1,1,EMPANADA HAWAIANA FRITA,UNIDAD,,,,
EMPANADAS-RAPRITOS__SJME_DF_14MAYO.xlsx,SALIDAS RAPIFRITOS- ABRIL 22,1,2,EMPANADA DE YUCA (CARNE Y POLLO),UNIDAD,,,,
EMPANADAS-RAPRITOS__SJME_DF_14MAYO.xlsx,SALIDAS RAPIFRITOS- ABRIL 22,1,3,EMPANADA MIXTA DE TRIGO,UNIDAD,,,,
EMPANADAS-RAPRITOS__SJME_DF_14MAYO.xlsx,SALIDAS RAPIFRITOS- ABRIL 22,1,4,EMPANADA POLLO QUESO FRITA,UNIDAD,3,,,
EMPANADAS-RAPRITOS__SJME_DF_14MAYO.xlsx,SALIDAS RAPIFRITOS- ABRIL 22,1,5,FLAUTA POLLO QUESO CHAMPIÑONES FRITA,UNIDAD,1,,,
EMPANADAS-RAPRITOS__SJME_DF_14MAYO.xlsx,SALIDAS RAPIFRITOS- ABRIL 22,1,6,PAPA DE (POLLO CARNE Y MEDIO HUEVO),UNIDAD,2,,,
EMPANADAS-RAPRITOS__SJME_DF_14MAYO.xlsx,SALIDAS RAPIFRITOS- ABRIL 22,1,7,AREPA DE HUEVO,UNIDAD,,,,
EMPANADAS-RAPRITOS__SJME_DF_14MAYO.xlsx,SALIDAS RAPIFRITOS- ABRIL 22,1,Observaciones:                                                                                                                                                                                                  BE:6(584372),,,,,,
EMPANADAS-RAPRITOS__SJME_DF_14MAYO.xlsx,SALIDAS RAPIFRITOS- ABRIL 22,1,Espacio para Nombre y firma DESPACHADOR,,Espacio para Nombre y firma RECEPTOR,,,,
EMPANADAS-RAPRITOS__SJME_DF_14MAYO.xlsx,SALIDAS RAPIFRITOS- ABRIL 22,2,1,EMPANADA HAWAIANA FRITA,UNIDAD,3,,,
EMPANADAS-RAPRITOS__SJME_DF_14MAYO.xlsx,SALIDAS RAPIFRITOS- ABRIL 22,2,2,EMPANADA DE YUCA (CARNE Y POLLO),UNIDAD,3,,,
EMPANADAS-RAPRITOS__SJME_DF_14MAYO.xlsx,SALIDAS RAPIFRITOS- ABRIL 22,2,3,EMPANADA MIXTA DE TRIGO,UNIDAD,4,,,
EMPANADAS-RAPRITOS__SJME_DF_14MAYO.xlsx,SALIDAS RAPIFRITOS- ABRIL 22,2,4,EMPANADA POLLO QUESO FRITA,UNIDAD,11,,,
EMPANADAS-RAPRITOS__SJME_DF_14MAYO.xlsx,SALIDAS RAPIFRITOS- ABRIL 22,2,5,FLAUTA POLLO QUESO CHAMPIÑONES FRITA,UNIDAD,10,,,
EMPANADAS-RAPRITOS__SJME_DF_14MAYO.xlsx,SALIDAS RAPIFRITOS- ABRIL 22,2,6,PAPA DE (POLLO CARNE Y MEDIO HUEVO),UNIDAD,3,,,
EMPANADAS-RAPRITOS__SJME_DF_14MAYO.xlsx,SALIDAS RAPIFRITOS- ABRIL 22,2,7,AREPA DE HUEVO,UNIDAD,,,,
EMPANADAS-RAPRITOS__SJME_DF_14MAYO.xlsx,SALIDAS RAPIFRITOS- ABRIL 22,2,Observaciones:                                                                                                                                                                                                  CT:34(584371),,,,,,
EMPANADAS-RAPRITOS__SJME_DF_14MAYO.xlsx,SALIDAS RAPIFRITOS- ABRIL 22,2,Espacio para Nombre y firma DESPACHADOR,,Espacio para Nombre y firma RECEPTOR,,,,
EMPANADAS-RAPRITOS__SJME_DF_14MAYO.xlsx,  SALIDAS RAPIFRITOS- ABRIL 23,0,1,EMPANADA HAWAIANA FRITA,UNIDAD,3,,,
EMPANADAS-RAPRITOS__SJME_DF_14MAYO.xlsx,  SALIDAS RAPIFRITOS- ABRIL 23,0,2,EMPANADA DE YUCA (CARNE Y POLLO),UNIDAD,3,,,
EMPANADAS-RAPRITOS__SJME_DF_14MAYO.xlsx,  SALIDAS RAPIFRITOS- ABRIL 23,0,3,EMPANADA MIXTA DE TRIGO,UNIDAD,4,,,
EMPANADAS-RAPRITOS__SJME_DF_14MAYO.xlsx,  SALIDAS RAPIFRITOS- ABRIL 23,0,4,EMPANADA POLLO QUESO FRITA,UNIDAD,8,,,
EMPANADAS-RAPRITOS__SJME_DF_14MAYO.xlsx,  SALIDAS RAPIFRITOS- ABRIL 23,0,5,FLAUTA POLLO QUESO CHAMPIÑONES FRITA,UNIDAD,8,,,
EMPANADAS-RAPRITOS__SJME_DF_14MAYO.xlsx,  SALIDAS RAPIFRITOS- ABRIL 23,0,6,PAPA DE (POLLO CARNE Y MEDIO HUEVO),UNIDAD,3,,,
EMPANADAS-RAPRITOS__SJME_DF_14MAYO.xlsx,  SALIDAS RAPIFRITOS- ABRIL 23,0,7,AREPA DE HUEVO,UNIDAD,,,,
EMPANADAS-RAPRITOS__SJME_DF_14MAYO.xlsx,  SALIDAS RAPIFRITOS- ABRIL 23,0,Observaciones:                                                                                                                                                                                                 CT:29(584503),,,,,,
EMPANADAS-RAPRITOS__SJME_DF_14MAYO.xlsx,  SALIDAS RAPIFRITOS- ABRIL 23,0,Espacio para Nombre y firma DESPACHADOR,,Espacio para Nombre y firma RECEPTOR,,,,
EMPANADAS-RAPRITOS__SJME_DF_14MAYO.xlsx,  SALIDAS RAPIFRITOS- ABRIL 23,1,1,EMPANADA HAWAIANA FRITA,UNIDAD,,,,
EMPANADAS-RAPRITOS__SJME_DF_14MAYO.xlsx,  SALIDAS RAPIFRITOS- ABRIL 23,1,2,EMPANADA DE YUCA (CARNE Y POLLO),UNIDAD,,,,
EMPANADAS-RAPRITOS__SJME_DF_14MAYO.xlsx,  SALIDAS RAPIFRITOS- ABRIL 23,1,3,EMPANADA MIXTA DE TRIGO,UNIDAD,,,,
EMPANADAS-RAPRITOS__SJME_DF_14MAYO.xlsx,  SALIDAS RAPIFRITOS- ABRIL 23,1,4,EMPANADA POLLO QUESO FRITA,UNIDAD,3,,,
EMPANADAS-RAPRITOS__SJME_DF_14MAYO.xlsx,  SALIDAS RAPIFRITOS- ABRIL 23,1,5,FLAUTA POLLO QUESO CHAMPIÑONES FRITA,UNIDAD,1,,,
EMPANADAS-RAPRITOS__SJME_DF_14MAYO.xlsx,  SALIDAS RAPIFRITOS- ABRIL 23,1,6,PAPA DE (POLLO CARNE Y MEDIO HUEVO),UNIDAD,2,,,
EMPANADAS-RAPRITOS__SJME_DF_14MAYO.xlsx,  SALIDAS RAPIFRITOS- ABRIL 23,1,7,AREPA DE HUEVO,UNIDAD,,,,
EMPANADAS-RAPRITOS__SJME_DF_14MAYO.xlsx,  SALIDAS RAPIFRITOS- ABRIL 23,1,Observaciones:                                                                                                                                                                                                  BE:6(584504),,,,,,
EMPANADAS-RAPRITOS__SJME_DF_14MAYO.xlsx,  SALIDAS RAPIFRITOS- ABRIL 23,1,Espacio para Nombre y firma DESPACHADOR,,Espacio para Nombre y firma RECEPTOR,,,,
EMPANADAS-RAPRITOS__SJME_DF_14MAYO.xlsx,  SALIDAS RAPIFRITOS- ABRIL 23,2,1,EMPANADA HAWAIANA FRITA,UNIDAD,,,,
EMPANADAS-RAPRITOS__SJME_DF_14MAYO.xlsx,  SALIDAS RAPIFRITOS- ABRIL 23,2,2,EMPANADA DE YUCA (CARNE Y POLLO),UNIDAD,1,,,
EMPANADAS-RAPRITOS__SJME_DF_14MAYO.xlsx,  SALIDAS RAPIFRITOS- ABRIL 23,2,3,EMPANADA MIXTA DE TRIGO,UNIDAD,,,,
EMPANADAS-RAPRITOS__SJME_DF_14MAYO.xlsx,  SALIDAS RAPIFRITOS- ABRIL 23,2,4,EMPANADA POLLO QUESO FRITA,UNIDAD,,,,
EMPANADAS-RAPRITOS__SJME_DF_14MAYO.xlsx,  SALIDAS RAPIFRITOS- ABRIL 23,2,5,FLAUTA POLLO QUESO CHAMPIÑONES FRITA,UNIDAD,2,,,
EMPANADAS-RAPRITOS__SJME_DF_14MAYO.xlsx,  SALIDAS RAPIFRITOS- ABRIL 23,2,6,PAPA DE (POLLO CARNE Y MEDIO HUEVO),UNIDAD,3,,,
EMPANADAS-RAPRITOS__SJME_DF_14MAYO.xlsx,  SALIDAS RAPIFRITOS- ABRIL 23,2,7,AREPA DE HUEVO,UNIDAD,,,,
EMPANADAS-RAPRITOS__SJME_DF_14MAYO.xlsx,  SALIDAS RAPIFRITOS- ABRIL 23,2,Observaciones:                                                                                                                                                                                                  CT: 6(584505),,,,,,
EMPANADAS-RAPRITOS__SJME_DF_14MAYO.xlsx,  SALIDAS RAPIFRITOS- ABRIL 23,2,Espacio para Nombre y firma DESPACHADOR,,Espacio para Nombre y firma RECEPTOR,,,,
EMPANADAS-RAPRITOS__SJME_DF_14MAYO.xlsx, SALIDAS RAPIFRITOS- ABRIL 24,0,1,EMPANADA HAWAIANA FRITA,UNIDAD,,,,
EMPANADAS-RAPRITOS__SJME_DF_14MAYO.xlsx, SALIDAS RAPIFRITOS- ABRIL 24,0,2,EMPANADA DE YUCA (CARNE Y POLLO),UNIDAD,1,,,
EMPANADAS-RAPRITOS__SJME_DF_14MAYO.xlsx, SALIDAS RAPIFRITOS- ABRIL 24,0,3,EMPANADA MIXTA DE TRIGO,UNIDAD,,,,
EMPANADAS-RAPRITOS__SJME_DF_14MAYO.xlsx, SALIDAS RAPIFRITOS- ABRIL 24,0,4,EMPANADA POLLO QUESO FRITA,UNIDAD,,,,
EMPANADAS-RAPRITOS__SJME_DF_14MAYO.xlsx, SALIDAS RAPIFRITOS- ABRIL 24,0,5,FLAUTA POLLO QUESO CHAMPIÑONES FRITA,UNIDAD,2,,,
EMPANADAS-RAPRITOS__SJME_DF_14MAYO.xlsx, SALIDAS RAPIFRITOS- ABRIL 24,0,6,PAPA DE (POLLO CARNE Y MEDIO HUEVO),UNIDAD,,,,
EMPANADAS-RAPRITOS__SJME_DF_14MAYO.xlsx, SALIDAS RAPIFRITOS- ABRIL 24,0,7,AREPA DE HUEVO,UNIDAD,,,,
EMPANADAS-RAPRITOS__SJME_DF_14MAYO.xlsx, SALIDAS RAPIFRITOS- ABRIL 24,0,Observaciones:                                                                                                                                                                                              A3:3(584671),,,,,,
EMPANADAS-RAPRITOS__SJME_DF_14MAYO.xlsx, SALIDAS RAPIFRITOS- ABRIL 24,0,Espacio para Nombre y firma DESPACHADOR,,Espacio para Nombre y firma RECEPTOR,,,,
EMPANADAS-RAPRITOS__SJME_DF_14MAYO.xlsx, SALIDAS RAPIFRITOS- ABRIL 24,1,1,EMPANADA HAWAIANA FRITA,UNIDAD,,,,
EMPANADAS-RAPRITOS__SJME_DF_14MAYO.xlsx, SALIDAS RAPIFRITOS- ABRIL 24,1,2,EMPANADA DE YUCA (CARNE Y POLLO),UNIDAD,,,,
EMPANADAS-RAPRITOS__SJME_DF_14MAYO.xlsx, SALIDAS RAPIFRITOS- ABRIL 24,1,3,EMPANADA MIXTA DE TRIGO,UNIDAD,,,,
EMPANADAS-RAPRITOS__SJME_DF_14MAYO.xlsx, SALIDAS RAPIFRITOS- ABRIL 24,1,4,EMPANADA POLLO QUESO FRITA,UNIDAD,3,,,
EMPANADAS-RAPRITOS__SJME_DF_14MAYO.xlsx, SALIDAS RAPIFRITOS- ABRIL 24,1,5,FLAUTA POLLO QUESO CHAMPIÑONES FRITA,UNIDAD,2,,,
EMPANADAS-RAPRITOS__SJME_DF_14MAYO.xlsx, SALIDAS RAPIFRITOS- ABRIL 24,1,6,PAPA DE (POLLO CARNE Y MEDIO HUEVO),UNIDAD,,,,
EMPANADAS-RAPRITOS__SJME_DF_14MAYO.xlsx, SALIDAS RAPIFRITOS- ABRIL 24,1,7,AREPA DE HUEVO,UNIDAD,,,,
EMPANADAS-RAPRITOS__SJME_DF_14MAYO.xlsx, SALIDAS RAPIFRITOS- ABRIL 24,1,Observaciones:                                                                                                                                                                                                  BE:5(584668),,,,,,
EMPANADAS-RAPRITOS__SJME_DF_14MAYO.xlsx, SALIDAS RAPIFRITOS- ABRIL 24,1,Espacio para Nombre y firma DESPACHADOR,,Espacio para Nombre y firma RECEPTOR,,,,
EMPANADAS-RAPRITOS__SJME_DF_14MAYO.xlsx, SALIDAS RAPIFRITOS- ABRIL 24,2,1,EMPANADA HAWAIANA FRITA,UNIDAD,3,,,
EMPANADAS-RAPRITOS__SJME_DF_14MAYO.xlsx, SALIDAS RAPIFRITOS- ABRIL 24,2,2,EMPANADA DE YUCA (CARNE Y POLLO),UNIDAD,3,,,
EMPANADAS-RAPRITOS__SJME_DF_14MAYO.xlsx, SALIDAS RAPIFRITOS- ABRIL 24,2,3,EMPANADA MIXTA DE TRIGO,UNIDAD,4,,,
EMPANADAS-RAPRITOS__SJME_DF_14MAYO.xlsx, SALIDAS RAPIFRITOS- ABRIL 24,2,4,EMPANADA POLLO QUESO FRITA,UNIDAD,4,,,
EMPANADAS-RAPRITOS__SJME_DF_14MAYO.xlsx, SALIDAS RAPIFRITOS- ABRIL 24,2,5,FLAUTA POLLO QUESO CHAMPIÑONES FRITA,UNIDAD,4,,,
EMPANADAS-RAPRITOS__SJME_DF_14MAYO.xlsx, SALIDAS RAPIFRITOS- ABRIL 24,2,6,PAPA DE (POLLO CARNE Y MEDIO HUEVO),UNIDAD,3,,,
EMPANADAS-RAPRITOS__SJME_DF_14MAYO.xlsx, SALIDAS RAPIFRITOS- ABRIL 24,2,7,AREPA DE HUEVO,UNIDAD,,,,
EMPANADAS-RAPRITOS__SJME_DF_14MAYO.xlsx, SALIDAS RAPIFRITOS- ABRIL 24,2,Observaciones:                                                                                                                                                                                                  CT: 21(584667),,,,,,
EMPANADAS-RAPRITOS__SJME_DF_14MAYO.xlsx, SALIDAS RAPIFRITOS- ABRIL 24,2,Espacio para Nombre y firma DESPACHADOR,,Espacio para Nombre y firma RECEPTOR,,,,
EMPANADAS-RAPRITOS__SJME_DF_14MAYO.xlsx,SALIDAS RAPIFRITOS- ABRIL 27,0,1,EMPANADA HAWAIANA FRITA,UNIDAD,,,,
EMPANADAS-RAPRITOS__SJME_DF_14MAYO.xlsx,SALIDAS RAPIFRITOS- ABRIL 27,0,2,EMPANADA DE YUCA (CARNE Y POLLO),UNIDAD,1,,,
EMPANADAS-RAPRITOS__SJME_DF_14MAYO.xlsx,SALIDAS RAPIFRITOS- ABRIL 27,0,3,EMPANADA MIXTA DE TRIGO,UNIDAD,,,,
EMPANADAS-RAPRITOS__SJME_DF_14MAYO.xlsx,SALIDAS RAPIFRITOS- ABRIL 27,0,4,EMPANADA POLLO QUESO FRITA,UNIDAD,,,,
EMPANADAS-RAPRITOS__SJME_DF_14MAYO.xlsx,SALIDAS RAPIFRITOS- ABRIL 27,0,5,FLAUTA POLLO QUESO CHAMPIÑONES FRITA,UNIDAD,2,,,
EMPANADAS-RAPRITOS__SJME_DF_14MAYO.xlsx,SALIDAS RAPIFRITOS- ABRIL 27,0,6,PAPA DE (POLLO CARNE Y MEDIO HUEVO),UNIDAD,3,,,
EMPANADAS-RAPRITOS__SJME_DF_14MAYO.xlsx,SALIDAS RAPIFRITOS- ABRIL 27,0,7,AREPA DE HUEVO,UNIDAD,,,,
EMPANADAS-RAPRITOS__SJME_DF_14MAYO.xlsx,SALIDAS RAPIFRITOS- ABRIL 27,0,Observaciones:                                                                                                                                                                                              A3:6(585019),,,,,,
EMPANADAS-RAPRITOS__SJME_DF_14MAYO.xlsx,SALIDAS RAPIFRITOS- ABRIL 27,0,Espacio para Nombre y firma DESPACHADOR,,Espacio para Nombre y firma RECEPTOR,,,,
EMPANADAS-RAPRITOS__SJME_DF_14MAYO.xlsx,SALIDAS RAPIFRITOS- ABRIL 27,1,1,EMPANADA HAWAIANA FRITA,UNIDAD,,,,
EMPANADAS-RAPRITOS__SJME_DF_14MAYO.xlsx,SALIDAS RAPIFRITOS- ABRIL 27,1,2,EMPANADA DE YUCA (CARNE Y POLLO),UNIDAD,,,,
EMPANADAS-RAPRITOS__SJME_DF_14MAYO.xlsx,SALIDAS RAPIFRITOS- ABRIL 27,1,3,EMPANADA MIXTA DE TRIGO,UNIDAD,,,,
EMPANADAS-RAPRITOS__SJME_DF_14MAYO.xlsx,SALIDAS RAPIFRITOS- ABRIL 27,1,4,EMPANADA POLLO QUESO FRITA,UNIDAD,3,,,
EMPANADAS-RAPRITOS__SJME_DF_14MAYO.xlsx,SALIDAS RAPIFRITOS- ABRIL 27,1,5,FLAUTA POLLO QUESO CHAMPIÑONES FRITA,UNIDAD,2,,,
EMPANADAS-RAPRITOS__SJME_DF_14MAYO.xlsx,SALIDAS RAPIFRITOS- ABRIL 27,1,6,PAPA DE (POLLO CARNE Y MEDIO HUEVO),UNIDAD,1,,,
EMPANADAS-RAPRITOS__SJME_DF_14MAYO.xlsx,SALIDAS RAPIFRITOS- ABRIL 27,1,7,AREPA DE HUEVO,UNIDAD,,,,
EMPANADAS-RAPRITOS__SJME_DF_14MAYO.xlsx,SALIDAS RAPIFRITOS- ABRIL 27,1,Observaciones:                                                                                                                                                                                                  BE:6(585018),,,,,,
EMPANADAS-RAPRITOS__SJME_DF_14MAYO.xlsx,SALIDAS RAPIFRITOS- ABRIL 27,1,Espacio para Nombre y firma DESPACHADOR,,Espacio para Nombre y firma RECEPTOR,,,,
EMPANADAS-RAPRITOS__SJME_DF_14MAYO.xlsx,SALIDAS RAPIFRITOS- ABRIL 27,2,1,EMPANADA HAWAIANA FRITA,UNIDAD,3,,,
EMPANADAS-RAPRITOS__SJME_DF_14MAYO.xlsx,SALIDAS RAPIFRITOS- ABRIL 27,2,2,EMPANADA DE YUCA (CARNE Y POLLO),UNIDAD,3,,,
EMPANADAS-RAPRITOS__SJME_DF_14MAYO.xlsx,SALIDAS RAPIFRITOS- ABRIL 27,2,3,EMPANADA MIXTA DE TRIGO,UNIDAD,4,,,
EMPANADAS-RAPRITOS__SJME_DF_14MAYO.xlsx,SALIDAS RAPIFRITOS- ABRIL 27,2,4,EMPANADA POLLO QUESO FRITA,UNIDAD,8,,,
EMPANADAS-RAPRITOS__SJME_DF_14MAYO.xlsx,SALIDAS RAPIFRITOS- ABRIL 27,2,5,FLAUTA POLLO QUESO CHAMPIÑONES FRITA,UNIDAD,8,,,
EMPANADAS-RAPRITOS__SJME_DF_14MAYO.xlsx,SALIDAS RAPIFRITOS- ABRIL 27,2,6,PAPA DE (POLLO CARNE Y MEDIO HUEVO),UNIDAD,3,,,
EMPANADAS-RAPRITOS__SJME_DF_14MAYO.xlsx,SALIDAS RAPIFRITOS- ABRIL 27,2,7,AREPA DE HUEVO,UNIDAD,,,,
EMPANADAS-RAPRITOS__SJME_DF_14MAYO.xlsx,SALIDAS RAPIFRITOS- ABRIL 27,2,Observaciones:                                                                                                                                                                                                  CT: 29(585017),,,,,,
EMPANADAS-RAPRITOS__SJME_DF_14MAYO.xlsx,SALIDAS RAPIFRITOS- ABRIL 27,2,Espacio para Nombre y firma DESPACHADOR,,Espacio para Nombre y firma RECEPTOR,,,,
EMPANADAS-RAPRITOS__SJME_DF_14MAYO.xlsx,SALIDAS RAPIFRITOS- ABRIL 28,0,1,EMPANADA HAWAIANA FRITA,UNIDAD,,,,
EMPANADAS-RAPRITOS__SJME_DF_14MAYO.xlsx,SALIDAS RAPIFRITOS- ABRIL 28,0,2,EMPANADA DE YUCA (CARNE Y POLLO),UNIDAD,1,,,
EMPANADAS-RAPRITOS__SJME_DF_14MAYO.xlsx,SALIDAS RAPIFRITOS- ABRIL 28,0,3,EMPANADA MIXTA DE TRIGO,UNIDAD,,,,
EMPANADAS-RAPRITOS__SJME_DF_14MAYO.xlsx,SALIDAS RAPIFRITOS- ABRIL 28,0,4,EMPANADA POLLO QUESO FRITA,UNIDAD,,,,
EMPANADAS-RAPRITOS__SJME_DF_14MAYO.xlsx,SALIDAS RAPIFRITOS- ABRIL 28,0,5,FLAUTA POLLO QUESO CHAMPIÑONES FRITA,UNIDAD,2,,,
EMPANADAS-RAPRITOS__SJME_DF_14MAYO.xlsx,SALIDAS RAPIFRITOS- ABRIL 28,0,6,PAPA DE (POLLO CARNE Y MEDIO HUEVO),UNIDAD,3,,,
EMPANADAS-RAPRITOS__SJME_DF_14MAYO.xlsx,SALIDAS RAPIFRITOS- ABRIL 28,0,7,AREPA DE HUEVO,UNIDAD,,,,
EMPANADAS-RAPRITOS__SJME_DF_14MAYO.xlsx,SALIDAS RAPIFRITOS- ABRIL 28,0,Observaciones:                                                                                                                                                                                              A3:6(585152),,,,,,
EMPANADAS-RAPRITOS__SJME_DF_14MAYO.xlsx,SALIDAS RAPIFRITOS- ABRIL 28,0,Espacio para Nombre y firma DESPACHADOR,,Espacio para Nombre y firma RECEPTOR,,,,
EMPANADAS-RAPRITOS__SJME_DF_14MAYO.xlsx,SALIDAS RAPIFRITOS- ABRIL 28,1,1,EMPANADA HAWAIANA FRITA,UNIDAD,,,,
EMPANADAS-RAPRITOS__SJME_DF_14MAYO.xlsx,SALIDAS RAPIFRITOS- ABRIL 28,1,2,EMPANADA DE YUCA (CARNE Y POLLO),UNIDAD,,,,
EMPANADAS-RAPRITOS__SJME_DF_14MAYO.xlsx,SALIDAS RAPIFRITOS- ABRIL 28,1,3,EMPANADA MIXTA DE TRIGO,UNIDAD,,,,
EMPANADAS-RAPRITOS__SJME_DF_14MAYO.xlsx,SALIDAS RAPIFRITOS- ABRIL 28,1,4,EMPANADA POLLO QUESO FRITA,UNIDAD,3,,,
EMPANADAS-RAPRITOS__SJME_DF_14MAYO.xlsx,SALIDAS RAPIFRITOS- ABRIL 28,1,5,FLAUTA POLLO QUESO CHAMPIÑONES FRITA,UNIDAD,2,,,
EMPANADAS-RAPRITOS__SJME_DF_14MAYO.xlsx,SALIDAS RAPIFRITOS- ABRIL 28,1,6,PAPA DE (POLLO CARNE Y MEDIO HUEVO),UNIDAD,1,,,
EMPANADAS-RAPRITOS__SJME_DF_14MAYO.xlsx,SALIDAS RAPIFRITOS- ABRIL 28,1,7,AREPA DE HUEVO,UNIDAD,,,,
EMPANADAS-RAPRITOS__SJME_DF_14MAYO.xlsx,SALIDAS RAPIFRITOS- ABRIL 28,1,Observaciones:                                                                                                                                                                                                  BE:6(585151),,,,,,
EMPANADAS-RAPRITOS__SJME_DF_14MAYO.xlsx,SALIDAS RAPIFRITOS- ABRIL 28,1,Espacio para Nombre y firma DESPACHADOR,,Espacio para Nombre y firma RECEPTOR,,,,
EMPANADAS-RAPRITOS__SJME_DF_14MAYO.xlsx,SALIDAS RAPIFRITOS- ABRIL 28,2,1,EMPANADA HAWAIANA FRITA,UNIDAD,3,,,
EMPANADAS-RAPRITOS__SJME_DF_14MAYO.xlsx,SALIDAS RAPIFRITOS- ABRIL 28,2,2,EMPANADA DE YUCA (CARNE Y POLLO),UNIDAD,3,,,
EMPANADAS-RAPRITOS__SJME_DF_14MAYO.xlsx,SALIDAS RAPIFRITOS- ABRIL 28,2,3,EMPANADA MIXTA DE TRIGO,UNIDAD,4,,,
EMPANADAS-RAPRITOS__SJME_DF_14MAYO.xlsx,SALIDAS RAPIFRITOS- ABRIL 28,2,4,EMPANADA POLLO QUESO FRITA,UNIDAD,8,,,
EMPANADAS-RAPRITOS__SJME_DF_14MAYO.xlsx,SALIDAS RAPIFRITOS- ABRIL 28,2,5,FLAUTA POLLO QUESO CHAMPIÑONES FRITA,UNIDAD,8,,,
EMPANADAS-RAPRITOS__SJME_DF_14MAYO.xlsx,SALIDAS RAPIFRITOS- ABRIL 28,2,6,PAPA DE (POLLO CARNE Y MEDIO HUEVO),UNIDAD,3,,,
EMPANADAS-RAPRITOS__SJME_DF_14MAYO.xlsx,SALIDAS RAPIFRITOS- ABRIL 28,2,7,AREPA DE HUEVO,UNIDAD,,,,
EMPANADAS-RAPRITOS__SJME_DF_14MAYO.xlsx,SALIDAS RAPIFRITOS- ABRIL 28,2,Observaciones:                                                                                                                                                                                                  CT: 29(585150),,,,,,
EMPANADAS-RAPRITOS__SJME_DF_14MAYO.xlsx,SALIDAS RAPIFRITOS- ABRIL 28,2,Espacio para Nombre y firma DESPACHADOR,,Espacio para Nombre y firma RECEPTOR,,,,
EMPANADAS-RAPRITOS__SJME_DF_14MAYO.xlsx,SALIDAS RAPIFRITOS- ABRIL 29,0,1,EMPANADA HAWAIANA FRITA,UNIDAD,,,,
EMPANADAS-RAPRITOS__SJME_DF_14MAYO.xlsx,SALIDAS RAPIFRITOS- ABRIL 29,0,2,EMPANADA DE YUCA (CARNE Y POLLO),UNIDAD,1,,,
EMPANADAS-RAPRITOS__SJME_DF_14MAYO.xlsx,SALIDAS RAPIFRITOS- ABRIL 29,0,3,EMPANADA MIXTA DE TRIGO,UNIDAD,,,,
EMPANADAS-RAPRITOS__SJME_DF_14MAYO.xlsx,SALIDAS RAPIFRITOS- ABRIL 29,0,4,EMPANADA POLLO QUESO FRITA,UNIDAD,,,,
EMPANADAS-RAPRITOS__SJME_DF_14MAYO.xlsx,SALIDAS RAPIFRITOS- ABRIL 29,0,5,FLAUTA POLLO QUESO CHAMPIÑONES FRITA,UNIDAD,2,,,
EMPANADAS-RAPRITOS__SJME_DF_14MAYO.xlsx,SALIDAS RAPIFRITOS- ABRIL 29,0,6,PAPA DE (POLLO CARNE Y MEDIO HUEVO),UNIDAD,3,,,
EMPANADAS-RAPRITOS__SJME_DF_14MAYO.xlsx,SALIDAS RAPIFRITOS- ABRIL 29,0,7,AREPA DE HUEVO,UNIDAD,,,,
EMPANADAS-RAPRITOS__SJME_DF_14MAYO.xlsx,SALIDAS RAPIFRITOS- ABRIL 29,0,Observaciones:                                                                                                                                                                                              A3:6(585312),,,,,,
EMPANADAS-RAPRITOS__SJME_DF_14MAYO.xlsx,SALIDAS RAPIFRITOS- ABRIL 29,0,Espacio para Nombre y firma DESPACHADOR,,Espacio para Nombre y firma RECEPTOR,,,,
EMPANADAS-RAPRITOS__SJME_DF_14MAYO.xlsx,SALIDAS RAPIFRITOS- ABRIL 29,1,1,EMPANADA HAWAIANA FRITA,UNIDAD,,,,
EMPANADAS-RAPRITOS__SJME_DF_14MAYO.xlsx,SALIDAS RAPIFRITOS- ABRIL 29,1,2,EMPANADA DE YUCA (CARNE Y POLLO),UNIDAD,,,,
EMPANADAS-RAPRITOS__SJME_DF_14MAYO.xlsx,SALIDAS RAPIFRITOS- ABRIL 29,1,3,EMPANADA MIXTA DE TRIGO,UNIDAD,,,,
EMPANADAS-RAPRITOS__SJME_DF_14MAYO.xlsx,SALIDAS RAPIFRITOS- ABRIL 29,1,4,EMPANADA POLLO QUESO FRITA,UNIDAD,3,,,
EMPANADAS-RAPRITOS__SJME_DF_14MAYO.xlsx,SALIDAS RAPIFRITOS- ABRIL 29,1,5,FLAUTA POLLO QUESO CHAMPIÑONES FRITA,UNIDAD,2,,,
EMPANADAS-RAPRITOS__SJME_DF_14MAYO.xlsx,SALIDAS RAPIFRITOS- ABRIL 29,1,6,PAPA DE (POLLO CARNE Y MEDIO HUEVO),UNIDAD,1,,,
EMPANADAS-RAPRITOS__SJME_DF_14MAYO.xlsx,SALIDAS RAPIFRITOS- ABRIL 29,1,7,AREPA DE HUEVO,UNIDAD,,,,
EMPANADAS-RAPRITOS__SJME_DF_14MAYO.xlsx,SALIDAS RAPIFRITOS- ABRIL 29,1,Observaciones:                                                                                                                                                                                                  BE:6(585309),,,,,,
EMPANADAS-RAPRITOS__SJME_DF_14MAYO.xlsx,SALIDAS RAPIFRITOS- ABRIL 29,1,Espacio para Nombre y firma DESPACHADOR,,Espacio para Nombre y firma RECEPTOR,,,,
EMPANADAS-RAPRITOS__SJME_DF_14MAYO.xlsx,SALIDAS RAPIFRITOS- ABRIL 29,2,1,EMPANADA HAWAIANA FRITA,UNIDAD,3,,,
EMPANADAS-RAPRITOS__SJME_DF_14MAYO.xlsx,SALIDAS RAPIFRITOS- ABRIL 29,2,2,EMPANADA DE YUCA (CARNE Y POLLO),UNIDAD,3,,,
EMPANADAS-RAPRITOS__SJME_DF_14MAYO.xlsx,SALIDAS RAPIFRITOS- ABRIL 29,2,3,EMPANADA MIXTA DE TRIGO,UNIDAD,4,,,
EMPANADAS-RAPRITOS__SJME_DF_14MAYO.xlsx,SALIDAS RAPIFRITOS- ABRIL 29,2,4,EMPANADA POLLO QUESO FRITA,UNIDAD,8,,,
EMPANADAS-RAPRITOS__SJME_DF_14MAYO.xlsx,SALIDAS RAPIFRITOS- ABRIL 29,2,5,FLAUTA POLLO QUESO CHAMPIÑONES FRITA,UNIDAD,8,,,
EMPANADAS-RAPRITOS__SJME_DF_14MAYO.xlsx,SALIDAS RAPIFRITOS- ABRIL 29,2,6,PAPA DE (POLLO CARNE Y MEDIO HUEVO),UNIDAD,3,,,
EMPANADAS-RAPRITOS__SJME_DF_14MAYO.xlsx,SALIDAS RAPIFRITOS- ABRIL 29,2,7,AREPA DE HUEVO,UNIDAD,,,,
EMPANADAS-RAPRITOS__SJME_DF_14MAYO.xlsx,SALIDAS RAPIFRITOS- ABRIL 29,2,Observaciones:                                                                                                                                                                                                  CT: 29(585308),,,,,,
EMPANADAS-RAPRITOS__SJME_DF_14MAYO.xlsx,SALIDAS RAPIFRITOS- ABRIL 29,2,Espacio para Nombre y firma DESPACHADOR,,Espacio para Nombre y firma RECEPTOR,,,,
EMPANADAS-RAPRITOS__SJME_DF_14MAYO.xlsx,SALIDAS RAPIFRITOS- ABRIL 30,0,1,EMPANADA HAWAIANA FRITA,UNIDAD,,,,
EMPANADAS-RAPRITOS__SJME_DF_14MAYO.xlsx,SALIDAS RAPIFRITOS- ABRIL 30,0,2,EMPANADA DE YUCA (CARNE Y POLLO),UNIDAD,1,,,
EMPANADAS-RAPRITOS__SJME_DF_14MAYO.xlsx,SALIDAS RAPIFRITOS- ABRIL 30,0,3,EMPANADA MIXTA DE TRIGO,UNIDAD,,,,
EMPANADAS-RAPRITOS__SJME_DF_14MAYO.xlsx,SALIDAS RAPIFRITOS- ABRIL 30,0,4,EMPANADA POLLO QUESO FRITA,UNIDAD,,,,
EMPANADAS-RAPRITOS__SJME_DF_14MAYO.xlsx,SALIDAS RAPIFRITOS- ABRIL 30,0,5,FLAUTA POLLO QUESO CHAMPIÑONES FRITA,UNIDAD,2,,,
EMPANADAS-RAPRITOS__SJME_DF_14MAYO.xlsx,SALIDAS RAPIFRITOS- ABRIL 30,0,6,PAPA DE (POLLO CARNE Y MEDIO HUEVO),UNIDAD,,,,
EMPANADAS-RAPRITOS__SJME_DF_14MAYO.xlsx,SALIDAS RAPIFRITOS- ABRIL 30,0,7,AREPA DE HUEVO,UNIDAD,,,,
EMPANADAS-RAPRITOS__SJME_DF_14MAYO.xlsx,SALIDAS RAPIFRITOS- ABRIL 30,0,Observaciones:                                                                                                                                                                                              A3:3(585443),,,,,,
EMPANADAS-RAPRITOS__SJME_DF_14MAYO.xlsx,SALIDAS RAPIFRITOS- ABRIL 30,0,Espacio para Nombre y firma DESPACHADOR,,Espacio para Nombre y firma RECEPTOR,,,,
EMPANADAS-RAPRITOS__SJME_DF_14MAYO.xlsx,SALIDAS RAPIFRITOS- ABRIL 30,1,1,EMPANADA HAWAIANA FRITA,UNIDAD,,,,
EMPANADAS-RAPRITOS__SJME_DF_14MAYO.xlsx,SALIDAS RAPIFRITOS- ABRIL 30,1,2,EMPANADA DE YUCA (CARNE Y POLLO),UNIDAD,,,,
EMPANADAS-RAPRITOS__SJME_DF_14MAYO.xlsx,SALIDAS RAPIFRITOS- ABRIL 30,1,3,EMPANADA MIXTA DE TRIGO,UNIDAD,,,,
EMPANADAS-RAPRITOS__SJME_DF_14MAYO.xlsx,SALIDAS RAPIFRITOS- ABRIL 30,1,4,EMPANADA POLLO QUESO FRITA,UNIDAD,3,,,
EMPANADAS-RAPRITOS__SJME_DF_14MAYO.xlsx,SALIDAS RAPIFRITOS- ABRIL 30,1,5,FLAUTA POLLO QUESO CHAMPIÑONES FRITA,UNIDAD,2,,,
EMPANADAS-RAPRITOS__SJME_DF_14MAYO.xlsx,SALIDAS RAPIFRITOS- ABRIL 30,1,6,PAPA DE (POLLO CARNE Y MEDIO HUEVO),UNIDAD,,,,
EMPANADAS-RAPRITOS__SJME_DF_14MAYO.xlsx,SALIDAS RAPIFRITOS- ABRIL 30,1,7,AREPA DE HUEVO,UNIDAD,,,,
EMPANADAS-RAPRITOS__SJME_DF_14MAYO.xlsx,SALIDAS RAPIFRITOS- ABRIL 30,1,Observaciones:                                                                                                                                                                                                  BE:5(585442),,,,,,
EMPANADAS-RAPRITOS__SJME_DF_14MAYO.xlsx,SALIDAS RAPIFRITOS- ABRIL 30,1,Espacio para Nombre y firma DESPACHADOR,,Espacio para Nombre y firma RECEPTOR,,,,
EMPANADAS-RAPRITOS__SJME_DF_14MAYO.xlsx,SALIDAS RAPIFRITOS- ABRIL 30,2,1,EMPANADA HAWAIANA FRITA,UNIDAD,3,,,
EMPANADAS-RAPRITOS__SJME_DF_14MAYO.xlsx,SALIDAS RAPIFRITOS- ABRIL 30,2,2,EMPANADA DE YUCA (CARNE Y POLLO),UNIDAD,3,,,
EMPANADAS-RAPRITOS__SJME_DF_14MAYO.xlsx,SALIDAS RAPIFRITOS- ABRIL 30,2,3,EMPANADA MIXTA DE TRIGO,UNIDAD,4,,,
EMPANADAS-RAPRITOS__SJME_DF_14MAYO.xlsx,SALIDAS RAPIFRITOS- ABRIL 30,2,4,EMPANADA POLLO QUESO FRITA,UNIDAD,4,,,
EMPANADAS-RAPRITOS__SJME_DF_14MAYO.xlsx,SALIDAS RAPIFRITOS- ABRIL 30,2,5,FLAUTA POLLO QUESO CHAMPIÑONES FRITA,UNIDAD,4,,,
EMPANADAS-RAPRITOS__SJME_DF_14MAYO.xlsx,SALIDAS RAPIFRITOS- ABRIL 30,2,6,PAPA DE (POLLO CARNE Y MEDIO HUEVO),UNIDAD,3,,,
EMPANADAS-RAPRITOS__SJME_DF_14MAYO.xlsx,SALIDAS RAPIFRITOS- ABRIL 30,2,7,AREPA DE HUEVO,UNIDAD,,,,
EMPANADAS-RAPRITOS__SJME_DF_14MAYO.xlsx,SALIDAS RAPIFRITOS- ABRIL 30,2,Observaciones:                                                                                                                                                                                                  CT: 21(585441),,,,,,
EMPANADAS-RAPRITOS__SJME_DF_14MAYO.xlsx,SALIDAS RAPIFRITOS- ABRIL 30,2,Espacio para Nombre y firma DESPACHADOR,,Espacio para Nombre y firma RECEPTOR,,,,
EMPANADAS-RAPRITOS__SJME_DF_14MAYO.xlsx, SALIDAS RAPIFRITOS- mayo 4,0,1,EMPANADA HAWAIANA FRITA,UNIDAD,,,,
EMPANADAS-RAPRITOS__SJME_DF_14MAYO.xlsx, SALIDAS RAPIFRITOS- mayo 4,0,2,EMPANADA DE YUCA (CARNE Y POLLO),UNIDAD,1,,,
EMPANADAS-RAPRITOS__SJME_DF_14MAYO.xlsx, SALIDAS RAPIFRITOS- mayo 4,0,3,EMPANADA MIXTA DE TRIGO,UNIDAD,,,,
EMPANADAS-RAPRITOS__SJME_DF_14MAYO.xlsx, SALIDAS RAPIFRITOS- mayo 4,0,4,EMPANADA POLLO QUESO FRITA,UNIDAD,,,,
EMPANADAS-RAPRITOS__SJME_DF_14MAYO.xlsx, SALIDAS RAPIFRITOS- mayo 4,0,5,FLAUTA POLLO QUESO CHAMPIÑONES FRITA,UNIDAD,2,,,
EMPANADAS-RAPRITOS__SJME_DF_14MAYO.xlsx, SALIDAS RAPIFRITOS- mayo 4,0,6,PAPA DE (POLLO CARNE Y MEDIO HUEVO),UNIDAD,3,,,
EMPANADAS-RAPRITOS__SJME_DF_14MAYO.xlsx, SALIDAS RAPIFRITOS- mayo 4,0,7,AREPA DE HUEVO,UNIDAD,,,,
EMPANADAS-RAPRITOS__SJME_DF_14MAYO.xlsx, SALIDAS RAPIFRITOS- mayo 4,0,Observaciones:                                                                                                                                                                                              A3: 6(585871),,,,,,
EMPANADAS-RAPRITOS__SJME_DF_14MAYO.xlsx, SALIDAS RAPIFRITOS- mayo 4,0,Espacio para Nombre y firma DESPACHADOR,,Espacio para Nombre y firma RECEPTOR,,,,
EMPANADAS-RAPRITOS__SJME_DF_14MAYO.xlsx, SALIDAS RAPIFRITOS- mayo 4,1,1,EMPANADA HAWAIANA FRITA,UNIDAD,,,,
EMPANADAS-RAPRITOS__SJME_DF_14MAYO.xlsx, SALIDAS RAPIFRITOS- mayo 4,1,2,EMPANADA DE YUCA (CARNE Y POLLO),UNIDAD,,,,
EMPANADAS-RAPRITOS__SJME_DF_14MAYO.xlsx, SALIDAS RAPIFRITOS- mayo 4,1,3,EMPANADA MIXTA DE TRIGO,UNIDAD,,,,
EMPANADAS-RAPRITOS__SJME_DF_14MAYO.xlsx, SALIDAS RAPIFRITOS- mayo 4,1,4,EMPANADA POLLO QUESO FRITA,UNIDAD,3,,,
EMPANADAS-RAPRITOS__SJME_DF_14MAYO.xlsx, SALIDAS RAPIFRITOS- mayo 4,1,5,FLAUTA POLLO QUESO CHAMPIÑONES FRITA,UNIDAD,2,,,
EMPANADAS-RAPRITOS__SJME_DF_14MAYO.xlsx, SALIDAS RAPIFRITOS- mayo 4,1,6,PAPA DE (POLLO CARNE Y MEDIO HUEVO),UNIDAD,1,,,
EMPANADAS-RAPRITOS__SJME_DF_14MAYO.xlsx, SALIDAS RAPIFRITOS- mayo 4,1,7,AREPA DE HUEVO,UNIDAD,,,,
EMPANADAS-RAPRITOS__SJME_DF_14MAYO.xlsx, SALIDAS RAPIFRITOS- mayo 4,1,Observaciones:                                                                                                                                                                                                  BE:6(585870),,,,,,
EMPANADAS-RAPRITOS__SJME_DF_14MAYO.xlsx, SALIDAS RAPIFRITOS- mayo 4,1,Espacio para Nombre y firma DESPACHADOR,,Espacio para Nombre y firma RECEPTOR,,,,
EMPANADAS-RAPRITOS__SJME_DF_14MAYO.xlsx, SALIDAS RAPIFRITOS- mayo 4,2,1,EMPANADA HAWAIANA FRITA,UNIDAD,3,,,
EMPANADAS-RAPRITOS__SJME_DF_14MAYO.xlsx, SALIDAS RAPIFRITOS- mayo 4,2,2,EMPANADA DE YUCA (CARNE Y POLLO),UNIDAD,3,,,
EMPANADAS-RAPRITOS__SJME_DF_14MAYO.xlsx, SALIDAS RAPIFRITOS- mayo 4,2,3,EMPANADA MIXTA DE TRIGO,UNIDAD,4,,,
EMPANADAS-RAPRITOS__SJME_DF_14MAYO.xlsx, SALIDAS RAPIFRITOS- mayo 4,2,4,EMPANADA POLLO QUESO FRITA,UNIDAD,8,,,
EMPANADAS-RAPRITOS__SJME_DF_14MAYO.xlsx, SALIDAS RAPIFRITOS- mayo 4,2,5,FLAUTA POLLO QUESO CHAMPIÑONES FRITA,UNIDAD,8,,,
EMPANADAS-RAPRITOS__SJME_DF_14MAYO.xlsx, SALIDAS RAPIFRITOS- mayo 4,2,6,PAPA DE (POLLO CARNE Y MEDIO HUEVO),UNIDAD,3,,,
EMPANADAS-RAPRITOS__SJME_DF_14MAYO.xlsx, SALIDAS RAPIFRITOS- mayo 4,2,7,AREPA DE HUEVO,UNIDAD,,,,
EMPANADAS-RAPRITOS__SJME_DF_14MAYO.xlsx, SALIDAS RAPIFRITOS- mayo 4,2,Observaciones:                                                                                                                                                                                                  CT: 29(585869),,,,,,
EMPANADAS-RAPRITOS__SJME_DF_14MAYO.xlsx, SALIDAS RAPIFRITOS- mayo 4,2,Espacio para Nombre y firma DESPACHADOR,,Espacio para Nombre y firma RECEPTOR,,,,
EMPANADAS-RAPRITOS__SJME_DF_14MAYO.xlsx,  SALIDAS RAPIFRITOS- mayo 5,0,1,EMPANADA HAWAIANA FRITA,UNIDAD,,,,
EMPANADAS-RAPRITOS__SJME_DF_14MAYO.xlsx,  SALIDAS RAPIFRITOS- mayo 5,0,2,EMPANADA DE YUCA (CARNE Y POLLO),UNIDAD,3,,,
EMPANADAS-RAPRITOS__SJME_DF_14MAYO.xlsx,  SALIDAS RAPIFRITOS- mayo 5,0,3,EMPANADA MIXTA DE TRIGO,UNIDAD,,,,
EMPANADAS-RAPRITOS__SJME_DF_14MAYO.xlsx,  SALIDAS RAPIFRITOS- mayo 5,0,4,EMPANADA POLLO QUESO FRITA,UNIDAD,,,,
EMPANADAS-RAPRITOS__SJME_DF_14MAYO.xlsx,  SALIDAS RAPIFRITOS- mayo 5,0,5,FLAUTA POLLO QUESO CHAMPIÑONES FRITA,UNIDAD,2,,,
EMPANADAS-RAPRITOS__SJME_DF_14MAYO.xlsx,  SALIDAS RAPIFRITOS- mayo 5,0,6,PAPA DE (POLLO CARNE Y MEDIO HUEVO),UNIDAD,4,,,
EMPANADAS-RAPRITOS__SJME_DF_14MAYO.xlsx,  SALIDAS RAPIFRITOS- mayo 5,0,7,AREPA DE HUEVO,UNIDAD,,,,
EMPANADAS-RAPRITOS__SJME_DF_14MAYO.xlsx,  SALIDAS RAPIFRITOS- mayo 5,0,Observaciones:                                                                                                                                                                                              A3: 9(585998),,,,,,
EMPANADAS-RAPRITOS__SJME_DF_14MAYO.xlsx,  SALIDAS RAPIFRITOS- mayo 5,0,Espacio para Nombre y firma DESPACHADOR,,Espacio para Nombre y firma RECEPTOR,,,,
EMPANADAS-RAPRITOS__SJME_DF_14MAYO.xlsx,  SALIDAS RAPIFRITOS- mayo 5,1,1,EMPANADA HAWAIANA FRITA,UNIDAD,,,,
EMPANADAS-RAPRITOS__SJME_DF_14MAYO.xlsx,  SALIDAS RAPIFRITOS- mayo 5,1,2,EMPANADA DE YUCA (CARNE Y POLLO),UNIDAD,,,,
EMPANADAS-RAPRITOS__SJME_DF_14MAYO.xlsx,  SALIDAS RAPIFRITOS- mayo 5,1,3,EMPANADA MIXTA DE TRIGO,UNIDAD,,,,
EMPANADAS-RAPRITOS__SJME_DF_14MAYO.xlsx,  SALIDAS RAPIFRITOS- mayo 5,1,4,EMPANADA POLLO QUESO FRITA,UNIDAD,3,,,
EMPANADAS-RAPRITOS__SJME_DF_14MAYO.xlsx,  SALIDAS RAPIFRITOS- mayo 5,1,5,FLAUTA POLLO QUESO CHAMPIÑONES FRITA,UNIDAD,2,,,
EMPANADAS-RAPRITOS__SJME_DF_14MAYO.xlsx,  SALIDAS RAPIFRITOS- mayo 5,1,6,PAPA DE (POLLO CARNE Y MEDIO HUEVO),UNIDAD,1,,,
EMPANADAS-RAPRITOS__SJME_DF_14MAYO.xlsx,  SALIDAS RAPIFRITOS- mayo 5,1,7,AREPA DE HUEVO,UNIDAD,,,,
EMPANADAS-RAPRITOS__SJME_DF_14MAYO.xlsx,  SALIDAS RAPIFRITOS- mayo 5,1,Observaciones:                                                                                                                                                                                                  BE:6(585997),,,,,,
EMPANADAS-RAPRITOS__SJME_DF_14MAYO.xlsx,  SALIDAS RAPIFRITOS- mayo 5,1,Espacio para Nombre y firma DESPACHADOR,,Espacio para Nombre y firma RECEPTOR,,,,
EMPANADAS-RAPRITOS__SJME_DF_14MAYO.xlsx,  SALIDAS RAPIFRITOS- mayo 5,2,1,EMPANADA HAWAIANA FRITA,UNIDAD,3,,,
EMPANADAS-RAPRITOS__SJME_DF_14MAYO.xlsx,  SALIDAS RAPIFRITOS- mayo 5,2,2,EMPANADA DE YUCA (CARNE Y POLLO),UNIDAD,3,,,
EMPANADAS-RAPRITOS__SJME_DF_14MAYO.xlsx,  SALIDAS RAPIFRITOS- mayo 5,2,3,EMPANADA MIXTA DE TRIGO,UNIDAD,4,,,
EMPANADAS-RAPRITOS__SJME_DF_14MAYO.xlsx,  SALIDAS RAPIFRITOS- mayo 5,2,4,EMPANADA POLLO QUESO FRITA,UNIDAD,11,,,
EMPANADAS-RAPRITOS__SJME_DF_14MAYO.xlsx,  SALIDAS RAPIFRITOS- mayo 5,2,5,FLAUTA POLLO QUESO CHAMPIÑONES FRITA,UNIDAD,10,,,
EMPANADAS-RAPRITOS__SJME_DF_14MAYO.xlsx,  SALIDAS RAPIFRITOS- mayo 5,2,6,PAPA DE (POLLO CARNE Y MEDIO HUEVO),UNIDAD,3,,,
EMPANADAS-RAPRITOS__SJME_DF_14MAYO.xlsx,  SALIDAS RAPIFRITOS- mayo 5,2,7,AREPA DE HUEVO,UNIDAD,,,,
EMPANADAS-RAPRITOS__SJME_DF_14MAYO.xlsx,  SALIDAS RAPIFRITOS- mayo 5,2,Observaciones:                                                                                                                                                                                                  CT: 34(585996),,,,,,
EMPANADAS-RAPRITOS__SJME_DF_14MAYO.xlsx,  SALIDAS RAPIFRITOS- mayo 5,2,Espacio para Nombre y firma DESPACHADOR,,Espacio para Nombre y firma RECEPTOR,,,,
EMPANADAS-RAPRITOS__SJME_DF_14MAYO.xlsx,SALIDAS RAPIFRITOS-MAYO 6,0,1,EMPANADA HAWAIANA FRITA,UNIDAD,,,,
EMPANADAS-RAPRITOS__SJME_DF_14MAYO.xlsx,SALIDAS RAPIFRITOS-MAYO 6,0,2,EMPANADA DE YUCA (CARNE Y POLLO),UNIDAD,,,,
EMPANADAS-RAPRITOS__SJME_DF_14MAYO.xlsx,SALIDAS RAPIFRITOS-MAYO 6,0,3,EMPANADA MIXTA DE TRIGO,UNIDAD,,,,
EMPANADAS-RAPRITOS__SJME_DF_14MAYO.xlsx,SALIDAS RAPIFRITOS-MAYO 6,0,4,EMPANADA POLLO QUESO FRITA,UNIDAD,3,,,
EMPANADAS-RAPRITOS__SJME_DF_14MAYO.xlsx,SALIDAS RAPIFRITOS-MAYO 6,0,5,FLAUTA POLLO QUESO CHAMPIÑONES FRITA,UNIDAD,2,,,
EMPANADAS-RAPRITOS__SJME_DF_14MAYO.xlsx,SALIDAS RAPIFRITOS-MAYO 6,0,6,PAPA DE (POLLO CARNE Y MEDIO HUEVO),UNIDAD,1,,,
EMPANADAS-RAPRITOS__SJME_DF_14MAYO.xlsx,SALIDAS RAPIFRITOS-MAYO 6,0,7,AREPA DE HUEVO,UNIDAD,,,,
EMPANADAS-RAPRITOS__SJME_DF_14MAYO.xlsx,SALIDAS RAPIFRITOS-MAYO 6,0,Observaciones:                                                                                                                                                                                              A3: 6(586152),,,,,,
EMPANADAS-RAPRITOS__SJME_DF_14MAYO.xlsx,SALIDAS RAPIFRITOS-MAYO 6,0,Espacio para Nombre y firma DESPACHADOR,,Espacio para Nombre y firma RECEPTOR,,,,
EMPANADAS-RAPRITOS__SJME_DF_14MAYO.xlsx,SALIDAS RAPIFRITOS-MAYO 6,1,1,EMPANADA HAWAIANA FRITA,UNIDAD,,,,
EMPANADAS-RAPRITOS__SJME_DF_14MAYO.xlsx,SALIDAS RAPIFRITOS-MAYO 6,1,2,EMPANADA DE YUCA (CARNE Y POLLO),UNIDAD,,,,
EMPANADAS-RAPRITOS__SJME_DF_14MAYO.xlsx,SALIDAS RAPIFRITOS-MAYO 6,1,3,EMPANADA MIXTA DE TRIGO,UNIDAD,,,,
EMPANADAS-RAPRITOS__SJME_DF_14MAYO.xlsx,SALIDAS RAPIFRITOS-MAYO 6,1,4,EMPANADA POLLO QUESO FRITA,UNIDAD,,,,
EMPANADAS-RAPRITOS__SJME_DF_14MAYO.xlsx,SALIDAS RAPIFRITOS-MAYO 6,1,5,FLAUTA POLLO QUESO CHAMPIÑONES FRITA,UNIDAD,,,,
EMPANADAS-RAPRITOS__SJME_DF_14MAYO.xlsx,SALIDAS RAPIFRITOS-MAYO 6,1,6,PAPA DE (POLLO CARNE Y MEDIO HUEVO),UNIDAD,,,,
EMPANADAS-RAPRITOS__SJME_DF_14MAYO.xlsx,SALIDAS RAPIFRITOS-MAYO 6,1,7,AREPA DE HUEVO,UNIDAD,,,,
EMPANADAS-RAPRITOS__SJME_DF_14MAYO.xlsx,SALIDAS RAPIFRITOS-MAYO 6,1,Observaciones:                                                                                                                                                                                                  BE:6(585997),,,,,,
EMPANADAS-RAPRITOS__SJME_DF_14MAYO.xlsx,SALIDAS RAPIFRITOS-MAYO 6,1,Espacio para Nombre y firma DESPACHADOR,,Espacio para Nombre y firma RECEPTOR,,,,
EMPANADAS-RAPRITOS__SJME_DF_14MAYO.xlsx,SALIDAS RAPIFRITOS-MAYO 6,2,1,EMPANADA HAWAIANA FRITA,UNIDAD,,,,
EMPANADAS-RAPRITOS__SJME_DF_14MAYO.xlsx,SALIDAS RAPIFRITOS-MAYO 6,2,2,EMPANADA DE YUCA (CARNE Y POLLO),UNIDAD,,,,
EMPANADAS-RAPRITOS__SJME_DF_14MAYO.xlsx,SALIDAS RAPIFRITOS-MAYO 6,2,3,EMPANADA MIXTA DE TRIGO,UNIDAD,,,,
EMPANADAS-RAPRITOS__SJME_DF_14MAYO.xlsx,SALIDAS RAPIFRITOS-MAYO 6,2,4,EMPANADA POLLO QUESO FRITA,UNIDAD,17,,,
EMPANADAS-RAPRITOS__SJME_DF_14MAYO.xlsx,SALIDAS RAPIFRITOS-MAYO 6,2,5,FLAUTA POLLO QUESO CHAMPIÑONES FRITA,UNIDAD,,,,
EMPANADAS-RAPRITOS__SJME_DF_14MAYO.xlsx,SALIDAS RAPIFRITOS-MAYO 6,2,6,PAPA DE (POLLO CARNE Y MEDIO HUEVO),UNIDAD,,,,
EMPANADAS-RAPRITOS__SJME_DF_14MAYO.xlsx,SALIDAS RAPIFRITOS-MAYO 6,2,7,AREPA DE HUEVO,UNIDAD,,,,
EMPANADAS-RAPRITOS__SJME_DF_14MAYO.xlsx,SALIDAS RAPIFRITOS-MAYO 6,2,Observaciones:                                                                                                                                                                                                  CT: 17(586235),,,,,,
EMPANADAS-RAPRITOS__SJME_DF_14MAYO.xlsx,SALIDAS RAPIFRITOS-MAYO 6,2,Espacio para Nombre y firma DESPACHADOR,,Espacio para Nombre y firma RECEPTOR,,,,
EMPANADAS-RAPRITOS__SJME_DF_14MAYO.xlsx, SALIDAS RAPIFRITOS-MAYO 7,0,1,EMPANADA HAWAIANA FRITA,UNIDAD,,,,
EMPANADAS-RAPRITOS__SJME_DF_14MAYO.xlsx, SALIDAS RAPIFRITOS-MAYO 7,0,2,EMPANADA DE YUCA (CARNE Y POLLO),UNIDAD,,,,
EMPANADAS-RAPRITOS__SJME_DF_14MAYO.xlsx, SALIDAS RAPIFRITOS-MAYO 7,0,3,EMPANADA MIXTA DE TRIGO,UNIDAD,,,,
EMPANADAS-RAPRITOS__SJME_DF_14MAYO.xlsx, SALIDAS RAPIFRITOS-MAYO 7,0,4,EMPANADA POLLO QUESO FRITA,UNIDAD,,,,
EMPANADAS-RAPRITOS__SJME_DF_14MAYO.xlsx, SALIDAS RAPIFRITOS-MAYO 7,0,5,FLAUTA POLLO QUESO CHAMPIÑONES FRITA,UNIDAD,,,,
EMPANADAS-RAPRITOS__SJME_DF_14MAYO.xlsx, SALIDAS RAPIFRITOS-MAYO 7,0,6,PAPA DE (POLLO CARNE Y MEDIO HUEVO),UNIDAD,,,,
EMPANADAS-RAPRITOS__SJME_DF_14MAYO.xlsx, SALIDAS RAPIFRITOS-MAYO 7,0,7,AREPA DE HUEVO,UNIDAD,,,,
EMPANADAS-RAPRITOS__SJME_DF_14MAYO.xlsx, SALIDAS RAPIFRITOS-MAYO 7,0,Observaciones:                                                                                                                                                                                              A3: 6(586152),,,,,,
EMPANADAS-RAPRITOS__SJME_DF_14MAYO.xlsx, SALIDAS RAPIFRITOS-MAYO 7,0,Espacio para Nombre y firma DESPACHADOR,,Espacio para Nombre y firma RECEPTOR,,,,
EMPANADAS-RAPRITOS__SJME_DF_14MAYO.xlsx, SALIDAS RAPIFRITOS-MAYO 7,1,1,EMPANADA HAWAIANA FRITA,UNIDAD,,,,
EMPANADAS-RAPRITOS__SJME_DF_14MAYO.xlsx, SALIDAS RAPIFRITOS-MAYO 7,1,2,EMPANADA DE YUCA (CARNE Y POLLO),UNIDAD,,,,
EMPANADAS-RAPRITOS__SJME_DF_14MAYO.xlsx, SALIDAS RAPIFRITOS-MAYO 7,1,3,EMPANADA MIXTA DE TRIGO,UNIDAD,,,,
EMPANADAS-RAPRITOS__SJME_DF_14MAYO.xlsx, SALIDAS RAPIFRITOS-MAYO 7,1,4,EMPANADA POLLO QUESO FRITA,UNIDAD,3,,,
EMPANADAS-RAPRITOS__SJME_DF_14MAYO.xlsx, SALIDAS RAPIFRITOS-MAYO 7,1,5,FLAUTA POLLO QUESO CHAMPIÑONES FRITA,UNIDAD,2,,,
EMPANADAS-RAPRITOS__SJME_DF_14MAYO.xlsx, SALIDAS RAPIFRITOS-MAYO 7,1,6,PAPA DE (POLLO CARNE Y MEDIO HUEVO),UNIDAD,,,,
EMPANADAS-RAPRITOS__SJME_DF_14MAYO.xlsx, SALIDAS RAPIFRITOS-MAYO 7,1,7,AREPA DE HUEVO,UNIDAD,,,,
EMPANADAS-RAPRITOS__SJME_DF_14MAYO.xlsx, SALIDAS RAPIFRITOS-MAYO 7,1,Observaciones:                                                                                                                                                                                                  BE:6(586291),,,,,,
EMPANADAS-RAPRITOS__SJME_DF_14MAYO.xlsx, SALIDAS RAPIFRITOS-MAYO 7,1,Espacio para Nombre y firma DESPACHADOR,,Espacio para Nombre y firma RECEPTOR,,,,
EMPANADAS-RAPRITOS__SJME_DF_14MAYO.xlsx, SALIDAS RAPIFRITOS-MAYO 7,2,1,EMPANADA HAWAIANA FRITA,UNIDAD,3,,,
EMPANADAS-RAPRITOS__SJME_DF_14MAYO.xlsx, SALIDAS RAPIFRITOS-MAYO 7,2,2,EMPANADA DE YUCA (CARNE Y POLLO),UNIDAD,,,,
EMPANADAS-RAPRITOS__SJME_DF_14MAYO.xlsx, SALIDAS RAPIFRITOS-MAYO 7,2,3,EMPANADA MIXTA DE TRIGO,UNIDAD,3,,,
EMPANADAS-RAPRITOS__SJME_DF_14MAYO.xlsx, SALIDAS RAPIFRITOS-MAYO 7,2,4,EMPANADA POLLO QUESO FRITA,UNIDAD,14,,,
EMPANADAS-RAPRITOS__SJME_DF_14MAYO.xlsx, SALIDAS RAPIFRITOS-MAYO 7,2,5,FLAUTA POLLO QUESO CHAMPIÑONES FRITA,UNIDAD,5,,,
EMPANADAS-RAPRITOS__SJME_DF_14MAYO.xlsx, SALIDAS RAPIFRITOS-MAYO 7,2,6,PAPA DE (POLLO CARNE Y MEDIO HUEVO),UNIDAD,,,,
EMPANADAS-RAPRITOS__SJME_DF_14MAYO.xlsx, SALIDAS RAPIFRITOS-MAYO 7,2,7,AREPA DE HUEVO,UNIDAD,,,,
EMPANADAS-RAPRITOS__SJME_DF_14MAYO.xlsx, SALIDAS RAPIFRITOS-MAYO 7,2,Observaciones:                                                                                                                                                                                                  CT: 25(586362),,,,,,
EMPANADAS-RAPRITOS__SJME_DF_14MAYO.xlsx, SALIDAS RAPIFRITOS-MAYO 7,2,Espacio para Nombre y firma DESPACHADOR,,Espacio para Nombre y firma RECEPTOR,,,,
EMPANADAS-RAPRITOS__SJME_DF_14MAYO.xlsx, SALIDAS RAPIFRITOS-MAYO 8,0,1,EMPANADA HAWAIANA FRITA,UNIDAD,,,,
EMPANADAS-RAPRITOS__SJME_DF_14MAYO.xlsx, SALIDAS RAPIFRITOS-MAYO 8,0,2,EMPANADA DE YUCA (CARNE Y POLLO),UNIDAD,1,,,
EMPANADAS-RAPRITOS__SJME_DF_14MAYO.xlsx, SALIDAS RAPIFRITOS-MAYO 8,0,3,EMPANADA MIXTA DE TRIGO,UNIDAD,,,,
EMPANADAS-RAPRITOS__SJME_DF_14MAYO.xlsx, SALIDAS RAPIFRITOS-MAYO 8,0,4,EMPANADA POLLO QUESO FRITA,UNIDAD,,,,
EMPANADAS-RAPRITOS__SJME_DF_14MAYO.xlsx, SALIDAS RAPIFRITOS-MAYO 8,0,5,FLAUTA POLLO QUESO CHAMPIÑONES FRITA,UNIDAD,2,,,
EMPANADAS-RAPRITOS__SJME_DF_14MAYO.xlsx, SALIDAS RAPIFRITOS-MAYO 8,0,6,PAPA DE (POLLO CARNE Y MEDIO HUEVO),UNIDAD,3,,,
EMPANADAS-RAPRITOS__SJME_DF_14MAYO.xlsx, SALIDAS RAPIFRITOS-MAYO 8,0,7,AREPA DE HUEVO,UNIDAD,,,,
EMPANADAS-RAPRITOS__SJME_DF_14MAYO.xlsx, SALIDAS RAPIFRITOS-MAYO 8,0,Observaciones:                                                                                                                                                                                              A3: 6(586458),,,,,,
EMPANADAS-RAPRITOS__SJME_DF_14MAYO.xlsx, SALIDAS RAPIFRITOS-MAYO 8,0,Espacio para Nombre y firma DESPACHADOR,,Espacio para Nombre y firma RECEPTOR,,,,
EMPANADAS-RAPRITOS__SJME_DF_14MAYO.xlsx, SALIDAS RAPIFRITOS-MAYO 8,1,1,EMPANADA HAWAIANA FRITA,UNIDAD,,,,
EMPANADAS-RAPRITOS__SJME_DF_14MAYO.xlsx, SALIDAS RAPIFRITOS-MAYO 8,1,2,EMPANADA DE YUCA (CARNE Y POLLO),UNIDAD,,,,
EMPANADAS-RAPRITOS__SJME_DF_14MAYO.xlsx, SALIDAS RAPIFRITOS-MAYO 8,1,3,EMPANADA MIXTA DE TRIGO,UNIDAD,,,,
EMPANADAS-RAPRITOS__SJME_DF_14MAYO.xlsx, SALIDAS RAPIFRITOS-MAYO 8,1,4,EMPANADA POLLO QUESO FRITA,UNIDAD,3,,,
EMPANADAS-RAPRITOS__SJME_DF_14MAYO.xlsx, SALIDAS RAPIFRITOS-MAYO 8,1,5,FLAUTA POLLO QUESO CHAMPIÑONES FRITA,UNIDAD,2,,,
EMPANADAS-RAPRITOS__SJME_DF_14MAYO.xlsx, SALIDAS RAPIFRITOS-MAYO 8,1,6,PAPA DE (POLLO CARNE Y MEDIO HUEVO),UNIDAD,1,,,
EMPANADAS-RAPRITOS__SJME_DF_14MAYO.xlsx, SALIDAS RAPIFRITOS-MAYO 8,1,7,AREPA DE HUEVO,UNIDAD,,,,
EMPANADAS-RAPRITOS__SJME_DF_14MAYO.xlsx, SALIDAS RAPIFRITOS-MAYO 8,1,Observaciones:                                                                                                                                                                                                  BE:6(586457),,,,,,
EMPANADAS-RAPRITOS__SJME_DF_14MAYO.xlsx, SALIDAS RAPIFRITOS-MAYO 8,1,Espacio para Nombre y firma DESPACHADOR,,Espacio para Nombre y firma RECEPTOR,,,,
EMPANADAS-RAPRITOS__SJME_DF_14MAYO.xlsx, SALIDAS RAPIFRITOS-MAYO 8,2,1,EMPANADA HAWAIANA FRITA,UNIDAD,3,,,
EMPANADAS-RAPRITOS__SJME_DF_14MAYO.xlsx, SALIDAS RAPIFRITOS-MAYO 8,2,2,EMPANADA DE YUCA (CARNE Y POLLO),UNIDAD,3,,,
EMPANADAS-RAPRITOS__SJME_DF_14MAYO.xlsx, SALIDAS RAPIFRITOS-MAYO 8,2,3,EMPANADA MIXTA DE TRIGO,UNIDAD,4,,,
EMPANADAS-RAPRITOS__SJME_DF_14MAYO.xlsx, SALIDAS RAPIFRITOS-MAYO 8,2,4,EMPANADA POLLO QUESO FRITA,UNIDAD,8,,,
EMPANADAS-RAPRITOS__SJME_DF_14MAYO.xlsx, SALIDAS RAPIFRITOS-MAYO 8,2,5,FLAUTA POLLO QUESO CHAMPIÑONES FRITA,UNIDAD,8,,,
EMPANADAS-RAPRITOS__SJME_DF_14MAYO.xlsx, SALIDAS RAPIFRITOS-MAYO 8,2,6,PAPA DE (POLLO CARNE Y MEDIO HUEVO),UNIDAD,3,,,
EMPANADAS-RAPRITOS__SJME_DF_14MAYO.xlsx, SALIDAS RAPIFRITOS-MAYO 8,2,7,AREPA DE HUEVO,UNIDAD,,,,
EMPANADAS-RAPRITOS__SJME_DF_14MAYO.xlsx, SALIDAS RAPIFRITOS-MAYO 8,2,Observaciones:                                                                                                                                                                                                  CT: 29(586456),,,,,,
EMPANADAS-RAPRITOS__SJME_DF_14MAYO.xlsx, SALIDAS RAPIFRITOS-MAYO 8,2,Espacio para Nombre y firma DESPACHADOR,,Espacio para Nombre y firma RECEPTOR,,,,
EMPANADAS-RAPRITOS__SJME_DF_14MAYO.xlsx,SALIDAS RAPIFRITOS-MAYO 11 ,0,1,EMPANADA HAWAIANA FRITA,UNIDAD,,,,
EMPANADAS-RAPRITOS__SJME_DF_14MAYO.xlsx,SALIDAS RAPIFRITOS-MAYO 11 ,0,2,EMPANADA DE YUCA (CARNE Y POLLO),UNIDAD,3,,,
EMPANADAS-RAPRITOS__SJME_DF_14MAYO.xlsx,SALIDAS RAPIFRITOS-MAYO 11 ,0,3,EMPANADA MIXTA DE TRIGO,UNIDAD,,,,
EMPANADAS-RAPRITOS__SJME_DF_14MAYO.xlsx,SALIDAS RAPIFRITOS-MAYO 11 ,0,4,EMPANADA POLLO QUESO FRITA,UNIDAD,,,,
EMPANADAS-RAPRITOS__SJME_DF_14MAYO.xlsx,SALIDAS RAPIFRITOS-MAYO 11 ,0,5,FLAUTA POLLO QUESO CHAMPIÑONES FRITA,UNIDAD,2,,,
EMPANADAS-RAPRITOS__SJME_DF_14MAYO.xlsx,SALIDAS RAPIFRITOS-MAYO 11 ,0,6,PAPA DE (POLLO CARNE Y MEDIO HUEVO),UNIDAD,4,,,
EMPANADAS-RAPRITOS__SJME_DF_14MAYO.xlsx,SALIDAS RAPIFRITOS-MAYO 11 ,0,7,AREPA DE HUEVO,UNIDAD,,,,
EMPANADAS-RAPRITOS__SJME_DF_14MAYO.xlsx,SALIDAS RAPIFRITOS-MAYO 11 ,0,Observaciones:                                                                                                                                                                                              A3:9(586785),,,,,,
EMPANADAS-RAPRITOS__SJME_DF_14MAYO.xlsx,SALIDAS RAPIFRITOS-MAYO 11 ,0,Espacio para Nombre y firma DESPACHADOR,,Espacio para Nombre y firma RECEPTOR,,,,
EMPANADAS-RAPRITOS__SJME_DF_14MAYO.xlsx,SALIDAS RAPIFRITOS-MAYO 11 ,1,1,EMPANADA HAWAIANA FRITA,UNIDAD,,,,
EMPANADAS-RAPRITOS__SJME_DF_14MAYO.xlsx,SALIDAS RAPIFRITOS-MAYO 11 ,1,2,EMPANADA DE YUCA (CARNE Y POLLO),UNIDAD,,,,
EMPANADAS-RAPRITOS__SJME_DF_14MAYO.xlsx,SALIDAS RAPIFRITOS-MAYO 11 ,1,3,EMPANADA MIXTA DE TRIGO,UNIDAD,,,,
EMPANADAS-RAPRITOS__SJME_DF_14MAYO.xlsx,SALIDAS RAPIFRITOS-MAYO 11 ,1,4,EMPANADA POLLO QUESO FRITA,UNIDAD,3,,,
EMPANADAS-RAPRITOS__SJME_DF_14MAYO.xlsx,SALIDAS RAPIFRITOS-MAYO 11 ,1,5,FLAUTA POLLO QUESO CHAMPIÑONES FRITA,UNIDAD,2,,,
EMPANADAS-RAPRITOS__SJME_DF_14MAYO.xlsx,SALIDAS RAPIFRITOS-MAYO 11 ,1,6,PAPA DE (POLLO CARNE Y MEDIO HUEVO),UNIDAD,1,,,
EMPANADAS-RAPRITOS__SJME_DF_14MAYO.xlsx,SALIDAS RAPIFRITOS-MAYO 11 ,1,7,AREPA DE HUEVO,UNIDAD,,,,
EMPANADAS-RAPRITOS__SJME_DF_14MAYO.xlsx,SALIDAS RAPIFRITOS-MAYO 11 ,1,Observaciones:                                                                                                                                                                                                  BE:6(586787),,,,,,
EMPANADAS-RAPRITOS__SJME_DF_14MAYO.xlsx,SALIDAS RAPIFRITOS-MAYO 11 ,1,Espacio para Nombre y firma DESPACHADOR,,Espacio para Nombre y firma RECEPTOR,,,,
EMPANADAS-RAPRITOS__SJME_DF_14MAYO.xlsx,SALIDAS RAPIFRITOS-MAYO 11 ,2,1,EMPANADA HAWAIANA FRITA,UNIDAD,3,,,
EMPANADAS-RAPRITOS__SJME_DF_14MAYO.xlsx,SALIDAS RAPIFRITOS-MAYO 11 ,2,2,EMPANADA DE YUCA (CARNE Y POLLO),UNIDAD,3,,,
EMPANADAS-RAPRITOS__SJME_DF_14MAYO.xlsx,SALIDAS RAPIFRITOS-MAYO 11 ,2,3,EMPANADA MIXTA DE TRIGO,UNIDAD,4,,,
EMPANADAS-RAPRITOS__SJME_DF_14MAYO.xlsx,SALIDAS RAPIFRITOS-MAYO 11 ,2,4,EMPANADA POLLO QUESO FRITA,UNIDAD,11,,,
EMPANADAS-RAPRITOS__SJME_DF_14MAYO.xlsx,SALIDAS RAPIFRITOS-MAYO 11 ,2,5,FLAUTA POLLO QUESO CHAMPIÑONES FRITA,UNIDAD,10,,,
EMPANADAS-RAPRITOS__SJME_DF_14MAYO.xlsx,SALIDAS RAPIFRITOS-MAYO 11 ,2,6,PAPA DE (POLLO CARNE Y MEDIO HUEVO),UNIDAD,3,,,
EMPANADAS-RAPRITOS__SJME_DF_14MAYO.xlsx,SALIDAS RAPIFRITOS-MAYO 11 ,2,7,AREPA DE HUEVO,UNIDAD,,,,
EMPANADAS-RAPRITOS__SJME_DF_14MAYO.xlsx,SALIDAS RAPIFRITOS-MAYO 11 ,2,Observaciones:                                                                                                                                                                                                  CT: 34(586786),,,,,,
EMPANADAS-RAPRITOS__SJME_DF_14MAYO.xlsx,SALIDAS RAPIFRITOS-MAYO 11 ,2,Espacio para Nombre y firma DESPACHADOR,,Espacio para Nombre y firma RECEPTOR,,,,
EMPANADAS-RAPRITOS__SJME_DF_14MAYO.xlsx,SALIDAS RAPIFRITOS-MAYO 12,0,1,EMPANADA HAWAIANA FRITA,UNIDAD,,,,
EMPANADAS-RAPRITOS__SJME_DF_14MAYO.xlsx,SALIDAS RAPIFRITOS-MAYO 12,0,2,EMPANADA DE YUCA (CARNE Y POLLO),UNIDAD,1,,,
EMPANADAS-RAPRITOS__SJME_DF_14MAYO.xlsx,SALIDAS RAPIFRITOS-MAYO 12,0,3,EMPANADA MIXTA DE TRIGO,UNIDAD,,,,
EMPANADAS-RAPRITOS__SJME_DF_14MAYO.xlsx,SALIDAS RAPIFRITOS-MAYO 12,0,4,EMPANADA POLLO QUESO FRITA,UNIDAD,,,,
EMPANADAS-RAPRITOS__SJME_DF_14MAYO.xlsx,SALIDAS RAPIFRITOS-MAYO 12,0,5,FLAUTA POLLO QUESO CHAMPIÑONES FRITA,UNIDAD,2,,,
EMPANADAS-RAPRITOS__SJME_DF_14MAYO.xlsx,SALIDAS RAPIFRITOS-MAYO 12,0,6,PAPA DE (POLLO CARNE Y MEDIO HUEVO),UNIDAD,3,,,
EMPANADAS-RAPRITOS__SJME_DF_14MAYO.xlsx,SALIDAS RAPIFRITOS-MAYO 12,0,7,AREPA DE HUEVO,UNIDAD,,,,
EMPANADAS-RAPRITOS__SJME_DF_14MAYO.xlsx,SALIDAS RAPIFRITOS-MAYO 12,0,Observaciones:                                                                                                                                                                                              A3:6(586829),,,,,,
EMPANADAS-RAPRITOS__SJME_DF_14MAYO.xlsx,SALIDAS RAPIFRITOS-MAYO 12,0,Espacio para Nombre y firma DESPACHADOR,,Espacio para Nombre y firma RECEPTOR,,,,
EMPANADAS-RAPRITOS__SJME_DF_14MAYO.xlsx,SALIDAS RAPIFRITOS-MAYO 12,1,1,EMPANADA HAWAIANA FRITA,UNIDAD,,,,
EMPANADAS-RAPRITOS__SJME_DF_14MAYO.xlsx,SALIDAS RAPIFRITOS-MAYO 12,1,2,EMPANADA DE YUCA (CARNE Y POLLO),UNIDAD,,,,
EMPANADAS-RAPRITOS__SJME_DF_14MAYO.xlsx,SALIDAS RAPIFRITOS-MAYO 12,1,3,EMPANADA MIXTA DE TRIGO,UNIDAD,,,,
EMPANADAS-RAPRITOS__SJME_DF_14MAYO.xlsx,SALIDAS RAPIFRITOS-MAYO 12,1,4,EMPANADA POLLO QUESO FRITA,UNIDAD,3,,,
EMPANADAS-RAPRITOS__SJME_DF_14MAYO.xlsx,SALIDAS RAPIFRITOS-MAYO 12,1,5,FLAUTA POLLO QUESO CHAMPIÑONES FRITA,UNIDAD,2,,,
EMPANADAS-RAPRITOS__SJME_DF_14MAYO.xlsx,SALIDAS RAPIFRITOS-MAYO 12,1,6,PAPA DE (POLLO CARNE Y MEDIO HUEVO),UNIDAD,1,,,
EMPANADAS-RAPRITOS__SJME_DF_14MAYO.xlsx,SALIDAS RAPIFRITOS-MAYO 12,1,7,AREPA DE HUEVO,UNIDAD,,,,
EMPANADAS-RAPRITOS__SJME_DF_14MAYO.xlsx,SALIDAS RAPIFRITOS-MAYO 12,1,Observaciones:                                                                                                                                                                                                  BE:6(586931),,,,,,
EMPANADAS-RAPRITOS__SJME_DF_14MAYO.xlsx,SALIDAS RAPIFRITOS-MAYO 12,1,Espacio para Nombre y firma DESPACHADOR,,Espacio para Nombre y firma RECEPTOR,,,,
EMPANADAS-RAPRITOS__SJME_DF_14MAYO.xlsx,SALIDAS RAPIFRITOS-MAYO 12,2,1,EMPANADA HAWAIANA FRITA,UNIDAD,3,,,
EMPANADAS-RAPRITOS__SJME_DF_14MAYO.xlsx,SALIDAS RAPIFRITOS-MAYO 12,2,2,EMPANADA DE YUCA (CARNE Y POLLO),UNIDAD,3,,,
EMPANADAS-RAPRITOS__SJME_DF_14MAYO.xlsx,SALIDAS RAPIFRITOS-MAYO 12,2,3,EMPANADA MIXTA DE TRIGO,UNIDAD,4,,,
EMPANADAS-RAPRITOS__SJME_DF_14MAYO.xlsx,SALIDAS RAPIFRITOS-MAYO 12,2,4,EMPANADA POLLO QUESO FRITA,UNIDAD,8,,,
EMPANADAS-RAPRITOS__SJME_DF_14MAYO.xlsx,SALIDAS RAPIFRITOS-MAYO 12,2,5,FLAUTA POLLO QUESO CHAMPIÑONES FRITA,UNIDAD,8,,,
EMPANADAS-RAPRITOS__SJME_DF_14MAYO.xlsx,SALIDAS RAPIFRITOS-MAYO 12,2,6,PAPA DE (POLLO CARNE Y MEDIO HUEVO),UNIDAD,3,,,
EMPANADAS-RAPRITOS__SJME_DF_14MAYO.xlsx,SALIDAS RAPIFRITOS-MAYO 12,2,7,AREPA DE HUEVO,UNIDAD,,,,
EMPANADAS-RAPRITOS__SJME_DF_14MAYO.xlsx,SALIDAS RAPIFRITOS-MAYO 12,2,Observaciones:                                                                                                                                                                                                  CT: 29(586930),,,,,,
EMPANADAS-RAPRITOS__SJME_DF_14MAYO.xlsx,SALIDAS RAPIFRITOS-MAYO 12,2,Espacio para Nombre y firma DESPACHADOR,,Espacio para Nombre y firma RECEPTOR,,,,
EMPANADAS-RAPRITOS__SJME_DF_14MAYO.xlsx,SALIDAS RAPIFRITOS-MAYO 13,0,1,EMPANADA HAWAIANA FRITA,UNIDAD,,,,
EMPANADAS-RAPRITOS__SJME_DF_14MAYO.xlsx,SALIDAS RAPIFRITOS-MAYO 13,0,2,EMPANADA DE YUCA (CARNE Y POLLO),UNIDAD,1,,,
EMPANADAS-RAPRITOS__SJME_DF_14MAYO.xlsx,SALIDAS RAPIFRITOS-MAYO 13,0,3,EMPANADA MIXTA DE TRIGO,UNIDAD,,,,
EMPANADAS-RAPRITOS__SJME_DF_14MAYO.xlsx,SALIDAS RAPIFRITOS-MAYO 13,0,4,EMPANADA POLLO QUESO FRITA,UNIDAD,,,,
EMPANADAS-RAPRITOS__SJME_DF_14MAYO.xlsx,SALIDAS RAPIFRITOS-MAYO 13,0,5,FLAUTA POLLO QUESO CHAMPIÑONES FRITA,UNIDAD,2,,,
EMPANADAS-RAPRITOS__SJME_DF_14MAYO.xlsx,SALIDAS RAPIFRITOS-MAYO 13,0,6,PAPA DE (POLLO CARNE Y MEDIO HUEVO),UNIDAD,3,,,
EMPANADAS-RAPRITOS__SJME_DF_14MAYO.xlsx,SALIDAS RAPIFRITOS-MAYO 13,0,7,AREPA DE HUEVO,UNIDAD,,,,
EMPANADAS-RAPRITOS__SJME_DF_14MAYO.xlsx,SALIDAS RAPIFRITOS-MAYO 13,0,Observaciones:                                                                                                                                                                                              A3:6(587072),,,,,,
EMPANADAS-RAPRITOS__SJME_DF_14MAYO.xlsx,SALIDAS RAPIFRITOS-MAYO 13,0,Espacio para Nombre y firma DESPACHADOR,,Espacio para Nombre y firma RECEPTOR,,,,
EMPANADAS-RAPRITOS__SJME_DF_14MAYO.xlsx,SALIDAS RAPIFRITOS-MAYO 13,1,1,EMPANADA HAWAIANA FRITA,UNIDAD,,,,
EMPANADAS-RAPRITOS__SJME_DF_14MAYO.xlsx,SALIDAS RAPIFRITOS-MAYO 13,1,2,EMPANADA DE YUCA (CARNE Y POLLO),UNIDAD,,,,
EMPANADAS-RAPRITOS__SJME_DF_14MAYO.xlsx,SALIDAS RAPIFRITOS-MAYO 13,1,3,EMPANADA MIXTA DE TRIGO,UNIDAD,,,,
EMPANADAS-RAPRITOS__SJME_DF_14MAYO.xlsx,SALIDAS RAPIFRITOS-MAYO 13,1,4,EMPANADA POLLO QUESO FRITA,UNIDAD,3,,,
EMPANADAS-RAPRITOS__SJME_DF_14MAYO.xlsx,SALIDAS RAPIFRITOS-MAYO 13,1,5,FLAUTA POLLO QUESO CHAMPIÑONES FRITA,UNIDAD,2,,,
EMPANADAS-RAPRITOS__SJME_DF_14MAYO.xlsx,SALIDAS RAPIFRITOS-MAYO 13,1,6,PAPA DE (POLLO CARNE Y MEDIO HUEVO),UNIDAD,1,,,
EMPANADAS-RAPRITOS__SJME_DF_14MAYO.xlsx,SALIDAS RAPIFRITOS-MAYO 13,1,7,AREPA DE HUEVO,UNIDAD,,,,
EMPANADAS-RAPRITOS__SJME_DF_14MAYO.xlsx,SALIDAS RAPIFRITOS-MAYO 13,1,Observaciones:                                                                                                                                                                                                  BE:6(587074),,,,,,
EMPANADAS-RAPRITOS__SJME_DF_14MAYO.xlsx,SALIDAS RAPIFRITOS-MAYO 13,1,Espacio para Nombre y firma DESPACHADOR,,Espacio para Nombre y firma RECEPTOR,,,,
EMPANADAS-RAPRITOS__SJME_DF_14MAYO.xlsx,SALIDAS RAPIFRITOS-MAYO 13,2,1,EMPANADA HAWAIANA FRITA,UNIDAD,3,,,
EMPANADAS-RAPRITOS__SJME_DF_14MAYO.xlsx,SALIDAS RAPIFRITOS-MAYO 13,2,2,EMPANADA DE YUCA (CARNE Y POLLO),UNIDAD,3,,,
EMPANADAS-RAPRITOS__SJME_DF_14MAYO.xlsx,SALIDAS RAPIFRITOS-MAYO 13,2,3,EMPANADA MIXTA DE TRIGO,UNIDAD,4,,,
EMPANADAS-RAPRITOS__SJME_DF_14MAYO.xlsx,SALIDAS RAPIFRITOS-MAYO 13,2,4,EMPANADA POLLO QUESO FRITA,UNIDAD,8,,,
EMPANADAS-RAPRITOS__SJME_DF_14MAYO.xlsx,SALIDAS RAPIFRITOS-MAYO 13,2,5,FLAUTA POLLO QUESO CHAMPIÑONES FRITA,UNIDAD,8,,,
EMPANADAS-RAPRITOS__SJME_DF_14MAYO.xlsx,SALIDAS RAPIFRITOS-MAYO 13,2,6,PAPA DE (POLLO CARNE Y MEDIO HUEVO),UNIDAD,3,,,
EMPANADAS-RAPRITOS__SJME_DF_14MAYO.xlsx,SALIDAS RAPIFRITOS-MAYO 13,2,7,AREPA DE HUEVO,UNIDAD,,,,
EMPANADAS-RAPRITOS__SJME_DF_14MAYO.xlsx,SALIDAS RAPIFRITOS-MAYO 13,2,Observaciones:                                                                                                                                                                                                  CT: 29(587073),,,,,,
EMPANADAS-RAPRITOS__SJME_DF_14MAYO.xlsx,SALIDAS RAPIFRITOS-MAYO 13,2,Espacio para Nombre y firma DESPACHADOR,,Espacio para Nombre y firma RECEPTOR,,,,
EMPANADAS-RAPRITOS__SJME_DF_14MAYO.xlsx,SALIDAS RAPIFRITOS-MAYO 14,0,1,EMPANADA HAWAIANA FRITA,UNIDAD,,,,
EMPANADAS-RAPRITOS__SJME_DF_14MAYO.xlsx,SALIDAS RAPIFRITOS-MAYO 14,0,2,EMPANADA DE YUCA (CARNE Y POLLO),UNIDAD,1,,,
EMPANADAS-RAPRITOS__SJME_DF_14MAYO.xlsx,SALIDAS RAPIFRITOS-MAYO 14,0,3,EMPANADA MIXTA DE TRIGO,UNIDAD,,,,
EMPANADAS-RAPRITOS__SJME_DF_14MAYO.xlsx,SALIDAS RAPIFRITOS-MAYO 14,0,4,EMPANADA POLLO QUESO FRITA,UNIDAD,,,,
EMPANADAS-RAPRITOS__SJME_DF_14MAYO.xlsx,SALIDAS RAPIFRITOS-MAYO 14,0,5,FLAUTA POLLO QUESO CHAMPIÑONES FRITA,UNIDAD,2,,,
EMPANADAS-RAPRITOS__SJME_DF_14MAYO.xlsx,SALIDAS RAPIFRITOS-MAYO 14,0,6,PAPA DE (POLLO CARNE Y MEDIO HUEVO),UNIDAD,3,,,
EMPANADAS-RAPRITOS__SJME_DF_14MAYO.xlsx,SALIDAS RAPIFRITOS-MAYO 14,0,7,AREPA DE HUEVO,UNIDAD,,,,
EMPANADAS-RAPRITOS__SJME_DF_14MAYO.xlsx,SALIDAS RAPIFRITOS-MAYO 14,0,Observaciones:                                                                                                                                                                                              A3:6(587216),,,,,,
EMPANADAS-RAPRITOS__SJME_DF_14MAYO.xlsx,SALIDAS RAPIFRITOS-MAYO 14,0,Espacio para Nombre y firma DESPACHADOR,,Espacio para Nombre y firma RECEPTOR,,,,
EMPANADAS-RAPRITOS__SJME_DF_14MAYO.xlsx,SALIDAS RAPIFRITOS-MAYO 14,1,1,EMPANADA HAWAIANA FRITA,UNIDAD,,,,
EMPANADAS-RAPRITOS__SJME_DF_14MAYO.xlsx,SALIDAS RAPIFRITOS-MAYO 14,1,2,EMPANADA DE YUCA (CARNE Y POLLO),UNIDAD,,,,
EMPANADAS-RAPRITOS__SJME_DF_14MAYO.xlsx,SALIDAS RAPIFRITOS-MAYO 14,1,3,EMPANADA MIXTA DE TRIGO,UNIDAD,,,,
EMPANADAS-RAPRITOS__SJME_DF_14MAYO.xlsx,SALIDAS RAPIFRITOS-MAYO 14,1,4,EMPANADA POLLO QUESO FRITA,UNIDAD,3,,,
EMPANADAS-RAPRITOS__SJME_DF_14MAYO.xlsx,SALIDAS RAPIFRITOS-MAYO 14,1,5,FLAUTA POLLO QUESO CHAMPIÑONES FRITA,UNIDAD,2,,,
EMPANADAS-RAPRITOS__SJME_DF_14MAYO.xlsx,SALIDAS RAPIFRITOS-MAYO 14,1,6,PAPA DE (POLLO CARNE Y MEDIO HUEVO),UNIDAD,1,,,
EMPANADAS-RAPRITOS__SJME_DF_14MAYO.xlsx,SALIDAS RAPIFRITOS-MAYO 14,1,7,AREPA DE HUEVO,UNIDAD,,,,
EMPANADAS-RAPRITOS__SJME_DF_14MAYO.xlsx,SALIDAS RAPIFRITOS-MAYO 14,1,Observaciones:                                                                                                                                                                                                  BE:6(587218),,,,,,
EMPANADAS-RAPRITOS__SJME_DF_14MAYO.xlsx,SALIDAS RAPIFRITOS-MAYO 14,1,Espacio para Nombre y firma DESPACHADOR,,Espacio para Nombre y firma RECEPTOR,,,,
EMPANADAS-RAPRITOS__SJME_DF_14MAYO.xlsx,SALIDAS RAPIFRITOS-MAYO 14,2,1,EMPANADA HAWAIANA FRITA,UNIDAD,3,,,
EMPANADAS-RAPRITOS__SJME_DF_14MAYO.xlsx,SALIDAS RAPIFRITOS-MAYO 14,2,2,EMPANADA DE YUCA (CARNE Y POLLO),UNIDAD,3,,,
EMPANADAS-RAPRITOS__SJME_DF_14MAYO.xlsx,SALIDAS RAPIFRITOS-MAYO 14,2,3,EMPANADA MIXTA DE TRIGO,UNIDAD,4,,,
EMPANADAS-RAPRITOS__SJME_DF_14MAYO.xlsx,SALIDAS RAPIFRITOS-MAYO 14,2,4,EMPANADA POLLO QUESO FRITA,UNIDAD,8,,,
EMPANADAS-RAPRITOS__SJME_DF_14MAYO.xlsx,SALIDAS RAPIFRITOS-MAYO 14,2,5,FLAUTA POLLO QUESO CHAMPIÑONES FRITA,UNIDAD,8,,,
EMPANADAS-RAPRITOS__SJME_DF_14MAYO.xlsx,SALIDAS RAPIFRITOS-MAYO 14,2,6,PAPA DE (POLLO CARNE Y MEDIO HUEVO),UNIDAD,3,,,
EMPANADAS-RAPRITOS__SJME_DF_14MAYO.xlsx,SALIDAS RAPIFRITOS-MAYO 14,2,7,AREPA DE HUEVO,UNIDAD,,,,
EMPANADAS-RAPRITOS__SJME_DF_14MAYO.xlsx,SALIDAS RAPIFRITOS-MAYO 14,2,Observaciones:                                                                                                                                                                                                  CT: 29(587217),,,,,,
EMPANADAS-RAPRITOS__SJME_DF_14MAYO.xlsx,SALIDAS RAPIFRITOS-MAYO 14,2,Espacio para Nombre y firma DESPACHADOR,,Espacio para Nombre y firma RECEPTOR,,,,
EMPANADAS-RAPRITOS__SJME_DF_14MAYO.xlsx,SALIDAS RAPIFRITOS-MAYO 15,0,1,EMPANADA HAWAIANA FRITA,UNIDAD,3,,,
EMPANADAS-RAPRITOS__SJME_DF_14MAYO.xlsx,SALIDAS RAPIFRITOS-MAYO 15,0,2,EMPANADA DE YUCA (CARNE Y POLLO),UNIDAD,3,,,
EMPANADAS-RAPRITOS__SJME_DF_14MAYO.xlsx,SALIDAS RAPIFRITOS-MAYO 15,0,3,EMPANADA MIXTA DE TRIGO,UNIDAD,4,,,
EMPANADAS-RAPRITOS__SJME_DF_14MAYO.xlsx,SALIDAS RAPIFRITOS-MAYO 15,0,4,EMPANADA POLLO QUESO FRITA,UNIDAD,11,,,
EMPANADAS-RAPRITOS__SJME_DF_14MAYO.xlsx,SALIDAS RAPIFRITOS-MAYO 15,0,5,FLAUTA POLLO QUESO CHAMPIÑONES FRITA,UNIDAD,10,,,
EMPANADAS-RAPRITOS__SJME_DF_14MAYO.xlsx,SALIDAS RAPIFRITOS-MAYO 15,0,6,PAPA DE (POLLO CARNE Y MEDIO HUEVO),UNIDAD,3,,,
EMPANADAS-RAPRITOS__SJME_DF_14MAYO.xlsx,SALIDAS RAPIFRITOS-MAYO 15,0,7,AREPA DE HUEVO,UNIDAD,,,,
EMPANADAS-RAPRITOS__SJME_DF_14MAYO.xlsx,SALIDAS RAPIFRITOS-MAYO 15,0,Observaciones:                                                                                                                                                                                                  CT: 34(587762),,,,,,
EMPANADAS-RAPRITOS__SJME_DF_14MAYO.xlsx,SALIDAS RAPIFRITOS-MAYO 15,0,Espacio para Nombre y firma DESPACHADOR,,Espacio para Nombre y firma RECEPTOR,,,,
EMPANADAS-RAPRITOS__SJME_DF_14MAYO.xlsx,SALIDAS RAPIFRITOS-MAYO 15,1,1,EMPANADA HAWAIANA FRITA,UNIDAD,,,,
EMPANADAS-RAPRITOS__SJME_DF_14MAYO.xlsx,SALIDAS RAPIFRITOS-MAYO 15,1,2,EMPANADA DE YUCA (CARNE Y POLLO),UNIDAD,,,,
EMPANADAS-RAPRITOS__SJME_DF_14MAYO.xlsx,SALIDAS RAPIFRITOS-MAYO 15,1,3,EMPANADA MIXTA DE TRIGO,UNIDAD,,,,
EMPANADAS-RAPRITOS__SJME_DF_14MAYO.xlsx,SALIDAS RAPIFRITOS-MAYO 15,1,4,EMPANADA POLLO QUESO FRITA,UNIDAD,3,,,
EMPANADAS-RAPRITOS__SJME_DF_14MAYO.xlsx,SALIDAS RAPIFRITOS-MAYO 15,1,5,FLAUTA POLLO QUESO CHAMPIÑONES FRITA,UNIDAD,2,,,
EMPANADAS-RAPRITOS__SJME_DF_14MAYO.xlsx,SALIDAS RAPIFRITOS-MAYO 15,1,6,PAPA DE (POLLO CARNE Y MEDIO HUEVO),UNIDAD,1,,,
EMPANADAS-RAPRITOS__SJME_DF_14MAYO.xlsx,SALIDAS RAPIFRITOS-MAYO 15,1,7,AREPA DE HUEVO,UNIDAD,,,,
EMPANADAS-RAPRITOS__SJME_DF_14MAYO.xlsx,SALIDAS RAPIFRITOS-MAYO 15,1,Observaciones:                                                                                                                                                                                                  BE:6(587346),,,,,,
EMPANADAS-RAPRITOS__SJME_DF_14MAYO.xlsx,SALIDAS RAPIFRITOS-MAYO 15,1,Espacio para Nombre y firma DESPACHADOR,,Espacio para Nombre y firma RECEPTOR,,,,
EMPANADAS-RAPRITOS__SJME_DF_14MAYO.xlsx,SALIDAS RAPIFRITOS-MAYO 15,2,1,EMPANADA HAWAIANA FRITA,UNIDAD,3,,,
EMPANADAS-RAPRITOS__SJME_DF_14MAYO.xlsx,SALIDAS RAPIFRITOS-MAYO 15,2,2,EMPANADA DE YUCA (CARNE Y POLLO),UNIDAD,3,,,
EMPANADAS-RAPRITOS__SJME_DF_14MAYO.xlsx,SALIDAS RAPIFRITOS-MAYO 15,2,3,EMPANADA MIXTA DE TRIGO,UNIDAD,4,,,
EMPANADAS-RAPRITOS__SJME_DF_14MAYO.xlsx,SALIDAS RAPIFRITOS-MAYO 15,2,4,EMPANADA POLLO QUESO FRITA,UNIDAD,8,,,
EMPANADAS-RAPRITOS__SJME_DF_14MAYO.xlsx,SALIDAS RAPIFRITOS-MAYO 15,2,5,FLAUTA POLLO QUESO CHAMPIÑONES FRITA,UNIDAD,8,,,
EMPANADAS-RAPRITOS__SJME_DF_14MAYO.xlsx,SALIDAS RAPIFRITOS-MAYO 15,2,6,PAPA DE (POLLO CARNE Y MEDIO HUEVO),UNIDAD,3,,,
EMPANADAS-RAPRITOS__SJME_DF_14MAYO.xlsx,SALIDAS RAPIFRITOS-MAYO 15,2,7,AREPA DE HUEVO,UNIDAD,,,,
EMPANADAS-RAPRITOS__SJME_DF_14MAYO.xlsx,SALIDAS RAPIFRITOS-MAYO 15,2,Observaciones:                                                                                                                                                                                                  CT: 29(587345),,,,,,
EMPANADAS-RAPRITOS__SJME_DF_14MAYO.xlsx,SALIDAS RAPIFRITOS-MAYO 15,2,Espacio para Nombre y firma DESPACHADOR,,Espacio para Nombre y firma RECEPTOR,,,,
EMPANADAS-RAPRITOS__SJME_DF_14MAYO.xlsx,SALIDAS RAPIFRITOS-MAYO 19,0,1,EMPANADA HAWAIANA FRITA,UNIDAD,,,,
EMPANADAS-RAPRITOS__SJME_DF_14MAYO.xlsx,SALIDAS RAPIFRITOS-MAYO 19,0,2,EMPANADA DE YUCA (CARNE Y POLLO),UNIDAD,3,,,
EMPANADAS-RAPRITOS__SJME_DF_14MAYO.xlsx,SALIDAS RAPIFRITOS-MAYO 19,0,3,EMPANADA MIXTA DE TRIGO,UNIDAD,,,,
EMPANADAS-RAPRITOS__SJME_DF_14MAYO.xlsx,SALIDAS RAPIFRITOS-MAYO 19,0,4,EMPANADA POLLO QUESO FRITA,UNIDAD,,,,
EMPANADAS-RAPRITOS__SJME_DF_14MAYO.xlsx,SALIDAS RAPIFRITOS-MAYO 19,0,5,FLAUTA POLLO QUESO CHAMPIÑONES FRITA,UNIDAD,2,,,
EMPANADAS-RAPRITOS__SJME_DF_14MAYO.xlsx,SALIDAS RAPIFRITOS-MAYO 19,0,6,PAPA DE (POLLO CARNE Y MEDIO HUEVO),UNIDAD,4,,,
EMPANADAS-RAPRITOS__SJME_DF_14MAYO.xlsx,SALIDAS RAPIFRITOS-MAYO 19,0,7,AREPA DE HUEVO,UNIDAD,,,,
EMPANADAS-RAPRITOS__SJME_DF_14MAYO.xlsx,SALIDAS RAPIFRITOS-MAYO 19,0,Observaciones:                                                                                                                                                                                              A3:9(587764),,,,,,
EMPANADAS-RAPRITOS__SJME_DF_14MAYO.xlsx,SALIDAS RAPIFRITOS-MAYO 19,0,Espacio para Nombre y firma DESPACHADOR,,Espacio para Nombre y firma RECEPTOR,,,,
EMPANADAS-RAPRITOS__SJME_DF_14MAYO.xlsx,SALIDAS RAPIFRITOS-MAYO 19,1,1,EMPANADA HAWAIANA FRITA,UNIDAD,,,,
EMPANADAS-RAPRITOS__SJME_DF_14MAYO.xlsx,SALIDAS RAPIFRITOS-MAYO 19,1,2,EMPANADA DE YUCA (CARNE Y POLLO),UNIDAD,,,,
EMPANADAS-RAPRITOS__SJME_DF_14MAYO.xlsx,SALIDAS RAPIFRITOS-MAYO 19,1,3,EMPANADA MIXTA DE TRIGO,UNIDAD,,,,
EMPANADAS-RAPRITOS__SJME_DF_14MAYO.xlsx,SALIDAS RAPIFRITOS-MAYO 19,1,4,EMPANADA POLLO QUESO FRITA,UNIDAD,3,,,
EMPANADAS-RAPRITOS__SJME_DF_14MAYO.xlsx,SALIDAS RAPIFRITOS-MAYO 19,1,5,FLAUTA POLLO QUESO CHAMPIÑONES FRITA,UNIDAD,2,,,
EMPANADAS-RAPRITOS__SJME_DF_14MAYO.xlsx,SALIDAS RAPIFRITOS-MAYO 19,1,6,PAPA DE (POLLO CARNE Y MEDIO HUEVO),UNIDAD,1,,,
EMPANADAS-RAPRITOS__SJME_DF_14MAYO.xlsx,SALIDAS RAPIFRITOS-MAYO 19,1,7,AREPA DE HUEVO,UNIDAD,,,,
EMPANADAS-RAPRITOS__SJME_DF_14MAYO.xlsx,SALIDAS RAPIFRITOS-MAYO 19,1,Observaciones:                                                                                                                                                                                                  BE:6(587763),,,,,,
EMPANADAS-RAPRITOS__SJME_DF_14MAYO.xlsx,SALIDAS RAPIFRITOS-MAYO 19,1,Espacio para Nombre y firma DESPACHADOR,,Espacio para Nombre y firma RECEPTOR,,,,
EMPANADAS-RAPRITOS__SJME_DF_14MAYO.xlsx,SALIDAS RAPIFRITOS-MAYO 19,2,1,EMPANADA HAWAIANA FRITA,UNIDAD,3,,,
EMPANADAS-RAPRITOS__SJME_DF_14MAYO.xlsx,SALIDAS RAPIFRITOS-MAYO 19,2,2,EMPANADA DE YUCA (CARNE Y POLLO),UNIDAD,3,,,
EMPANADAS-RAPRITOS__SJME_DF_14MAYO.xlsx,SALIDAS RAPIFRITOS-MAYO 19,2,3,EMPANADA MIXTA DE TRIGO,UNIDAD,4,,,
EMPANADAS-RAPRITOS__SJME_DF_14MAYO.xlsx,SALIDAS RAPIFRITOS-MAYO 19,2,4,EMPANADA POLLO QUESO FRITA,UNIDAD,11,,,
EMPANADAS-RAPRITOS__SJME_DF_14MAYO.xlsx,SALIDAS RAPIFRITOS-MAYO 19,2,5,FLAUTA POLLO QUESO CHAMPIÑONES FRITA,UNIDAD,10,,,
EMPANADAS-RAPRITOS__SJME_DF_14MAYO.xlsx,SALIDAS RAPIFRITOS-MAYO 19,2,6,PAPA DE (POLLO CARNE Y MEDIO HUEVO),UNIDAD,3,,,
EMPANADAS-RAPRITOS__SJME_DF_14MAYO.xlsx,SALIDAS RAPIFRITOS-MAYO 19,2,7,AREPA DE HUEVO,UNIDAD,,,,
EMPANADAS-RAPRITOS__SJME_DF_14MAYO.xlsx,SALIDAS RAPIFRITOS-MAYO 19,2,Observaciones:                                                                                                                                                                                                  CT: 34(587762),,,,,,
EMPANADAS-RAPRITOS__SJME_DF_14MAYO.xlsx,SALIDAS RAPIFRITOS-MAYO 19,2,Espacio para Nombre y firma DESPACHADOR,,Espacio para Nombre y firma RECEPTOR,,,,
EMPANADAS-RAPRITOS__SJME_DF_14MAYO.xlsx,SALIDAS RAPIFRITOS-MAYO 20,0,1,EMPANADA HAWAIANA FRITA,UNIDAD,,,,
EMPANADAS-RAPRITOS__SJME_DF_14MAYO.xlsx,SALIDAS RAPIFRITOS-MAYO 20,0,2,EMPANADA DE YUCA (CARNE Y POLLO),UNIDAD,3,,,
EMPANADAS-RAPRITOS__SJME_DF_14MAYO.xlsx,SALIDAS RAPIFRITOS-MAYO 20,0,3,EMPANADA MIXTA DE TRIGO,UNIDAD,,,,
EMPANADAS-RAPRITOS__SJME_DF_14MAYO.xlsx,SALIDAS RAPIFRITOS-MAYO 20,0,4,EMPANADA POLLO QUESO FRITA,UNIDAD,,,,
EMPANADAS-RAPRITOS__SJME_DF_14MAYO.xlsx,SALIDAS RAPIFRITOS-MAYO 20,0,5,FLAUTA POLLO QUESO CHAMPIÑONES FRITA,UNIDAD,2,,,
EMPANADAS-RAPRITOS__SJME_DF_14MAYO.xlsx,SALIDAS RAPIFRITOS-MAYO 20,0,6,PAPA DE (POLLO CARNE Y MEDIO HUEVO),UNIDAD,4,,,
EMPANADAS-RAPRITOS__SJME_DF_14MAYO.xlsx,SALIDAS RAPIFRITOS-MAYO 20,0,7,AREPA DE HUEVO,UNIDAD,,,,
EMPANADAS-RAPRITOS__SJME_DF_14MAYO.xlsx,SALIDAS RAPIFRITOS-MAYO 20,0,Observaciones:                                                                                                                                                                                              A3:9(587913),,,,,,
EMPANADAS-RAPRITOS__SJME_DF_14MAYO.xlsx,SALIDAS RAPIFRITOS-MAYO 20,0,Espacio para Nombre y firma DESPACHADOR,,Espacio para Nombre y firma RECEPTOR,,,,
EMPANADAS-RAPRITOS__SJME_DF_14MAYO.xlsx,SALIDAS RAPIFRITOS-MAYO 20,1,1,EMPANADA HAWAIANA FRITA,UNIDAD,,,,
EMPANADAS-RAPRITOS__SJME_DF_14MAYO.xlsx,SALIDAS RAPIFRITOS-MAYO 20,1,2,EMPANADA DE YUCA (CARNE Y POLLO),UNIDAD,,,,
EMPANADAS-RAPRITOS__SJME_DF_14MAYO.xlsx,SALIDAS RAPIFRITOS-MAYO 20,1,3,EMPANADA MIXTA DE TRIGO,UNIDAD,,,,
EMPANADAS-RAPRITOS__SJME_DF_14MAYO.xlsx,SALIDAS RAPIFRITOS-MAYO 20,1,4,EMPANADA POLLO QUESO FRITA,UNIDAD,3,,,
EMPANADAS-RAPRITOS__SJME_DF_14MAYO.xlsx,SALIDAS RAPIFRITOS-MAYO 20,1,5,FLAUTA POLLO QUESO CHAMPIÑONES FRITA,UNIDAD,2,,,
EMPANADAS-RAPRITOS__SJME_DF_14MAYO.xlsx,SALIDAS RAPIFRITOS-MAYO 20,1,6,PAPA DE (POLLO CARNE Y MEDIO HUEVO),UNIDAD,1,,,
EMPANADAS-RAPRITOS__SJME_DF_14MAYO.xlsx,SALIDAS RAPIFRITOS-MAYO 20,1,7,AREPA DE HUEVO,UNIDAD,,,,
EMPANADAS-RAPRITOS__SJME_DF_14MAYO.xlsx,SALIDAS RAPIFRITOS-MAYO 20,1,Observaciones:                                                                                                                                                                                                  BE:6(587912),,,,,,
EMPANADAS-RAPRITOS__SJME_DF_14MAYO.xlsx,SALIDAS RAPIFRITOS-MAYO 20,1,Espacio para Nombre y firma DESPACHADOR,,Espacio para Nombre y firma RECEPTOR,,,,
EMPANADAS-RAPRITOS__SJME_DF_14MAYO.xlsx,SALIDAS RAPIFRITOS-MAYO 20,2,1,EMPANADA HAWAIANA FRITA,UNIDAD,3,,,
EMPANADAS-RAPRITOS__SJME_DF_14MAYO.xlsx,SALIDAS RAPIFRITOS-MAYO 20,2,2,EMPANADA DE YUCA (CARNE Y POLLO),UNIDAD,3,,,
EMPANADAS-RAPRITOS__SJME_DF_14MAYO.xlsx,SALIDAS RAPIFRITOS-MAYO 20,2,3,EMPANADA MIXTA DE TRIGO,UNIDAD,4,,,
EMPANADAS-RAPRITOS__SJME_DF_14MAYO.xlsx,SALIDAS RAPIFRITOS-MAYO 20,2,4,EMPANADA POLLO QUESO FRITA,UNIDAD,11,,,
EMPANADAS-RAPRITOS__SJME_DF_14MAYO.xlsx,SALIDAS RAPIFRITOS-MAYO 20,2,5,FLAUTA POLLO QUESO CHAMPIÑONES FRITA,UNIDAD,10,,,
EMPANADAS-RAPRITOS__SJME_DF_14MAYO.xlsx,SALIDAS RAPIFRITOS-MAYO 20,2,6,PAPA DE (POLLO CARNE Y MEDIO HUEVO),UNIDAD,3,,,
EMPANADAS-RAPRITOS__SJME_DF_14MAYO.xlsx,SALIDAS RAPIFRITOS-MAYO 20,2,7,AREPA DE HUEVO,UNIDAD,,,,
EMPANADAS-RAPRITOS__SJME_DF_14MAYO.xlsx,SALIDAS RAPIFRITOS-MAYO 20,2,Observaciones:                                                                                                                                                                                                  CT: 34(587911),,,,,,
EMPANADAS-RAPRITOS__SJME_DF_14MAYO.xlsx,SALIDAS RAPIFRITOS-MAYO 20,2,Espacio para Nombre y firma DESPACHADOR,,Espacio para Nombre y firma RECEPTOR,,,,
EMPANADAS-RAPRITOS__SJME_DF_14MAYO.xlsx,SALIDAS RAPIFRITOS-MAYO 21,0,1,EMPANADA HAWAIANA FRITA,UNIDAD,,,,
EMPANADAS-RAPRITOS__SJME_DF_14MAYO.xlsx,SALIDAS RAPIFRITOS-MAYO 21,0,2,EMPANADA DE YUCA (CARNE Y POLLO),UNIDAD,3,,,
EMPANADAS-RAPRITOS__SJME_DF_14MAYO.xlsx,SALIDAS RAPIFRITOS-MAYO 21,0,3,EMPANADA MIXTA DE TRIGO,UNIDAD,,,,
EMPANADAS-RAPRITOS__SJME_DF_14MAYO.xlsx,SALIDAS RAPIFRITOS-MAYO 21,0,4,EMPANADA POLLO QUESO FRITA,UNIDAD,,,,
EMPANADAS-RAPRITOS__SJME_DF_14MAYO.xlsx,SALIDAS RAPIFRITOS-MAYO 21,0,5,FLAUTA POLLO QUESO CHAMPIÑONES FRITA,UNIDAD,2,,,
EMPANADAS-RAPRITOS__SJME_DF_14MAYO.xlsx,SALIDAS RAPIFRITOS-MAYO 21,0,6,PAPA DE (POLLO CARNE Y MEDIO HUEVO),UNIDAD,4,,,
EMPANADAS-RAPRITOS__SJME_DF_14MAYO.xlsx,SALIDAS RAPIFRITOS-MAYO 21,0,7,AREPA DE HUEVO,UNIDAD,,,,
EMPANADAS-RAPRITOS__SJME_DF_14MAYO.xlsx,SALIDAS RAPIFRITOS-MAYO 21,0,Observaciones:                                                                                                                                                                                              A3:9(588045),,,,,,
EMPANADAS-RAPRITOS__SJME_DF_14MAYO.xlsx,SALIDAS RAPIFRITOS-MAYO 21,0,Espacio para Nombre y firma DESPACHADOR,,Espacio para Nombre y firma RECEPTOR,,,,
EMPANADAS-RAPRITOS__SJME_DF_14MAYO.xlsx,SALIDAS RAPIFRITOS-MAYO 21,1,1,EMPANADA HAWAIANA FRITA,UNIDAD,,,,
EMPANADAS-RAPRITOS__SJME_DF_14MAYO.xlsx,SALIDAS RAPIFRITOS-MAYO 21,1,2,EMPANADA DE YUCA (CARNE Y POLLO),UNIDAD,,,,
EMPANADAS-RAPRITOS__SJME_DF_14MAYO.xlsx,SALIDAS RAPIFRITOS-MAYO 21,1,3,EMPANADA MIXTA DE TRIGO,UNIDAD,,,,
EMPANADAS-RAPRITOS__SJME_DF_14MAYO.xlsx,SALIDAS RAPIFRITOS-MAYO 21,1,4,EMPANADA POLLO QUESO FRITA,UNIDAD,3,,,
EMPANADAS-RAPRITOS__SJME_DF_14MAYO.xlsx,SALIDAS RAPIFRITOS-MAYO 21,1,5,FLAUTA POLLO QUESO CHAMPIÑONES FRITA,UNIDAD,2,,,
EMPANADAS-RAPRITOS__SJME_DF_14MAYO.xlsx,SALIDAS RAPIFRITOS-MAYO 21,1,6,PAPA DE (POLLO CARNE Y MEDIO HUEVO),UNIDAD,1,,,
EMPANADAS-RAPRITOS__SJME_DF_14MAYO.xlsx,SALIDAS RAPIFRITOS-MAYO 21,1,7,AREPA DE HUEVO,UNIDAD,,,,
EMPANADAS-RAPRITOS__SJME_DF_14MAYO.xlsx,SALIDAS RAPIFRITOS-MAYO 21,1,Observaciones:                                                                                                                                                                                                  BE:6(588044),,,,,,
EMPANADAS-RAPRITOS__SJME_DF_14MAYO.xlsx,SALIDAS RAPIFRITOS-MAYO 21,1,Espacio para Nombre y firma DESPACHADOR,,Espacio para Nombre y firma RECEPTOR,,,,
EMPANADAS-RAPRITOS__SJME_DF_14MAYO.xlsx,SALIDAS RAPIFRITOS-MAYO 21,2,1,EMPANADA HAWAIANA FRITA,UNIDAD,3,,,
EMPANADAS-RAPRITOS__SJME_DF_14MAYO.xlsx,SALIDAS RAPIFRITOS-MAYO 21,2,2,EMPANADA DE YUCA (CARNE Y POLLO),UNIDAD,3,,,
EMPANADAS-RAPRITOS__SJME_DF_14MAYO.xlsx,SALIDAS RAPIFRITOS-MAYO 21,2,3,EMPANADA MIXTA DE TRIGO,UNIDAD,4,,,
EMPANADAS-RAPRITOS__SJME_DF_14MAYO.xlsx,SALIDAS RAPIFRITOS-MAYO 21,2,4,EMPANADA POLLO QUESO FRITA,UNIDAD,11,,,
EMPANADAS-RAPRITOS__SJME_DF_14MAYO.xlsx,SALIDAS RAPIFRITOS-MAYO 21,2,5,FLAUTA POLLO QUESO CHAMPIÑONES FRITA,UNIDAD,10,,,
EMPANADAS-RAPRITOS__SJME_DF_14MAYO.xlsx,SALIDAS RAPIFRITOS-MAYO 21,2,6,PAPA DE (POLLO CARNE Y MEDIO HUEVO),UNIDAD,3,,,
EMPANADAS-RAPRITOS__SJME_DF_14MAYO.xlsx,SALIDAS RAPIFRITOS-MAYO 21,2,7,AREPA DE HUEVO,UNIDAD,,,,
EMPANADAS-RAPRITOS__SJME_DF_14MAYO.xlsx,SALIDAS RAPIFRITOS-MAYO 21,2,Observaciones:                                                                                                                                                                                                  CT: 34(588043),,,,,,
EMPANADAS-RAPRITOS__SJME_DF_14MAYO.xlsx,SALIDAS RAPIFRITOS-MAYO 21,2,Espacio para Nombre y firma DESPACHADOR,,Espacio para Nombre y firma RECEPTOR,,,,
EMPANADAS-RAPRITOS__SJME_DF_14MAYO.xlsx,SALIDAS RAPIFRITOS-MAYO 22,0,1,EMPANADA HAWAIANA FRITA,UNIDAD,,,,
EMPANADAS-RAPRITOS__SJME_DF_14MAYO.xlsx,SALIDAS RAPIFRITOS-MAYO 22,0,2,EMPANADA DE YUCA (CARNE Y POLLO),UNIDAD,,,,
EMPANADAS-RAPRITOS__SJME_DF_14MAYO.xlsx,SALIDAS RAPIFRITOS-MAYO 22,0,3,EMPANADA MIXTA DE TRIGO,UNIDAD,,,,
EMPANADAS-RAPRITOS__SJME_DF_14MAYO.xlsx,SALIDAS RAPIFRITOS-MAYO 22,0,4,EMPANADA POLLO QUESO FRITA,UNIDAD,,,,
EMPANADAS-RAPRITOS__SJME_DF_14MAYO.xlsx,SALIDAS RAPIFRITOS-MAYO 22,0,5,FLAUTA POLLO QUESO CHAMPIÑONES FRITA,UNIDAD,,,,
EMPANADAS-RAPRITOS__SJME_DF_14MAYO.xlsx,SALIDAS RAPIFRITOS-MAYO 22,0,6,PAPA DE (POLLO CARNE Y MEDIO HUEVO),UNIDAD,,,,
EMPANADAS-RAPRITOS__SJME_DF_14MAYO.xlsx,SALIDAS RAPIFRITOS-MAYO 22,0,7,AREPA DE HUEVO,UNIDAD,,,,
EMPANADAS-RAPRITOS__SJME_DF_14MAYO.xlsx,SALIDAS RAPIFRITOS-MAYO 22,0,Observaciones:                                                                                                                                                                                              A3:9(588045),,,,,,
EMPANADAS-RAPRITOS__SJME_DF_14MAYO.xlsx,SALIDAS RAPIFRITOS-MAYO 22,0,Espacio para Nombre y firma DESPACHADOR,,Espacio para Nombre y firma RECEPTOR,,,,
EMPANADAS-RAPRITOS__SJME_DF_14MAYO.xlsx,SALIDAS RAPIFRITOS-MAYO 22,1,1,EMPANADA HAWAIANA FRITA,UNIDAD,,,,
EMPANADAS-RAPRITOS__SJME_DF_14MAYO.xlsx,SALIDAS RAPIFRITOS-MAYO 22,1,2,EMPANADA DE YUCA (CARNE Y POLLO),UNIDAD,,,,
EMPANADAS-RAPRITOS__SJME_DF_14MAYO.xlsx,SALIDAS RAPIFRITOS-MAYO 22,1,3,EMPANADA MIXTA DE TRIGO,UNIDAD,,,,
EMPANADAS-RAPRITOS__SJME_DF_14MAYO.xlsx,SALIDAS RAPIFRITOS-MAYO 22,1,4,EMPANADA POLLO QUESO FRITA,UNIDAD,3,,,
EMPANADAS-RAPRITOS__SJME_DF_14MAYO.xlsx,SALIDAS RAPIFRITOS-MAYO 22,1,5,FLAUTA POLLO QUESO CHAMPIÑONES FRITA,UNIDAD,2,,,
EMPANADAS-RAPRITOS__SJME_DF_14MAYO.xlsx,SALIDAS RAPIFRITOS-MAYO 22,1,6,PAPA DE (POLLO CARNE Y MEDIO HUEVO),UNIDAD,1,,,
EMPANADAS-RAPRITOS__SJME_DF_14MAYO.xlsx,SALIDAS RAPIFRITOS-MAYO 22,1,7,AREPA DE HUEVO,UNIDAD,,,,
EMPANADAS-RAPRITOS__SJME_DF_14MAYO.xlsx,SALIDAS RAPIFRITOS-MAYO 22,1,Observaciones:                                                                                                                                                                                                  BE:6(588193),,,,,,
EMPANADAS-RAPRITOS__SJME_DF_14MAYO.xlsx,SALIDAS RAPIFRITOS-MAYO 22,1,Espacio para Nombre y firma DESPACHADOR,,Espacio para Nombre y firma RECEPTOR,,,,
EMPANADAS-RAPRITOS__SJME_DF_14MAYO.xlsx,SALIDAS RAPIFRITOS-MAYO 22,2,1,EMPANADA HAWAIANA FRITA,UNIDAD,3,,,
EMPANADAS-RAPRITOS__SJME_DF_14MAYO.xlsx,SALIDAS RAPIFRITOS-MAYO 22,2,2,EMPANADA DE YUCA (CARNE Y POLLO),UNIDAD,3,,,
EMPANADAS-RAPRITOS__SJME_DF_14MAYO.xlsx,SALIDAS RAPIFRITOS-MAYO 22,2,3,EMPANADA MIXTA DE TRIGO,UNIDAD,4,,,
EMPANADAS-RAPRITOS__SJME_DF_14MAYO.xlsx,SALIDAS RAPIFRITOS-MAYO 22,2,4,EMPANADA POLLO QUESO FRITA,UNIDAD,11,,,
EMPANADAS-RAPRITOS__SJME_DF_14MAYO.xlsx,SALIDAS RAPIFRITOS-MAYO 22,2,5,FLAUTA POLLO QUESO CHAMPIÑONES FRITA,UNIDAD,10,,,
EMPANADAS-RAPRITOS__SJME_DF_14MAYO.xlsx,SALIDAS RAPIFRITOS-MAYO 22,2,6,PAPA DE (POLLO CARNE Y MEDIO HUEVO),UNIDAD,3,,,
EMPANADAS-RAPRITOS__SJME_DF_14MAYO.xlsx,SALIDAS RAPIFRITOS-MAYO 22,2,7,AREPA DE HUEVO,UNIDAD,,,,
EMPANADAS-RAPRITOS__SJME_DF_14MAYO.xlsx,SALIDAS RAPIFRITOS-MAYO 22,2,Observaciones:                                                                                                                                                                                                  CT: 34(588192),,,,,,
EMPANADAS-RAPRITOS__SJME_DF_14MAYO.xlsx,SALIDAS RAPIFRITOS-MAYO 22,2,Espacio para Nombre y firma DESPACHADOR,,Espacio para Nombre y firma RECEPTOR,,,,
EMPANADAS-RAPRITOS__SJME_DF_14MAYO.xlsx,SALIDAS RAPIFRITOS-MAYO 25,0,1,EMPANADA HAWAIANA FRITA,UNIDAD,,,,
EMPANADAS-RAPRITOS__SJME_DF_14MAYO.xlsx,SALIDAS RAPIFRITOS-MAYO 25,0,2,EMPANADA DE YUCA (CARNE Y POLLO),UNIDAD,3,,,
EMPANADAS-RAPRITOS__SJME_DF_14MAYO.xlsx,SALIDAS RAPIFRITOS-MAYO 25,0,3,EMPANADA MIXTA DE TRIGO,UNIDAD,,,,
EMPANADAS-RAPRITOS__SJME_DF_14MAYO.xlsx,SALIDAS RAPIFRITOS-MAYO 25,0,4,EMPANADA POLLO QUESO FRITA,UNIDAD,,,,
EMPANADAS-RAPRITOS__SJME_DF_14MAYO.xlsx,SALIDAS RAPIFRITOS-MAYO 25,0,5,FLAUTA POLLO QUESO CHAMPIÑONES FRITA,UNIDAD,2,,,
EMPANADAS-RAPRITOS__SJME_DF_14MAYO.xlsx,SALIDAS RAPIFRITOS-MAYO 25,0,6,PAPA DE (POLLO CARNE Y MEDIO HUEVO),UNIDAD,4,,,
EMPANADAS-RAPRITOS__SJME_DF_14MAYO.xlsx,SALIDAS RAPIFRITOS-MAYO 25,0,7,AREPA DE HUEVO,UNIDAD,,,,
EMPANADAS-RAPRITOS__SJME_DF_14MAYO.xlsx,SALIDAS RAPIFRITOS-MAYO 25,0,Observaciones:                                                                                                                                                                                              A3:9(588553),,,,,,
EMPANADAS-RAPRITOS__SJME_DF_14MAYO.xlsx,SALIDAS RAPIFRITOS-MAYO 25,0,Espacio para Nombre y firma DESPACHADOR,,Espacio para Nombre y firma RECEPTOR,,,,
EMPANADAS-RAPRITOS__SJME_DF_14MAYO.xlsx,SALIDAS RAPIFRITOS-MAYO 25,1,1,EMPANADA HAWAIANA FRITA,UNIDAD,,,,
EMPANADAS-RAPRITOS__SJME_DF_14MAYO.xlsx,SALIDAS RAPIFRITOS-MAYO 25,1,2,EMPANADA DE YUCA (CARNE Y POLLO),UNIDAD,,,,
EMPANADAS-RAPRITOS__SJME_DF_14MAYO.xlsx,SALIDAS RAPIFRITOS-MAYO 25,1,3,EMPANADA MIXTA DE TRIGO,UNIDAD,,,,
EMPANADAS-RAPRITOS__SJME_DF_14MAYO.xlsx,SALIDAS RAPIFRITOS-MAYO 25,1,4,EMPANADA POLLO QUESO FRITA,UNIDAD,3,,,
EMPANADAS-RAPRITOS__SJME_DF_14MAYO.xlsx,SALIDAS RAPIFRITOS-MAYO 25,1,5,FLAUTA POLLO QUESO CHAMPIÑONES FRITA,UNIDAD,2,,,
EMPANADAS-RAPRITOS__SJME_DF_14MAYO.xlsx,SALIDAS RAPIFRITOS-MAYO 25,1,6,PAPA DE (POLLO CARNE Y MEDIO HUEVO),UNIDAD,1,,,
EMPANADAS-RAPRITOS__SJME_DF_14MAYO.xlsx,SALIDAS RAPIFRITOS-MAYO 25,1,7,AREPA DE HUEVO,UNIDAD,,,,
EMPANADAS-RAPRITOS__SJME_DF_14MAYO.xlsx,SALIDAS RAPIFRITOS-MAYO 25,1,Observaciones:                                                                                                                                                                                                  BE:6(588552),,,,,,
EMPANADAS-RAPRITOS__SJME_DF_14MAYO.xlsx,SALIDAS RAPIFRITOS-MAYO 25,1,Espacio para Nombre y firma DESPACHADOR,,Espacio para Nombre y firma RECEPTOR,,,,
EMPANADAS-RAPRITOS__SJME_DF_14MAYO.xlsx,SALIDAS RAPIFRITOS-MAYO 25,2,1,EMPANADA HAWAIANA FRITA,UNIDAD,3,,,
EMPANADAS-RAPRITOS__SJME_DF_14MAYO.xlsx,SALIDAS RAPIFRITOS-MAYO 25,2,2,EMPANADA DE YUCA (CARNE Y POLLO),UNIDAD,3,,,
EMPANADAS-RAPRITOS__SJME_DF_14MAYO.xlsx,SALIDAS RAPIFRITOS-MAYO 25,2,3,EMPANADA MIXTA DE TRIGO,UNIDAD,4,,,
EMPANADAS-RAPRITOS__SJME_DF_14MAYO.xlsx,SALIDAS RAPIFRITOS-MAYO 25,2,4,EMPANADA POLLO QUESO FRITA,UNIDAD,11,,,
EMPANADAS-RAPRITOS__SJME_DF_14MAYO.xlsx,SALIDAS RAPIFRITOS-MAYO 25,2,5,FLAUTA POLLO QUESO CHAMPIÑONES FRITA,UNIDAD,10,,,
EMPANADAS-RAPRITOS__SJME_DF_14MAYO.xlsx,SALIDAS RAPIFRITOS-MAYO 25,2,6,PAPA DE (POLLO CARNE Y MEDIO HUEVO),UNIDAD,3,,,
EMPANADAS-RAPRITOS__SJME_DF_14MAYO.xlsx,SALIDAS RAPIFRITOS-MAYO 25,2,7,AREPA DE HUEVO,UNIDAD,,,,
EMPANADAS-RAPRITOS__SJME_DF_14MAYO.xlsx,SALIDAS RAPIFRITOS-MAYO 25,2,Observaciones:                                                                                                                                                                                                  CT: 34(588551),,,,,,
EMPANADAS-RAPRITOS__SJME_DF_14MAYO.xlsx,SALIDAS RAPIFRITOS-MAYO 25,2,Espacio para Nombre y firma DESPACHADOR,,Espacio para Nombre y firma RECEPTOR,,,,
EMPANADAS-RAPRITOS__SJME_DF_14MAYO.xlsx,SALIDAS RAPIFRITOS-MAYO 26,0,1,EMPANADA HAWAIANA FRITA,UNIDAD,,,,
EMPANADAS-RAPRITOS__SJME_DF_14MAYO.xlsx,SALIDAS RAPIFRITOS-MAYO 26,0,2,EMPANADA DE YUCA (CARNE Y POLLO),UNIDAD,3,,,
EMPANADAS-RAPRITOS__SJME_DF_14MAYO.xlsx,SALIDAS RAPIFRITOS-MAYO 26,0,3,EMPANADA MIXTA DE TRIGO,UNIDAD,,,,
EMPANADAS-RAPRITOS__SJME_DF_14MAYO.xlsx,SALIDAS RAPIFRITOS-MAYO 26,0,4,EMPANADA POLLO QUESO FRITA,UNIDAD,,,,
EMPANADAS-RAPRITOS__SJME_DF_14MAYO.xlsx,SALIDAS RAPIFRITOS-MAYO 26,0,5,FLAUTA POLLO QUESO CHAMPIÑONES FRITA,UNIDAD,2,,,
EMPANADAS-RAPRITOS__SJME_DF_14MAYO.xlsx,SALIDAS RAPIFRITOS-MAYO 26,0,6,PAPA DE (POLLO CARNE Y MEDIO HUEVO),UNIDAD,4,,,
EMPANADAS-RAPRITOS__SJME_DF_14MAYO.xlsx,SALIDAS RAPIFRITOS-MAYO 26,0,7,AREPA DE HUEVO,UNIDAD,,,,
EMPANADAS-RAPRITOS__SJME_DF_14MAYO.xlsx,SALIDAS RAPIFRITOS-MAYO 26,0,Observaciones:                                                                                                                                                                                              A3:9(588710),,,,,,
EMPANADAS-RAPRITOS__SJME_DF_14MAYO.xlsx,SALIDAS RAPIFRITOS-MAYO 26,0,Espacio para Nombre y firma DESPACHADOR,,Espacio para Nombre y firma RECEPTOR,,,,
EMPANADAS-RAPRITOS__SJME_DF_14MAYO.xlsx,SALIDAS RAPIFRITOS-MAYO 26,1,1,EMPANADA HAWAIANA FRITA,UNIDAD,,,,
EMPANADAS-RAPRITOS__SJME_DF_14MAYO.xlsx,SALIDAS RAPIFRITOS-MAYO 26,1,2,EMPANADA DE YUCA (CARNE Y POLLO),UNIDAD,,,,
EMPANADAS-RAPRITOS__SJME_DF_14MAYO.xlsx,SALIDAS RAPIFRITOS-MAYO 26,1,3,EMPANADA MIXTA DE TRIGO,UNIDAD,,,,
EMPANADAS-RAPRITOS__SJME_DF_14MAYO.xlsx,SALIDAS RAPIFRITOS-MAYO 26,1,4,EMPANADA POLLO QUESO FRITA,UNIDAD,3,,,
EMPANADAS-RAPRITOS__SJME_DF_14MAYO.xlsx,SALIDAS RAPIFRITOS-MAYO 26,1,5,FLAUTA POLLO QUESO CHAMPIÑONES FRITA,UNIDAD,2,,,
EMPANADAS-RAPRITOS__SJME_DF_14MAYO.xlsx,SALIDAS RAPIFRITOS-MAYO 26,1,6,PAPA DE (POLLO CARNE Y MEDIO HUEVO),UNIDAD,1,,,
EMPANADAS-RAPRITOS__SJME_DF_14MAYO.xlsx,SALIDAS RAPIFRITOS-MAYO 26,1,7,AREPA DE HUEVO,UNIDAD,,,,
EMPANADAS-RAPRITOS__SJME_DF_14MAYO.xlsx,SALIDAS RAPIFRITOS-MAYO 26,1,Observaciones:                                                                                                                                                                                                  BE:6(588709),,,,,,
EMPANADAS-RAPRITOS__SJME_DF_14MAYO.xlsx,SALIDAS RAPIFRITOS-MAYO 26,1,Espacio para Nombre y firma DESPACHADOR,,Espacio para Nombre y firma RECEPTOR,,,,
EMPANADAS-RAPRITOS__SJME_DF_14MAYO.xlsx,SALIDAS RAPIFRITOS-MAYO 26,2,1,EMPANADA HAWAIANA FRITA,UNIDAD,3,,,
EMPANADAS-RAPRITOS__SJME_DF_14MAYO.xlsx,SALIDAS RAPIFRITOS-MAYO 26,2,2,EMPANADA DE YUCA (CARNE Y POLLO),UNIDAD,3,,,
EMPANADAS-RAPRITOS__SJME_DF_14MAYO.xlsx,SALIDAS RAPIFRITOS-MAYO 26,2,3,EMPANADA MIXTA DE TRIGO,UNIDAD,4,,,
EMPANADAS-RAPRITOS__SJME_DF_14MAYO.xlsx,SALIDAS RAPIFRITOS-MAYO 26,2,4,EMPANADA POLLO QUESO FRITA,UNIDAD,11,,,
EMPANADAS-RAPRITOS__SJME_DF_14MAYO.xlsx,SALIDAS RAPIFRITOS-MAYO 26,2,5,FLAUTA POLLO QUESO CHAMPIÑONES FRITA,UNIDAD,10,,,
EMPANADAS-RAPRITOS__SJME_DF_14MAYO.xlsx,SALIDAS RAPIFRITOS-MAYO 26,2,6,PAPA DE (POLLO CARNE Y MEDIO HUEVO),UNIDAD,3,,,
EMPANADAS-RAPRITOS__SJME_DF_14MAYO.xlsx,SALIDAS RAPIFRITOS-MAYO 26,2,7,AREPA DE HUEVO,UNIDAD,,,,
EMPANADAS-RAPRITOS__SJME_DF_14MAYO.xlsx,SALIDAS RAPIFRITOS-MAYO 26,2,Observaciones:                                                                                                                                                                                                  CT: 34(588708),,,,,,
EMPANADAS-RAPRITOS__SJME_DF_14MAYO.xlsx,SALIDAS RAPIFRITOS-MAYO 26,2,Espacio para Nombre y firma DESPACHADOR,,Espacio para Nombre y firma RECEPTOR,,,,
EMPANADAS-RAPRITOS__SJME_DF_14MAYO.xlsx,SALIDAS RAPIFRITOS-MAYO 27,0,1,EMPANADA HAWAIANA FRITA,UNIDAD,,,,
EMPANADAS-RAPRITOS__SJME_DF_14MAYO.xlsx,SALIDAS RAPIFRITOS-MAYO 27,0,2,EMPANADA DE YUCA (CARNE Y POLLO),UNIDAD,1,,,
EMPANADAS-RAPRITOS__SJME_DF_14MAYO.xlsx,SALIDAS RAPIFRITOS-MAYO 27,0,3,EMPANADA MIXTA DE TRIGO,UNIDAD,,,,
EMPANADAS-RAPRITOS__SJME_DF_14MAYO.xlsx,SALIDAS RAPIFRITOS-MAYO 27,0,4,EMPANADA POLLO QUESO FRITA,UNIDAD,,,,
EMPANADAS-RAPRITOS__SJME_DF_14MAYO.xlsx,SALIDAS RAPIFRITOS-MAYO 27,0,5,FLAUTA POLLO QUESO CHAMPIÑONES FRITA,UNIDAD,2,,,
EMPANADAS-RAPRITOS__SJME_DF_14MAYO.xlsx,SALIDAS RAPIFRITOS-MAYO 27,0,6,PAPA DE (POLLO CARNE Y MEDIO HUEVO),UNIDAD,3,,,
EMPANADAS-RAPRITOS__SJME_DF_14MAYO.xlsx,SALIDAS RAPIFRITOS-MAYO 27,0,7,AREPA DE HUEVO,UNIDAD,,,,
EMPANADAS-RAPRITOS__SJME_DF_14MAYO.xlsx,SALIDAS RAPIFRITOS-MAYO 27,0,Observaciones:                                                                                                                                                                                              A3:6(588849),,,,,,
EMPANADAS-RAPRITOS__SJME_DF_14MAYO.xlsx,SALIDAS RAPIFRITOS-MAYO 27,0,Espacio para Nombre y firma DESPACHADOR,,Espacio para Nombre y firma RECEPTOR,,,,
EMPANADAS-RAPRITOS__SJME_DF_14MAYO.xlsx,SALIDAS RAPIFRITOS-MAYO 27,1,1,EMPANADA HAWAIANA FRITA,UNIDAD,,,,
EMPANADAS-RAPRITOS__SJME_DF_14MAYO.xlsx,SALIDAS RAPIFRITOS-MAYO 27,1,2,EMPANADA DE YUCA (CARNE Y POLLO),UNIDAD,,,,
EMPANADAS-RAPRITOS__SJME_DF_14MAYO.xlsx,SALIDAS RAPIFRITOS-MAYO 27,1,3,EMPANADA MIXTA DE TRIGO,UNIDAD,,,,
EMPANADAS-RAPRITOS__SJME_DF_14MAYO.xlsx,SALIDAS RAPIFRITOS-MAYO 27,1,4,EMPANADA POLLO QUESO FRITA,UNIDAD,3,,,
EMPANADAS-RAPRITOS__SJME_DF_14MAYO.xlsx,SALIDAS RAPIFRITOS-MAYO 27,1,5,FLAUTA POLLO QUESO CHAMPIÑONES FRITA,UNIDAD,2,,,
EMPANADAS-RAPRITOS__SJME_DF_14MAYO.xlsx,SALIDAS RAPIFRITOS-MAYO 27,1,6,PAPA DE (POLLO CARNE Y MEDIO HUEVO),UNIDAD,1,,,
EMPANADAS-RAPRITOS__SJME_DF_14MAYO.xlsx,SALIDAS RAPIFRITOS-MAYO 27,1,7,AREPA DE HUEVO,UNIDAD,,,,
EMPANADAS-RAPRITOS__SJME_DF_14MAYO.xlsx,SALIDAS RAPIFRITOS-MAYO 27,1,Observaciones:                                                                                                                                                                                                  BE:6(5888848),,,,,,
EMPANADAS-RAPRITOS__SJME_DF_14MAYO.xlsx,SALIDAS RAPIFRITOS-MAYO 27,1,Espacio para Nombre y firma DESPACHADOR,,Espacio para Nombre y firma RECEPTOR,,,,
EMPANADAS-RAPRITOS__SJME_DF_14MAYO.xlsx,SALIDAS RAPIFRITOS-MAYO 27,2,1,EMPANADA HAWAIANA FRITA,UNIDAD,3,,,
EMPANADAS-RAPRITOS__SJME_DF_14MAYO.xlsx,SALIDAS RAPIFRITOS-MAYO 27,2,2,EMPANADA DE YUCA (CARNE Y POLLO),UNIDAD,3,,,
EMPANADAS-RAPRITOS__SJME_DF_14MAYO.xlsx,SALIDAS RAPIFRITOS-MAYO 27,2,3,EMPANADA MIXTA DE TRIGO,UNIDAD,4,,,
EMPANADAS-RAPRITOS__SJME_DF_14MAYO.xlsx,SALIDAS RAPIFRITOS-MAYO 27,2,4,EMPANADA POLLO QUESO FRITA,UNIDAD,8,,,
EMPANADAS-RAPRITOS__SJME_DF_14MAYO.xlsx,SALIDAS RAPIFRITOS-MAYO 27,2,5,FLAUTA POLLO QUESO CHAMPIÑONES FRITA,UNIDAD,8,,,
EMPANADAS-RAPRITOS__SJME_DF_14MAYO.xlsx,SALIDAS RAPIFRITOS-MAYO 27,2,6,PAPA DE (POLLO CARNE Y MEDIO HUEVO),UNIDAD,3,,,
EMPANADAS-RAPRITOS__SJME_DF_14MAYO.xlsx,SALIDAS RAPIFRITOS-MAYO 27,2,7,AREPA DE HUEVO,UNIDAD,,,,
EMPANADAS-RAPRITOS__SJME_DF_14MAYO.xlsx,SALIDAS RAPIFRITOS-MAYO 27,2,Observaciones:                                                                                                                                                                                                  CT: 29(588847),,,,,,
EMPANADAS-RAPRITOS__SJME_DF_14MAYO.xlsx,SALIDAS RAPIFRITOS-MAYO 27,2,Espacio para Nombre y firma DESPACHADOR,,Espacio para Nombre y firma RECEPTOR,,,,
EMPANADAS-RAPRITOS__SJME_DF_14MAYO.xlsx,SALIDAS RAPIFRITOS-MAYO 28,0,1,EMPANADA HAWAIANA FRITA,UNIDAD,,,,
EMPANADAS-RAPRITOS__SJME_DF_14MAYO.xlsx,SALIDAS RAPIFRITOS-MAYO 28,0,2,EMPANADA DE YUCA (CARNE Y POLLO),UNIDAD,1,,,
EMPANADAS-RAPRITOS__SJME_DF_14MAYO.xlsx,SALIDAS RAPIFRITOS-MAYO 28,0,3,EMPANADA MIXTA DE TRIGO,UNIDAD,,,,
EMPANADAS-RAPRITOS__SJME_DF_14MAYO.xlsx,SALIDAS RAPIFRITOS-MAYO 28,0,4,EMPANADA POLLO QUESO FRITA,UNIDAD,,,,
EMPANADAS-RAPRITOS__SJME_DF_14MAYO.xlsx,SALIDAS RAPIFRITOS-MAYO 28,0,5,FLAUTA POLLO QUESO CHAMPIÑONES FRITA,UNIDAD,2,,,
EMPANADAS-RAPRITOS__SJME_DF_14MAYO.xlsx,SALIDAS RAPIFRITOS-MAYO 28,0,6,PAPA DE (POLLO CARNE Y MEDIO HUEVO),UNIDAD,3,,,
EMPANADAS-RAPRITOS__SJME_DF_14MAYO.xlsx,SALIDAS RAPIFRITOS-MAYO 28,0,7,AREPA DE HUEVO,UNIDAD,,,,
EMPANADAS-RAPRITOS__SJME_DF_14MAYO.xlsx,SALIDAS RAPIFRITOS-MAYO 28,0,Observaciones:                                                                                                                                                                                              A3:6(588981),,,,,,
EMPANADAS-RAPRITOS__SJME_DF_14MAYO.xlsx,SALIDAS RAPIFRITOS-MAYO 28,0,Espacio para Nombre y firma DESPACHADOR,,Espacio para Nombre y firma RECEPTOR,,,,
EMPANADAS-RAPRITOS__SJME_DF_14MAYO.xlsx,SALIDAS RAPIFRITOS-MAYO 28,1,1,EMPANADA HAWAIANA FRITA,UNIDAD,,,,
EMPANADAS-RAPRITOS__SJME_DF_14MAYO.xlsx,SALIDAS RAPIFRITOS-MAYO 28,1,2,EMPANADA DE YUCA (CARNE Y POLLO),UNIDAD,,,,
EMPANADAS-RAPRITOS__SJME_DF_14MAYO.xlsx,SALIDAS RAPIFRITOS-MAYO 28,1,3,EMPANADA MIXTA DE TRIGO,UNIDAD,,,,
EMPANADAS-RAPRITOS__SJME_DF_14MAYO.xlsx,SALIDAS RAPIFRITOS-MAYO 28,1,4,EMPANADA POLLO QUESO FRITA,UNIDAD,3,,,
EMPANADAS-RAPRITOS__SJME_DF_14MAYO.xlsx,SALIDAS RAPIFRITOS-MAYO 28,1,5,FLAUTA POLLO QUESO CHAMPIÑONES FRITA,UNIDAD,2,,,
EMPANADAS-RAPRITOS__SJME_DF_14MAYO.xlsx,SALIDAS RAPIFRITOS-MAYO 28,1,6,PAPA DE (POLLO CARNE Y MEDIO HUEVO),UNIDAD,1,,,
EMPANADAS-RAPRITOS__SJME_DF_14MAYO.xlsx,SALIDAS RAPIFRITOS-MAYO 28,1,7,AREPA DE HUEVO,UNIDAD,,,,
EMPANADAS-RAPRITOS__SJME_DF_14MAYO.xlsx,SALIDAS RAPIFRITOS-MAYO 28,1,Observaciones:                                                                                                                                                                                                  BE:6(5888982),,,,,,
EMPANADAS-RAPRITOS__SJME_DF_14MAYO.xlsx,SALIDAS RAPIFRITOS-MAYO 28,1,Espacio para Nombre y firma DESPACHADOR,,Espacio para Nombre y firma RECEPTOR,,,,
EMPANADAS-RAPRITOS__SJME_DF_14MAYO.xlsx,SALIDAS RAPIFRITOS-MAYO 28,2,1,EMPANADA HAWAIANA FRITA,UNIDAD,3,,,
EMPANADAS-RAPRITOS__SJME_DF_14MAYO.xlsx,SALIDAS RAPIFRITOS-MAYO 28,2,2,EMPANADA DE YUCA (CARNE Y POLLO),UNIDAD,3,,,
EMPANADAS-RAPRITOS__SJME_DF_14MAYO.xlsx,SALIDAS RAPIFRITOS-MAYO 28,2,3,EMPANADA MIXTA DE TRIGO,UNIDAD,4,,,
EMPANADAS-RAPRITOS__SJME_DF_14MAYO.xlsx,SALIDAS RAPIFRITOS-MAYO 28,2,4,EMPANADA POLLO QUESO FRITA,UNIDAD,8,,,
EMPANADAS-RAPRITOS__SJME_DF_14MAYO.xlsx,SALIDAS RAPIFRITOS-MAYO 28,2,5,FLAUTA POLLO QUESO CHAMPIÑONES FRITA,UNIDAD,8,,,
EMPANADAS-RAPRITOS__SJME_DF_14MAYO.xlsx,SALIDAS RAPIFRITOS-MAYO 28,2,6,PAPA DE (POLLO CARNE Y MEDIO HUEVO),UNIDAD,3,,,
EMPANADAS-RAPRITOS__SJME_DF_14MAYO.xlsx,SALIDAS RAPIFRITOS-MAYO 28,2,7,AREPA DE HUEVO,UNIDAD,,,,
EMPANADAS-RAPRITOS__SJME_DF_14MAYO.xlsx,SALIDAS RAPIFRITOS-MAYO 28,2,Observaciones:                                                                                                                                                                                                  CT: 29(588979),,,,,,
EMPANADAS-RAPRITOS__SJME_DF_14MAYO.xlsx,SALIDAS RAPIFRITOS-MAYO 28,2,Espacio para Nombre y firma DESPACHADOR,,Espacio para Nombre y firma RECEPTOR,,,,
EMPANADAS-RAPRITOS__SJME_DF_14MAYO.xlsx,SALIDAS RAPIFRITOS-MAYO 29,0,1,EMPANADA HAWAIANA FRITA,UNIDAD,,,,
EMPANADAS-RAPRITOS__SJME_DF_14MAYO.xlsx,SALIDAS RAPIFRITOS-MAYO 29,0,2,EMPANADA DE YUCA (CARNE Y POLLO),UNIDAD,1,,,
EMPANADAS-RAPRITOS__SJME_DF_14MAYO.xlsx,SALIDAS RAPIFRITOS-MAYO 29,0,3,EMPANADA MIXTA DE TRIGO,UNIDAD,,,,
EMPANADAS-RAPRITOS__SJME_DF_14MAYO.xlsx,SALIDAS RAPIFRITOS-MAYO 29,0,4,EMPANADA POLLO QUESO FRITA,UNIDAD,,,,
EMPANADAS-RAPRITOS__SJME_DF_14MAYO.xlsx,SALIDAS RAPIFRITOS-MAYO 29,0,5,FLAUTA POLLO QUESO CHAMPIÑONES FRITA,UNIDAD,2,,,
EMPANADAS-RAPRITOS__SJME_DF_14MAYO.xlsx,SALIDAS RAPIFRITOS-MAYO 29,0,6,PAPA DE (POLLO CARNE Y MEDIO HUEVO),UNIDAD,3,,,
EMPANADAS-RAPRITOS__SJME_DF_14MAYO.xlsx,SALIDAS RAPIFRITOS-MAYO 29,0,7,AREPA DE HUEVO,UNIDAD,,,,
EMPANADAS-RAPRITOS__SJME_DF_14MAYO.xlsx,SALIDAS RAPIFRITOS-MAYO 29,0,Observaciones:                                                                                                                                                                                              A3:6(589129),,,,,,
EMPANADAS-RAPRITOS__SJME_DF_14MAYO.xlsx,SALIDAS RAPIFRITOS-MAYO 29,0,Espacio para Nombre y firma DESPACHADOR,,Espacio para Nombre y firma RECEPTOR,,,,
EMPANADAS-RAPRITOS__SJME_DF_14MAYO.xlsx,SALIDAS RAPIFRITOS-MAYO 29,1,1,EMPANADA HAWAIANA FRITA,UNIDAD,,,,
EMPANADAS-RAPRITOS__SJME_DF_14MAYO.xlsx,SALIDAS RAPIFRITOS-MAYO 29,1,2,EMPANADA DE YUCA (CARNE Y POLLO),UNIDAD,,,,
EMPANADAS-RAPRITOS__SJME_DF_14MAYO.xlsx,SALIDAS RAPIFRITOS-MAYO 29,1,3,EMPANADA MIXTA DE TRIGO,UNIDAD,,,,
EMPANADAS-RAPRITOS__SJME_DF_14MAYO.xlsx,SALIDAS RAPIFRITOS-MAYO 29,1,4,EMPANADA POLLO QUESO FRITA,UNIDAD,3,,,
EMPANADAS-RAPRITOS__SJME_DF_14MAYO.xlsx,SALIDAS RAPIFRITOS-MAYO 29,1,5,FLAUTA POLLO QUESO CHAMPIÑONES FRITA,UNIDAD,2,,,
EMPANADAS-RAPRITOS__SJME_DF_14MAYO.xlsx,SALIDAS RAPIFRITOS-MAYO 29,1,6,PAPA DE (POLLO CARNE Y MEDIO HUEVO),UNIDAD,1,,,
EMPANADAS-RAPRITOS__SJME_DF_14MAYO.xlsx,SALIDAS RAPIFRITOS-MAYO 29,1,7,AREPA DE HUEVO,UNIDAD,,,,
EMPANADAS-RAPRITOS__SJME_DF_14MAYO.xlsx,SALIDAS RAPIFRITOS-MAYO 29,1,Observaciones:                                                                                                                                                                                                  BE:6(589128),,,,,,
EMPANADAS-RAPRITOS__SJME_DF_14MAYO.xlsx,SALIDAS RAPIFRITOS-MAYO 29,1,Espacio para Nombre y firma DESPACHADOR,,Espacio para Nombre y firma RECEPTOR,,,,
EMPANADAS-RAPRITOS__SJME_DF_14MAYO.xlsx,SALIDAS RAPIFRITOS-MAYO 29,2,1,EMPANADA HAWAIANA FRITA,UNIDAD,3,,,
EMPANADAS-RAPRITOS__SJME_DF_14MAYO.xlsx,SALIDAS RAPIFRITOS-MAYO 29,2,2,EMPANADA DE YUCA (CARNE Y POLLO),UNIDAD,3,,,
EMPANADAS-RAPRITOS__SJME_DF_14MAYO.xlsx,SALIDAS RAPIFRITOS-MAYO 29,2,3,EMPANADA MIXTA DE TRIGO,UNIDAD,4,,,
EMPANADAS-RAPRITOS__SJME_DF_14MAYO.xlsx,SALIDAS RAPIFRITOS-MAYO 29,2,4,EMPANADA POLLO QUESO FRITA,UNIDAD,8,,,
EMPANADAS-RAPRITOS__SJME_DF_14MAYO.xlsx,SALIDAS RAPIFRITOS-MAYO 29,2,5,FLAUTA POLLO QUESO CHAMPIÑONES FRITA,UNIDAD,8,,,
EMPANADAS-RAPRITOS__SJME_DF_14MAYO.xlsx,SALIDAS RAPIFRITOS-MAYO 29,2,6,PAPA DE (POLLO CARNE Y MEDIO HUEVO),UNIDAD,3,,,
EMPANADAS-RAPRITOS__SJME_DF_14MAYO.xlsx,SALIDAS RAPIFRITOS-MAYO 29,2,7,AREPA DE HUEVO,UNIDAD,,,,
EMPANADAS-RAPRITOS__SJME_DF_14MAYO.xlsx,SALIDAS RAPIFRITOS-MAYO 29,2,Observaciones:                                                                                                                                                                                                  CT: 29(589127),,,,,,
EMPANADAS-RAPRITOS__SJME_DF_14MAYO.xlsx,SALIDAS RAPIFRITOS-MAYO 29,2,Espacio para Nombre y firma DESPACHADOR,,Espacio para Nombre y firma RECEPTOR,,,,
EMPANADAS-RAPRITOS__SJME_DF_14MAYO.xlsx,SALIDAS RAPIFRITOS- JUNIO 1,0,1,EMPANADA HAWAIANA FRITA,UNIDAD,,,,
EMPANADAS-RAPRITOS__SJME_DF_14MAYO.xlsx,SALIDAS RAPIFRITOS- JUNIO 1,0,2,EMPANADA DE YUCA (CARNE Y POLLO),UNIDAD,1,,,
EMPANADAS-RAPRITOS__SJME_DF_14MAYO.xlsx,SALIDAS RAPIFRITOS- JUNIO 1,0,3,EMPANADA MIXTA DE TRIGO,UNIDAD,,,,
EMPANADAS-RAPRITOS__SJME_DF_14MAYO.xlsx,SALIDAS RAPIFRITOS- JUNIO 1,0,4,EMPANADA POLLO QUESO FRITA,UNIDAD,,,,
EMPANADAS-RAPRITOS__SJME_DF_14MAYO.xlsx,SALIDAS RAPIFRITOS- JUNIO 1,0,5,FLAUTA POLLO QUESO CHAMPIÑONES FRITA,UNIDAD,2,,,
EMPANADAS-RAPRITOS__SJME_DF_14MAYO.xlsx,SALIDAS RAPIFRITOS- JUNIO 1,0,6,PAPA DE (POLLO CARNE Y MEDIO HUEVO),UNIDAD,3,,,
EMPANADAS-RAPRITOS__SJME_DF_14MAYO.xlsx,SALIDAS RAPIFRITOS- JUNIO 1,0,7,AREPA DE HUEVO,UNIDAD,,,,
EMPANADAS-RAPRITOS__SJME_DF_14MAYO.xlsx,SALIDAS RAPIFRITOS- JUNIO 1,0,Observaciones:                                                                                                                                                                                              A3:6(005482),,,,,,
EMPANADAS-RAPRITOS__SJME_DF_14MAYO.xlsx,SALIDAS RAPIFRITOS- JUNIO 1,0,Espacio para Nombre y firma DESPACHADOR,,Espacio para Nombre y firma RECEPTOR,,,,
EMPANADAS-RAPRITOS__SJME_DF_14MAYO.xlsx,SALIDAS RAPIFRITOS- JUNIO 1,1,1,EMPANADA HAWAIANA FRITA,UNIDAD,,,,
EMPANADAS-RAPRITOS__SJME_DF_14MAYO.xlsx,SALIDAS RAPIFRITOS- JUNIO 1,1,2,EMPANADA DE YUCA (CARNE Y POLLO),UNIDAD,,,,
EMPANADAS-RAPRITOS__SJME_DF_14MAYO.xlsx,SALIDAS RAPIFRITOS- JUNIO 1,1,3,EMPANADA MIXTA DE TRIGO,UNIDAD,,,,
EMPANADAS-RAPRITOS__SJME_DF_14MAYO.xlsx,SALIDAS RAPIFRITOS- JUNIO 1,1,4,EMPANADA POLLO QUESO FRITA,UNIDAD,,,,
EMPANADAS-RAPRITOS__SJME_DF_14MAYO.xlsx,SALIDAS RAPIFRITOS- JUNIO 1,1,5,FLAUTA POLLO QUESO CHAMPIÑONES FRITA,UNIDAD,,,,
EMPANADAS-RAPRITOS__SJME_DF_14MAYO.xlsx,SALIDAS RAPIFRITOS- JUNIO 1,1,6,PAPA DE (POLLO CARNE Y MEDIO HUEVO),UNIDAD,,,,
EMPANADAS-RAPRITOS__SJME_DF_14MAYO.xlsx,SALIDAS RAPIFRITOS- JUNIO 1,1,7,AREPA DE HUEVO,UNIDAD,,,,
EMPANADAS-RAPRITOS__SJME_DF_14MAYO.xlsx,SALIDAS RAPIFRITOS- JUNIO 1,1,Observaciones:                                                                                                                                                                                                  BE:6(589128),,,,,,
EMPANADAS-RAPRITOS__SJME_DF_14MAYO.xlsx,SALIDAS RAPIFRITOS- JUNIO 1,1,Espacio para Nombre y firma DESPACHADOR,,Espacio para Nombre y firma RECEPTOR,,,,
EMPANADAS-RAPRITOS__SJME_DF_14MAYO.xlsx,SALIDAS RAPIFRITOS- JUNIO 1,2,1,EMPANADA HAWAIANA FRITA,UNIDAD,3,,,
EMPANADAS-RAPRITOS__SJME_DF_14MAYO.xlsx,SALIDAS RAPIFRITOS- JUNIO 1,2,2,EMPANADA DE YUCA (CARNE Y POLLO),UNIDAD,3,,,
EMPANADAS-RAPRITOS__SJME_DF_14MAYO.xlsx,SALIDAS RAPIFRITOS- JUNIO 1,2,3,EMPANADA MIXTA DE TRIGO,UNIDAD,4,,,
EMPANADAS-RAPRITOS__SJME_DF_14MAYO.xlsx,SALIDAS RAPIFRITOS- JUNIO 1,2,4,EMPANADA POLLO QUESO FRITA,UNIDAD,8,,,
EMPANADAS-RAPRITOS__SJME_DF_14MAYO.xlsx,SALIDAS RAPIFRITOS- JUNIO 1,2,5,FLAUTA POLLO QUESO CHAMPIÑONES FRITA,UNIDAD,8,,,
EMPANADAS-RAPRITOS__SJME_DF_14MAYO.xlsx,SALIDAS RAPIFRITOS- JUNIO 1,2,6,PAPA DE (POLLO CARNE Y MEDIO HUEVO),UNIDAD,3,,,
EMPANADAS-RAPRITOS__SJME_DF_14MAYO.xlsx,SALIDAS RAPIFRITOS- JUNIO 1,2,7,AREPA DE HUEVO,UNIDAD,,,,
EMPANADAS-RAPRITOS__SJME_DF_14MAYO.xlsx,SALIDAS RAPIFRITOS- JUNIO 1,2,Observaciones:                                                                                                                                                                                                  CT: 29(005481),,,,,,
EMPANADAS-RAPRITOS__SJME_DF_14MAYO.xlsx,SALIDAS RAPIFRITOS- JUNIO 1,2,Espacio para Nombre y firma DESPACHADOR,,Espacio para Nombre y firma RECEPTOR,,,,
EMPANADAS-RAPRITOS__SJME_DF_AGOSTO.xlsx,AGOSTO 6,0,1,EMPANADA HAWAIANA FRITA,UNIDAD,1,,,
EMPANADAS-RAPRITOS__SJME_DF_AGOSTO.xlsx,AGOSTO 6,0,2,EMPANADA DE YUCA (CARNE Y POLLO),UNIDAD,2,,,
EMPANADAS-RAPRITOS__SJME_DF_AGOSTO.xlsx,AGOSTO 6,0,3,EMPANADA MIXTA DE TRIGO,UNIDAD,,,,
EMPANADAS-RAPRITOS__SJME_DF_AGOSTO.xlsx,AGOSTO 6,0,4,EMPANADA POLLO QUESO FRITA,UNIDAD,,,,
EMPANADAS-RAPRITOS__SJME_DF_AGOSTO.xlsx,AGOSTO 6,0,5,FLAUTA POLLO QUESO CHAMPIÑONES FRITA,UNIDAD,2,,,
EMPANADAS-RAPRITOS__SJME_DF_AGOSTO.xlsx,AGOSTO 6,0,6,PAPA DE (POLLO CARNE Y MEDIO HUEVO),UNIDAD,2,,,
EMPANADAS-RAPRITOS__SJME_DF_AGOSTO.xlsx,AGOSTO 6,0,7,AREPA DE HUEVO,UNIDAD,,,,
EMPANADAS-RAPRITOS__SJME_DF_AGOSTO.xlsx,AGOSTO 6,0,Observaciones:                                                                                                                                                                                                                                      A3: 7(Remision 597210),,,,,,
EMPANADAS-RAPRITOS__SJME_DF_AGOSTO.xlsx,AGOSTO 6,0,Espacio para Nombre y firma DESPACHADOR,,Espacio para Nombre y firma RECEPTOR,,,,
EMPANADAS-RAPRITOS__SJME_DF_AGOSTO.xlsx,AGOSTO 6,1,1,EMPANADA HAWAIANA FRITA,UNIDAD,,,,
EMPANADAS-RAPRITOS__SJME_DF_AGOSTO.xlsx,AGOSTO 6,1,2,EMPANADA DE YUCA (CARNE Y POLLO),UNIDAD,1,,,
EMPANADAS-RAPRITOS__SJME_DF_AGOSTO.xlsx,AGOSTO 6,1,3,EMPANADA MIXTA DE TRIGO,UNIDAD,,,,
EMPANADAS-RAPRITOS__SJME_DF_AGOSTO.xlsx,AGOSTO 6,1,4,EMPANADA POLLO QUESO FRITA,UNIDAD,3,,,
EMPANADAS-RAPRITOS__SJME_DF_AGOSTO.xlsx,AGOSTO 6,1,5,FLAUTA POLLO QUESO CHAMPIÑONES FRITA,UNIDAD,1,,,
EMPANADAS-RAPRITOS__SJME_DF_AGOSTO.xlsx,AGOSTO 6,1,6,PAPA DE (POLLO CARNE Y MEDIO HUEVO),UNIDAD,2,,,
EMPANADAS-RAPRITOS__SJME_DF_AGOSTO.xlsx,AGOSTO 6,1,7,AREPA DE HUEVO,UNIDAD,,,,
EMPANADAS-RAPRITOS__SJME_DF_AGOSTO.xlsx,AGOSTO 6,1,Observaciones:                                                                                                                                                                                                      BE:7 (Remision 597212),,,,,,
EMPANADAS-RAPRITOS__SJME_DF_AGOSTO.xlsx,AGOSTO 6,1,Espacio para Nombre y firma DESPACHADOR,,Espacio para Nombre y firma RECEPTOR,,,,
EMPANADAS-RAPRITOS__SJME_DF_AGOSTO.xlsx,AGOSTO 6,2,1,EMPANADA HAWAIANA FRITA,UNIDAD,3,,,
EMPANADAS-RAPRITOS__SJME_DF_AGOSTO.xlsx,AGOSTO 6,2,2,EMPANADA DE YUCA (CARNE Y POLLO),UNIDAD,2,,,
EMPANADAS-RAPRITOS__SJME_DF_AGOSTO.xlsx,AGOSTO 6,2,3,EMPANADA MIXTA DE TRIGO,UNIDAD,3,,,
EMPANADAS-RAPRITOS__SJME_DF_AGOSTO.xlsx,AGOSTO 6,2,4,EMPANADA POLLO QUESO FRITA,UNIDAD,8,,,
EMPANADAS-RAPRITOS__SJME_DF_AGOSTO.xlsx,AGOSTO 6,2,5,FLAUTA POLLO QUESO CHAMPIÑONES FRITA,UNIDAD,8,,,
EMPANADAS-RAPRITOS__SJME_DF_AGOSTO.xlsx,AGOSTO 6,2,6,PAPA DE (POLLO CARNE Y MEDIO HUEVO),UNIDAD,3,,,
EMPANADAS-RAPRITOS__SJME_DF_AGOSTO.xlsx,AGOSTO 6,2,7,AREPA DE HUEVO,UNIDAD,,,,
EMPANADAS-RAPRITOS__SJME_DF_AGOSTO.xlsx,AGOSTO 6,2,Observaciones:                                                                                                                                                                                                        CT: 25 (Remision 597211),,,,,,
EMPANADAS-RAPRITOS__SJME_DF_AGOSTO.xlsx,AGOSTO 6,2,Espacio para Nombre y firma DESPACHADOR,,Espacio para Nombre y firma RECEPTOR,,,,
EMPANADAS-RAPRITOS__SJME_DF_AGOSTO.xlsx,AGOSTO 10,0,1,EMPANADA HAWAIANA FRITA,UNIDAD,1,,,
EMPANADAS-RAPRITOS__SJME_DF_AGOSTO.xlsx,AGOSTO 10,0,2,EMPANADA DE YUCA (CARNE Y POLLO),UNIDAD,2,,,
EMPANADAS-RAPRITOS__SJME_DF_AGOSTO.xlsx,AGOSTO 10,0,3,EMPANADA MIXTA DE TRIGO,UNIDAD,,,,
EMPANADAS-RAPRITOS__SJME_DF_AGOSTO.xlsx,AGOSTO 10,0,4,EMPANADA POLLO QUESO FRITA,UNIDAD,,,,
EMPANADAS-RAPRITOS__SJME_DF_AGOSTO.xlsx,AGOSTO 10,0,5,FLAUTA POLLO QUESO CHAMPIÑONES FRITA,UNIDAD,2,,,
EMPANADAS-RAPRITOS__SJME_DF_AGOSTO.xlsx,AGOSTO 10,0,6,PAPA DE (POLLO CARNE Y MEDIO HUEVO),UNIDAD,2,,,
EMPANADAS-RAPRITOS__SJME_DF_AGOSTO.xlsx,AGOSTO 10,0,7,AREPA DE HUEVO,UNIDAD,,,,
EMPANADAS-RAPRITOS__SJME_DF_AGOSTO.xlsx,AGOSTO 10,0,Observaciones:                                                                                                                                                                                                                                    A3: 7(Remision 597600),,,,,,
EMPANADAS-RAPRITOS__SJME_DF_AGOSTO.xlsx,AGOSTO 10,0,Espacio para Nombre y firma DESPACHADOR,,Espacio para Nombre y firma RECEPTOR,,,,
EMPANADAS-RAPRITOS__SJME_DF_AGOSTO.xlsx,AGOSTO 10,1,1,EMPANADA HAWAIANA FRITA,UNIDAD,,,,
EMPANADAS-RAPRITOS__SJME_DF_AGOSTO.xlsx,AGOSTO 10,1,2,EMPANADA DE YUCA (CARNE Y POLLO),UNIDAD,1,,,
EMPANADAS-RAPRITOS__SJME_DF_AGOSTO.xlsx,AGOSTO 10,1,3,EMPANADA MIXTA DE TRIGO,UNIDAD,,,,
EMPANADAS-RAPRITOS__SJME_DF_AGOSTO.xlsx,AGOSTO 10,1,4,EMPANADA POLLO QUESO FRITA,UNIDAD,3,,,
EMPANADAS-RAPRITOS__SJME_DF_AGOSTO.xlsx,AGOSTO 10,1,5,FLAUTA POLLO QUESO CHAMPIÑONES FRITA,UNIDAD,1,,,
EMPANADAS-RAPRITOS__SJME_DF_AGOSTO.xlsx,AGOSTO 10,1,6,PAPA DE (POLLO CARNE Y MEDIO HUEVO),UNIDAD,2,,,
EMPANADAS-RAPRITOS__SJME_DF_AGOSTO.xlsx,AGOSTO 10,1,7,AREPA DE HUEVO,UNIDAD,,,,
EMPANADAS-RAPRITOS__SJME_DF_AGOSTO.xlsx,AGOSTO 10,1,Observaciones:                                                                                                                                                                                                        BE:7 (Remision 597601),,,,,,
EMPANADAS-RAPRITOS__SJME_DF_AGOSTO.xlsx,AGOSTO 10,1,Espacio para Nombre y firma DESPACHADOR,,Espacio para Nombre y firma RECEPTOR,,,,
EMPANADAS-RAPRITOS__SJME_DF_AGOSTO.xlsx,AGOSTO 10,2,1,EMPANADA HAWAIANA FRITA,UNIDAD,3,,,
EMPANADAS-RAPRITOS__SJME_DF_AGOSTO.xlsx,AGOSTO 10,2,2,EMPANADA DE YUCA (CARNE Y POLLO),UNIDAD,2,,,
EMPANADAS-RAPRITOS__SJME_DF_AGOSTO.xlsx,AGOSTO 10,2,3,EMPANADA MIXTA DE TRIGO,UNIDAD,3,,,
EMPANADAS-RAPRITOS__SJME_DF_AGOSTO.xlsx,AGOSTO 10,2,4,EMPANADA POLLO QUESO FRITA,UNIDAD,8,,,
EMPANADAS-RAPRITOS__SJME_DF_AGOSTO.xlsx,AGOSTO 10,2,5,FLAUTA POLLO QUESO CHAMPIÑONES FRITA,UNIDAD,8,,,
EMPANADAS-RAPRITOS__SJME_DF_AGOSTO.xlsx,AGOSTO 10,2,6,PAPA DE (POLLO CARNE Y MEDIO HUEVO),UNIDAD,3,,,
EMPANADAS-RAPRITOS__SJME_DF_AGOSTO.xlsx,AGOSTO 10,2,7,AREPA DE HUEVO,UNIDAD,,,,
EMPANADAS-RAPRITOS__SJME_DF_AGOSTO.xlsx,AGOSTO 10,2,Observaciones:                                                                                                                                                                                                        CT: 27(Remision 597602),,,,,,
EMPANADAS-RAPRITOS__SJME_DF_AGOSTO.xlsx,AGOSTO 10,2,Espacio para Nombre y firma DESPACHADOR,,Espacio para Nombre y firma RECEPTOR,,,,
EMPANADAS-RAPRITOS__SJME_DF_AGOSTO.xlsx,AGOSTO 11,0,1,EMPANADA HAWAIANA FRITA,UNIDAD,1,,,
EMPANADAS-RAPRITOS__SJME_DF_AGOSTO.xlsx,AGOSTO 11,0,2,EMPANADA DE YUCA (CARNE Y POLLO),UNIDAD,2,,,
EMPANADAS-RAPRITOS__SJME_DF_AGOSTO.xlsx,AGOSTO 11,0,3,EMPANADA MIXTA DE TRIGO,UNIDAD,,,,
EMPANADAS-RAPRITOS__SJME_DF_AGOSTO.xlsx,AGOSTO 11,0,4,EMPANADA POLLO QUESO FRITA,UNIDAD,,,,
EMPANADAS-RAPRITOS__SJME_DF_AGOSTO.xlsx,AGOSTO 11,0,5,FLAUTA POLLO QUESO CHAMPIÑONES FRITA,UNIDAD,2,,,
EMPANADAS-RAPRITOS__SJME_DF_AGOSTO.xlsx,AGOSTO 11,0,6,PAPA DE (POLLO CARNE Y MEDIO HUEVO),UNIDAD,2,,,
EMPANADAS-RAPRITOS__SJME_DF_AGOSTO.xlsx,AGOSTO 11,0,7,AREPA DE HUEVO,UNIDAD,,,,
EMPANADAS-RAPRITOS__SJME_DF_AGOSTO.xlsx,AGOSTO 11,0,Observaciones:                                                                                                                                                                                                                                  A3: 7(Remision 597731),,,,,,
EMPANADAS-RAPRITOS__SJME_DF_AGOSTO.xlsx,AGOSTO 11,0,Espacio para Nombre y firma DESPACHADOR,,Espacio para Nombre y firma RECEPTOR,,,,
EMPANADAS-RAPRITOS__SJME_DF_AGOSTO.xlsx,AGOSTO 11,1,1,EMPANADA HAWAIANA FRITA,UNIDAD,,,,
EMPANADAS-RAPRITOS__SJME_DF_AGOSTO.xlsx,AGOSTO 11,1,2,EMPANADA DE YUCA (CARNE Y POLLO),UNIDAD,1,,,
EMPANADAS-RAPRITOS__SJME_DF_AGOSTO.xlsx,AGOSTO 11,1,3,EMPANADA MIXTA DE TRIGO,UNIDAD,,,,
EMPANADAS-RAPRITOS__SJME_DF_AGOSTO.xlsx,AGOSTO 11,1,4,EMPANADA POLLO QUESO FRITA,UNIDAD,3,,,
EMPANADAS-RAPRITOS__SJME_DF_AGOSTO.xlsx,AGOSTO 11,1,5,FLAUTA POLLO QUESO CHAMPIÑONES FRITA,UNIDAD,1,,,
EMPANADAS-RAPRITOS__SJME_DF_AGOSTO.xlsx,AGOSTO 11,1,6,PAPA DE (POLLO CARNE Y MEDIO HUEVO),UNIDAD,2,,,
EMPANADAS-RAPRITOS__SJME_DF_AGOSTO.xlsx,AGOSTO 11,1,7,AREPA DE HUEVO,UNIDAD,,,,
EMPANADAS-RAPRITOS__SJME_DF_AGOSTO.xlsx,AGOSTO 11,1,Observaciones:                                                                                                                                                                                                        BE:7 (Remision 597733),,,,,,
EMPANADAS-RAPRITOS__SJME_DF_AGOSTO.xlsx,AGOSTO 11,1,Espacio para Nombre y firma DESPACHADOR,,Espacio para Nombre y firma RECEPTOR,,,,
EMPANADAS-RAPRITOS__SJME_DF_AGOSTO.xlsx,AGOSTO 11,2,1,EMPANADA HAWAIANA FRITA,UNIDAD,3,,,
EMPANADAS-RAPRITOS__SJME_DF_AGOSTO.xlsx,AGOSTO 11,2,2,EMPANADA DE YUCA (CARNE Y POLLO),UNIDAD,2,,,
EMPANADAS-RAPRITOS__SJME_DF_AGOSTO.xlsx,AGOSTO 11,2,3,EMPANADA MIXTA DE TRIGO,UNIDAD,3,,,
EMPANADAS-RAPRITOS__SJME_DF_AGOSTO.xlsx,AGOSTO 11,2,4,EMPANADA POLLO QUESO FRITA,UNIDAD,8,,,
EMPANADAS-RAPRITOS__SJME_DF_AGOSTO.xlsx,AGOSTO 11,2,5,FLAUTA POLLO QUESO CHAMPIÑONES FRITA,UNIDAD,8,,,
EMPANADAS-RAPRITOS__SJME_DF_AGOSTO.xlsx,AGOSTO 11,2,6,PAPA DE (POLLO CARNE Y MEDIO HUEVO),UNIDAD,3,,,
EMPANADAS-RAPRITOS__SJME_DF_AGOSTO.xlsx,AGOSTO 11,2,7,AREPA DE HUEVO,UNIDAD,,,,
EMPANADAS-RAPRITOS__SJME_DF_AGOSTO.xlsx,AGOSTO 11,2,Observaciones:                                                                                                                                                                                                        CT: 27(Remision 597732),,,,,,
EMPANADAS-RAPRITOS__SJME_DF_AGOSTO.xlsx,AGOSTO 11,2,Espacio para Nombre y firma DESPACHADOR,,Espacio para Nombre y firma RECEPTOR,,,,
EMPANADAS-RAPRITOS__SJME_DF_AGOSTO.xlsx,AGOSTO 12,0,1,EMPANADA HAWAIANA FRITA,UNIDAD,1,,,
EMPANADAS-RAPRITOS__SJME_DF_AGOSTO.xlsx,AGOSTO 12,0,2,EMPANADA DE YUCA (CARNE Y POLLO),UNIDAD,2,,,
EMPANADAS-RAPRITOS__SJME_DF_AGOSTO.xlsx,AGOSTO 12,0,3,EMPANADA MIXTA DE TRIGO,UNIDAD,,,,
EMPANADAS-RAPRITOS__SJME_DF_AGOSTO.xlsx,AGOSTO 12,0,4,EMPANADA POLLO QUESO FRITA,UNIDAD,,,,
EMPANADAS-RAPRITOS__SJME_DF_AGOSTO.xlsx,AGOSTO 12,0,5,FLAUTA POLLO QUESO CHAMPIÑONES FRITA,UNIDAD,2,,,
EMPANADAS-RAPRITOS__SJME_DF_AGOSTO.xlsx,AGOSTO 12,0,6,PAPA DE (POLLO CARNE Y MEDIO HUEVO),UNIDAD,2,,,
EMPANADAS-RAPRITOS__SJME_DF_AGOSTO.xlsx,AGOSTO 12,0,7,AREPA DE HUEVO,UNIDAD,,,,
EMPANADAS-RAPRITOS__SJME_DF_AGOSTO.xlsx,AGOSTO 12,0,Observaciones:                                                                                                                                                                                                                                     A3: 7(Remision 597871),,,,,,
EMPANADAS-RAPRITOS__SJME_DF_AGOSTO.xlsx,AGOSTO 12,0,Espacio para Nombre y firma DESPACHADOR,,Espacio para Nombre y firma RECEPTOR,,,,
EMPANADAS-RAPRITOS__SJME_DF_AGOSTO.xlsx,AGOSTO 12,1,1,EMPANADA HAWAIANA FRITA,UNIDAD,,,,
EMPANADAS-RAPRITOS__SJME_DF_AGOSTO.xlsx,AGOSTO 12,1,2,EMPANADA DE YUCA (CARNE Y POLLO),UNIDAD,1,,,
EMPANADAS-RAPRITOS__SJME_DF_AGOSTO.xlsx,AGOSTO 12,1,3,EMPANADA MIXTA DE TRIGO,UNIDAD,,,,
EMPANADAS-RAPRITOS__SJME_DF_AGOSTO.xlsx,AGOSTO 12,1,4,EMPANADA POLLO QUESO FRITA,UNIDAD,3,,,
EMPANADAS-RAPRITOS__SJME_DF_AGOSTO.xlsx,AGOSTO 12,1,5,FLAUTA POLLO QUESO CHAMPIÑONES FRITA,UNIDAD,1,,,
EMPANADAS-RAPRITOS__SJME_DF_AGOSTO.xlsx,AGOSTO 12,1,6,PAPA DE (POLLO CARNE Y MEDIO HUEVO),UNIDAD,2,,,
EMPANADAS-RAPRITOS__SJME_DF_AGOSTO.xlsx,AGOSTO 12,1,7,AREPA DE HUEVO,UNIDAD,,,,
EMPANADAS-RAPRITOS__SJME_DF_AGOSTO.xlsx,AGOSTO 12,1,Observaciones:                                                                                                                                                                                                        BE:7 (Remision 597873),,,,,,
EMPANADAS-RAPRITOS__SJME_DF_AGOSTO.xlsx,AGOSTO 12,1,Espacio para Nombre y firma DESPACHADOR,,Espacio para Nombre y firma RECEPTOR,,,,
EMPANADAS-RAPRITOS__SJME_DF_AGOSTO.xlsx,AGOSTO 12,2,1,EMPANADA HAWAIANA FRITA,UNIDAD,3,,,
EMPANADAS-RAPRITOS__SJME_DF_AGOSTO.xlsx,AGOSTO 12,2,2,EMPANADA DE YUCA (CARNE Y POLLO),UNIDAD,2,,,
EMPANADAS-RAPRITOS__SJME_DF_AGOSTO.xlsx,AGOSTO 12,2,3,EMPANADA MIXTA DE TRIGO,UNIDAD,3,,,
EMPANADAS-RAPRITOS__SJME_DF_AGOSTO.xlsx,AGOSTO 12,2,4,EMPANADA POLLO QUESO FRITA,UNIDAD,8,,,
EMPANADAS-RAPRITOS__SJME_DF_AGOSTO.xlsx,AGOSTO 12,2,5,FLAUTA POLLO QUESO CHAMPIÑONES FRITA,UNIDAD,8,,,
EMPANADAS-RAPRITOS__SJME_DF_AGOSTO.xlsx,AGOSTO 12,2,6,PAPA DE (POLLO CARNE Y MEDIO HUEVO),UNIDAD,3,,,
EMPANADAS-RAPRITOS__SJME_DF_AGOSTO.xlsx,AGOSTO 12,2,7,AREPA DE HUEVO,UNIDAD,,,,
EMPANADAS-RAPRITOS__SJME_DF_AGOSTO.xlsx,AGOSTO 12,2,Observaciones:                                                                                                                                                                                                        CT: 27(Remision 597872),,,,,,
EMPANADAS-RAPRITOS__SJME_DF_AGOSTO.xlsx,AGOSTO 12,2,Espacio para Nombre y firma DESPACHADOR,,Espacio para Nombre y firma RECEPTOR,,,,
EMPANADAS-RAPRITOS__SJME_DF_AGOSTO.xlsx,AGOSTO 13,0,1,EMPANADA HAWAIANA FRITA,UNIDAD,1,,,
EMPANADAS-RAPRITOS__SJME_DF_AGOSTO.xlsx,AGOSTO 13,0,2,EMPANADA DE YUCA (CARNE Y POLLO),UNIDAD,2,,,
EMPANADAS-RAPRITOS__SJME_DF_AGOSTO.xlsx,AGOSTO 13,0,3,EMPANADA MIXTA DE TRIGO,UNIDAD,,,,
EMPANADAS-RAPRITOS__SJME_DF_AGOSTO.xlsx,AGOSTO 13,0,4,EMPANADA POLLO QUESO FRITA,UNIDAD,,,,
EMPANADAS-RAPRITOS__SJME_DF_AGOSTO.xlsx,AGOSTO 13,0,5,FLAUTA POLLO QUESO CHAMPIÑONES FRITA,UNIDAD,2,,,
EMPANADAS-RAPRITOS__SJME_DF_AGOSTO.xlsx,AGOSTO 13,0,6,PAPA DE (POLLO CARNE Y MEDIO HUEVO),UNIDAD,2,,,
EMPANADAS-RAPRITOS__SJME_DF_AGOSTO.xlsx,AGOSTO 13,0,7,AREPA DE HUEVO,UNIDAD,,,,
EMPANADAS-RAPRITOS__SJME_DF_AGOSTO.xlsx,AGOSTO 13,0,Observaciones:                                                                                                                                                                                                                                     A3: 7(Remision 598011),,,,,,
EMPANADAS-RAPRITOS__SJME_DF_AGOSTO.xlsx,AGOSTO 13,0,Espacio para Nombre y firma DESPACHADOR,,Espacio para Nombre y firma RECEPTOR,,,,
EMPANADAS-RAPRITOS__SJME_DF_AGOSTO.xlsx,AGOSTO 13,1,1,EMPANADA HAWAIANA FRITA,UNIDAD,,,,
EMPANADAS-RAPRITOS__SJME_DF_AGOSTO.xlsx,AGOSTO 13,1,2,EMPANADA DE YUCA (CARNE Y POLLO),UNIDAD,1,,,
EMPANADAS-RAPRITOS__SJME_DF_AGOSTO.xlsx,AGOSTO 13,1,3,EMPANADA MIXTA DE TRIGO,UNIDAD,,,,
EMPANADAS-RAPRITOS__SJME_DF_AGOSTO.xlsx,AGOSTO 13,1,4,EMPANADA POLLO QUESO FRITA,UNIDAD,3,,,
EMPANADAS-RAPRITOS__SJME_DF_AGOSTO.xlsx,AGOSTO 13,1,5,FLAUTA POLLO QUESO CHAMPIÑONES FRITA,UNIDAD,1,,,
EMPANADAS-RAPRITOS__SJME_DF_AGOSTO.xlsx,AGOSTO 13,1,6,PAPA DE (POLLO CARNE Y MEDIO HUEVO),UNIDAD,2,,,
EMPANADAS-RAPRITOS__SJME_DF_AGOSTO.xlsx,AGOSTO 13,1,7,AREPA DE HUEVO,UNIDAD,,,,
EMPANADAS-RAPRITOS__SJME_DF_AGOSTO.xlsx,AGOSTO 13,1,Observaciones:                                                                                                                                                                                                        BE:7 (Remision 598012),,,,,,
EMPANADAS-RAPRITOS__SJME_DF_AGOSTO.xlsx,AGOSTO 13,1,Espacio para Nombre y firma DESPACHADOR,,Espacio para Nombre y firma RECEPTOR,,,,
EMPANADAS-RAPRITOS__SJME_DF_AGOSTO.xlsx,AGOSTO 13,2,1,EMPANADA HAWAIANA FRITA,UNIDAD,3,,,
EMPANADAS-RAPRITOS__SJME_DF_AGOSTO.xlsx,AGOSTO 13,2,2,EMPANADA DE YUCA (CARNE Y POLLO),UNIDAD,2,,,
EMPANADAS-RAPRITOS__SJME_DF_AGOSTO.xlsx,AGOSTO 13,2,3,EMPANADA MIXTA DE TRIGO,UNIDAD,3,,,
EMPANADAS-RAPRITOS__SJME_DF_AGOSTO.xlsx,AGOSTO 13,2,4,EMPANADA POLLO QUESO FRITA,UNIDAD,8,,,
EMPANADAS-RAPRITOS__SJME_DF_AGOSTO.xlsx,AGOSTO 13,2,5,FLAUTA POLLO QUESO CHAMPIÑONES FRITA,UNIDAD,8,,,
EMPANADAS-RAPRITOS__SJME_DF_AGOSTO.xlsx,AGOSTO 13,2,6,PAPA DE (POLLO CARNE Y MEDIO HUEVO),UNIDAD,3,,,
EMPANADAS-RAPRITOS__SJME_DF_AGOSTO.xlsx,AGOSTO 13,2,7,AREPA DE HUEVO,UNIDAD,,,,
EMPANADAS-RAPRITOS__SJME_DF_AGOSTO.xlsx,AGOSTO 13,2,Observaciones:                                                                                                                                                                                                        CT: 27(Remision 598010),,,,,,
EMPANADAS-RAPRITOS__SJME_DF_AGOSTO.xlsx,AGOSTO 13,2,Espacio para Nombre y firma DESPACHADOR,,Espacio para Nombre y firma RECEPTOR,,,,
EMPANADAS-RAPRITOS__SJME_DF_AGOSTO.xlsx,AGOSTO 14,0,1,EMPANADA HAWAIANA FRITA,UNIDAD,1,,,
EMPANADAS-RAPRITOS__SJME_DF_AGOSTO.xlsx,AGOSTO 14,0,2,EMPANADA DE YUCA (CARNE Y POLLO),UNIDAD,2,,,
EMPANADAS-RAPRITOS__SJME_DF_AGOSTO.xlsx,AGOSTO 14,0,3,EMPANADA MIXTA DE TRIGO,UNIDAD,,,,
EMPANADAS-RAPRITOS__SJME_DF_AGOSTO.xlsx,AGOSTO 14,0,4,EMPANADA POLLO QUESO FRITA,UNIDAD,,,,
EMPANADAS-RAPRITOS__SJME_DF_AGOSTO.xlsx,AGOSTO 14,0,5,FLAUTA POLLO QUESO CHAMPIÑONES FRITA,UNIDAD,2,,,
EMPANADAS-RAPRITOS__SJME_DF_AGOSTO.xlsx,AGOSTO 14,0,6,PAPA DE (POLLO CARNE Y MEDIO HUEVO),UNIDAD,2,,,
EMPANADAS-RAPRITOS__SJME_DF_AGOSTO.xlsx,AGOSTO 14,0,7,AREPA DE HUEVO,UNIDAD,,,,
EMPANADAS-RAPRITOS__SJME_DF_AGOSTO.xlsx,AGOSTO 14,0,Observaciones:                                                                                                                                                                                                                                     A3: 7(Remision 598138),,,,,,
EMPANADAS-RAPRITOS__SJME_DF_AGOSTO.xlsx,AGOSTO 14,0,Espacio para Nombre y firma DESPACHADOR,,Espacio para Nombre y firma RECEPTOR,,,,
EMPANADAS-RAPRITOS__SJME_DF_AGOSTO.xlsx,AGOSTO 14,1,1,EMPANADA HAWAIANA FRITA,UNIDAD,,,,
EMPANADAS-RAPRITOS__SJME_DF_AGOSTO.xlsx,AGOSTO 14,1,2,EMPANADA DE YUCA (CARNE Y POLLO),UNIDAD,1,,,
EMPANADAS-RAPRITOS__SJME_DF_AGOSTO.xlsx,AGOSTO 14,1,3,EMPANADA MIXTA DE TRIGO,UNIDAD,,,,
EMPANADAS-RAPRITOS__SJME_DF_AGOSTO.xlsx,AGOSTO 14,1,4,EMPANADA POLLO QUESO FRITA,UNIDAD,3,,,
EMPANADAS-RAPRITOS__SJME_DF_AGOSTO.xlsx,AGOSTO 14,1,5,FLAUTA POLLO QUESO CHAMPIÑONES FRITA,UNIDAD,1,,,
EMPANADAS-RAPRITOS__SJME_DF_AGOSTO.xlsx,AGOSTO 14,1,6,PAPA DE (POLLO CARNE Y MEDIO HUEVO),UNIDAD,2,,,
EMPANADAS-RAPRITOS__SJME_DF_AGOSTO.xlsx,AGOSTO 14,1,7,AREPA DE HUEVO,UNIDAD,,,,
EMPANADAS-RAPRITOS__SJME_DF_AGOSTO.xlsx,AGOSTO 14,1,Observaciones:                                                                                                                                                                                                        BE:7 (Remision 598140),,,,,,
EMPANADAS-RAPRITOS__SJME_DF_AGOSTO.xlsx,AGOSTO 14,1,Espacio para Nombre y firma DESPACHADOR,,Espacio para Nombre y firma RECEPTOR,,,,
EMPANADAS-RAPRITOS__SJME_DF_AGOSTO.xlsx,AGOSTO 14,2,1,EMPANADA HAWAIANA FRITA,UNIDAD,3,,,
EMPANADAS-RAPRITOS__SJME_DF_AGOSTO.xlsx,AGOSTO 14,2,2,EMPANADA DE YUCA (CARNE Y POLLO),UNIDAD,2,,,
EMPANADAS-RAPRITOS__SJME_DF_AGOSTO.xlsx,AGOSTO 14,2,3,EMPANADA MIXTA DE TRIGO,UNIDAD,3,,,
EMPANADAS-RAPRITOS__SJME_DF_AGOSTO.xlsx,AGOSTO 14,2,4,EMPANADA POLLO QUESO FRITA,UNIDAD,8,,,
EMPANADAS-RAPRITOS__SJME_DF_AGOSTO.xlsx,AGOSTO 14,2,5,FLAUTA POLLO QUESO CHAMPIÑONES FRITA,UNIDAD,8,,,
EMPANADAS-RAPRITOS__SJME_DF_AGOSTO.xlsx,AGOSTO 14,2,6,PAPA DE (POLLO CARNE Y MEDIO HUEVO),UNIDAD,3,,,
EMPANADAS-RAPRITOS__SJME_DF_AGOSTO.xlsx,AGOSTO 14,2,7,AREPA DE HUEVO,UNIDAD,,,,
EMPANADAS-RAPRITOS__SJME_DF_AGOSTO.xlsx,AGOSTO 14,2,Observaciones:                                                                                                                                                                                                        CT: 27(Remision 598139),,,,,,
EMPANADAS-RAPRITOS__SJME_DF_AGOSTO.xlsx,AGOSTO 14,2,Espacio para Nombre y firma DESPACHADOR,,Espacio para Nombre y firma RECEPTOR,,,,
EMPANADAS-RAPRITOS__SJME_DF_AGOSTO.xlsx,AGOSTO 18,0,1,EMPANADA HAWAIANA FRITA,UNIDAD,1,,,
EMPANADAS-RAPRITOS__SJME_DF_AGOSTO.xlsx,AGOSTO 18,0,2,EMPANADA DE YUCA (CARNE Y POLLO),UNIDAD,2,,,
EMPANADAS-RAPRITOS__SJME_DF_AGOSTO.xlsx,AGOSTO 18,0,3,EMPANADA MIXTA DE TRIGO,UNIDAD,,,,
EMPANADAS-RAPRITOS__SJME_DF_AGOSTO.xlsx,AGOSTO 18,0,4,EMPANADA POLLO QUESO FRITA,UNIDAD,,,,
EMPANADAS-RAPRITOS__SJME_DF_AGOSTO.xlsx,AGOSTO 18,0,5,FLAUTA POLLO QUESO CHAMPIÑONES FRITA,UNIDAD,2,,,
EMPANADAS-RAPRITOS__SJME_DF_AGOSTO.xlsx,AGOSTO 18,0,6,PAPA DE (POLLO CARNE Y MEDIO HUEVO),UNIDAD,2,,,
EMPANADAS-RAPRITOS__SJME_DF_AGOSTO.xlsx,AGOSTO 18,0,7,AREPA DE HUEVO,UNIDAD,,,,
EMPANADAS-RAPRITOS__SJME_DF_AGOSTO.xlsx,AGOSTO 18,0,Observaciones:                                                                                                                                                                                                                                     A3: 7(Remision 598524),,,,,,
EMPANADAS-RAPRITOS__SJME_DF_AGOSTO.xlsx,AGOSTO 18,0,Espacio para Nombre y firma DESPACHADOR,,Espacio para Nombre y firma RECEPTOR,,,,
EMPANADAS-RAPRITOS__SJME_DF_AGOSTO.xlsx,AGOSTO 18,1,1,EMPANADA HAWAIANA FRITA,UNIDAD,,,,
EMPANADAS-RAPRITOS__SJME_DF_AGOSTO.xlsx,AGOSTO 18,1,2,EMPANADA DE YUCA (CARNE Y POLLO),UNIDAD,1,,,
EMPANADAS-RAPRITOS__SJME_DF_AGOSTO.xlsx,AGOSTO 18,1,3,EMPANADA MIXTA DE TRIGO,UNIDAD,,,,
EMPANADAS-RAPRITOS__SJME_DF_AGOSTO.xlsx,AGOSTO 18,1,4,EMPANADA POLLO QUESO FRITA,UNIDAD,3,,,
EMPANADAS-RAPRITOS__SJME_DF_AGOSTO.xlsx,AGOSTO 18,1,5,FLAUTA POLLO QUESO CHAMPIÑONES FRITA,UNIDAD,1,,,
EMPANADAS-RAPRITOS__SJME_DF_AGOSTO.xlsx,AGOSTO 18,1,6,PAPA DE (POLLO CARNE Y MEDIO HUEVO),UNIDAD,2,,,
EMPANADAS-RAPRITOS__SJME_DF_AGOSTO.xlsx,AGOSTO 18,1,7,AREPA DE HUEVO,UNIDAD,,,,
EMPANADAS-RAPRITOS__SJME_DF_AGOSTO.xlsx,AGOSTO 18,1,Observaciones:                                                                                                                                                                                                        BE:7 (Remision 598525),,,,,,
EMPANADAS-RAPRITOS__SJME_DF_AGOSTO.xlsx,AGOSTO 18,1,Espacio para Nombre y firma DESPACHADOR,,Espacio para Nombre y firma RECEPTOR,,,,
EMPANADAS-RAPRITOS__SJME_DF_AGOSTO.xlsx,AGOSTO 18,2,1,EMPANADA HAWAIANA FRITA,UNIDAD,3,,,
EMPANADAS-RAPRITOS__SJME_DF_AGOSTO.xlsx,AGOSTO 18,2,2,EMPANADA DE YUCA (CARNE Y POLLO),UNIDAD,2,,,
EMPANADAS-RAPRITOS__SJME_DF_AGOSTO.xlsx,AGOSTO 18,2,3,EMPANADA MIXTA DE TRIGO,UNIDAD,3,,,
EMPANADAS-RAPRITOS__SJME_DF_AGOSTO.xlsx,AGOSTO 18,2,4,EMPANADA POLLO QUESO FRITA,UNIDAD,8,,,
EMPANADAS-RAPRITOS__SJME_DF_AGOSTO.xlsx,AGOSTO 18,2,5,FLAUTA POLLO QUESO CHAMPIÑONES FRITA,UNIDAD,8,,,
EMPANADAS-RAPRITOS__SJME_DF_AGOSTO.xlsx,AGOSTO 18,2,6,PAPA DE (POLLO CARNE Y MEDIO HUEVO),UNIDAD,3,,,
EMPANADAS-RAPRITOS__SJME_DF_AGOSTO.xlsx,AGOSTO 18,2,7,AREPA DE HUEVO,UNIDAD,,,,
EMPANADAS-RAPRITOS__SJME_DF_AGOSTO.xlsx,AGOSTO 18,2,Observaciones:                                                                                                                                                                                                        CT: 27(Remision 598526),,,,,,
EMPANADAS-RAPRITOS__SJME_DF_AGOSTO.xlsx,AGOSTO 18,2,Espacio para Nombre y firma DESPACHADOR,,Espacio para Nombre y firma RECEPTOR,,,,
EMPANADAS-RAPRITOS__SJME_DF_AGOSTO.xlsx,AGOSTO 19,0,1,EMPANADA HAWAIANA FRITA,UNIDAD,1,,,
EMPANADAS-RAPRITOS__SJME_DF_AGOSTO.xlsx,AGOSTO 19,0,2,EMPANADA DE YUCA (CARNE Y POLLO),UNIDAD,2,,,
EMPANADAS-RAPRITOS__SJME_DF_AGOSTO.xlsx,AGOSTO 19,0,3,EMPANADA MIXTA DE TRIGO,UNIDAD,,,,
EMPANADAS-RAPRITOS__SJME_DF_AGOSTO.xlsx,AGOSTO 19,0,4,EMPANADA POLLO QUESO FRITA,UNIDAD,,,,
EMPANADAS-RAPRITOS__SJME_DF_AGOSTO.xlsx,AGOSTO 19,0,5,FLAUTA POLLO QUESO CHAMPIÑONES FRITA,UNIDAD,2,,,
EMPANADAS-RAPRITOS__SJME_DF_AGOSTO.xlsx,AGOSTO 19,0,6,PAPA DE (POLLO CARNE Y MEDIO HUEVO),UNIDAD,2,,,
EMPANADAS-RAPRITOS__SJME_DF_AGOSTO.xlsx,AGOSTO 19,0,7,AREPA DE HUEVO,UNIDAD,,,,
EMPANADAS-RAPRITOS__SJME_DF_AGOSTO.xlsx,AGOSTO 19,0,Observaciones:                                                                                                                                                                                                                                     A3: 7(Remision 598663),,,,,,
EMPANADAS-RAPRITOS__SJME_DF_AGOSTO.xlsx,AGOSTO 19,0,Espacio para Nombre y firma DESPACHADOR,,Espacio para Nombre y firma RECEPTOR,,,,
EMPANADAS-RAPRITOS__SJME_DF_AGOSTO.xlsx,AGOSTO 19,1,1,EMPANADA HAWAIANA FRITA,UNIDAD,,,,
EMPANADAS-RAPRITOS__SJME_DF_AGOSTO.xlsx,AGOSTO 19,1,2,EMPANADA DE YUCA (CARNE Y POLLO),UNIDAD,1,,,
EMPANADAS-RAPRITOS__SJME_DF_AGOSTO.xlsx,AGOSTO 19,1,3,EMPANADA MIXTA DE TRIGO,UNIDAD,,,,
EMPANADAS-RAPRITOS__SJME_DF_AGOSTO.xlsx,AGOSTO 19,1,4,EMPANADA POLLO QUESO FRITA,UNIDAD,3,,,
EMPANADAS-RAPRITOS__SJME_DF_AGOSTO.xlsx,AGOSTO 19,1,5,FLAUTA POLLO QUESO CHAMPIÑONES FRITA,UNIDAD,1,,,
EMPANADAS-RAPRITOS__SJME_DF_AGOSTO.xlsx,AGOSTO 19,1,6,PAPA DE (POLLO CARNE Y MEDIO HUEVO),UNIDAD,2,,,
EMPANADAS-RAPRITOS__SJME_DF_AGOSTO.xlsx,AGOSTO 19,1,7,AREPA DE HUEVO,UNIDAD,,,,
EMPANADAS-RAPRITOS__SJME_DF_AGOSTO.xlsx,AGOSTO 19,1,Observaciones:                                                                                                                                                                                                        BE:7 (Remision 598665),,,,,,
EMPANADAS-RAPRITOS__SJME_DF_AGOSTO.xlsx,AGOSTO 19,1,Espacio para Nombre y firma DESPACHADOR,,Espacio para Nombre y firma RECEPTOR,,,,
EMPANADAS-RAPRITOS__SJME_DF_AGOSTO.xlsx,AGOSTO 19,2,1,EMPANADA HAWAIANA FRITA,UNIDAD,3,,,
EMPANADAS-RAPRITOS__SJME_DF_AGOSTO.xlsx,AGOSTO 19,2,2,EMPANADA DE YUCA (CARNE Y POLLO),UNIDAD,2,,,
EMPANADAS-RAPRITOS__SJME_DF_AGOSTO.xlsx,AGOSTO 19,2,3,EMPANADA MIXTA DE TRIGO,UNIDAD,2,,,
EMPANADAS-RAPRITOS__SJME_DF_AGOSTO.xlsx,AGOSTO 19,2,4,EMPANADA POLLO QUESO FRITA,UNIDAD,8,,,
EMPANADAS-RAPRITOS__SJME_DF_AGOSTO.xlsx,AGOSTO 19,2,5,FLAUTA POLLO QUESO CHAMPIÑONES FRITA,UNIDAD,8,,,
EMPANADAS-RAPRITOS__SJME_DF_AGOSTO.xlsx,AGOSTO 19,2,6,PAPA DE (POLLO CARNE Y MEDIO HUEVO),UNIDAD,3,,,
EMPANADAS-RAPRITOS__SJME_DF_AGOSTO.xlsx,AGOSTO 19,2,7,AREPA DE HUEVO,UNIDAD,,,,
EMPANADAS-RAPRITOS__SJME_DF_AGOSTO.xlsx,AGOSTO 19,2,Observaciones:                                                                                                                                                                                                        CT: 26(Remision 598664)  DEVOLUCIÓN 1 MIXTA,,,,,,
EMPANADAS-RAPRITOS__SJME_DF_AGOSTO.xlsx,AGOSTO 19,2,Espacio para Nombre y firma DESPACHADOR,,Espacio para Nombre y firma RECEPTOR,,,,
EMPANADAS-RAPRITOS__SJME_DF_AGOSTO.xlsx,AGOSTO 20,0,1,EMPANADA HAWAIANA FRITA,UNIDAD,,,,
EMPANADAS-RAPRITOS__SJME_DF_AGOSTO.xlsx,AGOSTO 20,0,2,EMPANADA DE YUCA (CARNE Y POLLO),UNIDAD,2,,,
EMPANADAS-RAPRITOS__SJME_DF_AGOSTO.xlsx,AGOSTO 20,0,3,EMPANADA MIXTA DE TRIGO,UNIDAD,,,,
EMPANADAS-RAPRITOS__SJME_DF_AGOSTO.xlsx,AGOSTO 20,0,4,EMPANADA POLLO QUESO FRITA,UNIDAD,,,,
EMPANADAS-RAPRITOS__SJME_DF_AGOSTO.xlsx,AGOSTO 20,0,5,FLAUTA POLLO QUESO CHAMPIÑONES FRITA,UNIDAD,1,,,
EMPANADAS-RAPRITOS__SJME_DF_AGOSTO.xlsx,AGOSTO 20,0,6,PAPA DE (POLLO CARNE Y MEDIO HUEVO),UNIDAD,1,,,
EMPANADAS-RAPRITOS__SJME_DF_AGOSTO.xlsx,AGOSTO 20,0,7,AREPA DE HUEVO,UNIDAD,,,,
EMPANADAS-RAPRITOS__SJME_DF_AGOSTO.xlsx,AGOSTO 20,0,Observaciones:                                                                                                                                                                                                                                     A3: 4(Remision 598796),,,,,,
EMPANADAS-RAPRITOS__SJME_DF_AGOSTO.xlsx,AGOSTO 20,0,Espacio para Nombre y firma DESPACHADOR,,Espacio para Nombre y firma RECEPTOR,,,,
EMPANADAS-RAPRITOS__SJME_DF_AGOSTO.xlsx,AGOSTO 20,1,1,EMPANADA HAWAIANA FRITA,UNIDAD,1,,,
EMPANADAS-RAPRITOS__SJME_DF_AGOSTO.xlsx,AGOSTO 20,1,2,EMPANADA DE YUCA (CARNE Y POLLO),UNIDAD,1,,,
EMPANADAS-RAPRITOS__SJME_DF_AGOSTO.xlsx,AGOSTO 20,1,3,EMPANADA MIXTA DE TRIGO,UNIDAD,1,,,
EMPANADAS-RAPRITOS__SJME_DF_AGOSTO.xlsx,AGOSTO 20,1,4,EMPANADA POLLO QUESO FRITA,UNIDAD,3,,,
EMPANADAS-RAPRITOS__SJME_DF_AGOSTO.xlsx,AGOSTO 20,1,5,FLAUTA POLLO QUESO CHAMPIÑONES FRITA,UNIDAD,1,,,
EMPANADAS-RAPRITOS__SJME_DF_AGOSTO.xlsx,AGOSTO 20,1,6,PAPA DE (POLLO CARNE Y MEDIO HUEVO),UNIDAD,,,,
EMPANADAS-RAPRITOS__SJME_DF_AGOSTO.xlsx,AGOSTO 20,1,7,AREPA DE HUEVO,UNIDAD,,,,
EMPANADAS-RAPRITOS__SJME_DF_AGOSTO.xlsx,AGOSTO 20,1,Observaciones:                                                                                                                                                                                                        BE:7 (Remision 598798),,,,,,
EMPANADAS-RAPRITOS__SJME_DF_AGOSTO.xlsx,AGOSTO 20,1,Espacio para Nombre y firma DESPACHADOR,,Espacio para Nombre y firma RECEPTOR,,,,
EMPANADAS-RAPRITOS__SJME_DF_AGOSTO.xlsx,AGOSTO 20,2,1,EMPANADA HAWAIANA FRITA,UNIDAD,,,,
EMPANADAS-RAPRITOS__SJME_DF_AGOSTO.xlsx,AGOSTO 20,2,2,EMPANADA DE YUCA (CARNE Y POLLO),UNIDAD,2,,,
EMPANADAS-RAPRITOS__SJME_DF_AGOSTO.xlsx,AGOSTO 20,2,3,EMPANADA MIXTA DE TRIGO,UNIDAD,3,,,
EMPANADAS-RAPRITOS__SJME_DF_AGOSTO.xlsx,AGOSTO 20,2,4,EMPANADA POLLO QUESO FRITA,UNIDAD,8,,,
EMPANADAS-RAPRITOS__SJME_DF_AGOSTO.xlsx,AGOSTO 20,2,5,FLAUTA POLLO QUESO CHAMPIÑONES FRITA,UNIDAD,8,,,
EMPANADAS-RAPRITOS__SJME_DF_AGOSTO.xlsx,AGOSTO 20,2,6,PAPA DE (POLLO CARNE Y MEDIO HUEVO),UNIDAD,3,,,
EMPANADAS-RAPRITOS__SJME_DF_AGOSTO.xlsx,AGOSTO 20,2,7,AREPA DE HUEVO,UNIDAD,,,,
EMPANADAS-RAPRITOS__SJME_DF_AGOSTO.xlsx,AGOSTO 20,2,Observaciones:                                                                                                                                                                                                        CT: 26(Remision 598797),,,,,,
EMPANADAS-RAPRITOS__SJME_DF_AGOSTO.xlsx,AGOSTO 20,2,Espacio para Nombre y firma DESPACHADOR,,Espacio para Nombre y firma RECEPTOR,,,,
EMPANADAS-RAPRITOS__SJME_DF_AGOSTO.xlsx,AGOSTO 21,0,1,EMPANADA HAWAIANA FRITA,UNIDAD,,,,
EMPANADAS-RAPRITOS__SJME_DF_AGOSTO.xlsx,AGOSTO 21,0,2,EMPANADA DE YUCA (CARNE Y POLLO),UNIDAD,,,,
EMPANADAS-RAPRITOS__SJME_DF_AGOSTO.xlsx,AGOSTO 21,0,3,EMPANADA MIXTA DE TRIGO,UNIDAD,,,,
EMPANADAS-RAPRITOS__SJME_DF_AGOSTO.xlsx,AGOSTO 21,0,4,EMPANADA POLLO QUESO FRITA,UNIDAD,,,,
EMPANADAS-RAPRITOS__SJME_DF_AGOSTO.xlsx,AGOSTO 21,0,5,FLAUTA POLLO QUESO CHAMPIÑONES FRITA,UNIDAD,,,,
EMPANADAS-RAPRITOS__SJME_DF_AGOSTO.xlsx,AGOSTO 21,0,6,PAPA DE (POLLO CARNE Y MEDIO HUEVO),UNIDAD,,,,
EMPANADAS-RAPRITOS__SJME_DF_AGOSTO.xlsx,AGOSTO 21,0,7,AREPA DE HUEVO,UNIDAD,,,,
EMPANADAS-RAPRITOS__SJME_DF_AGOSTO.xlsx,AGOSTO 21,0,Observaciones:                                                                                                                                                                                                                                     A3: 4(Remision 598796),,,,,,
EMPANADAS-RAPRITOS__SJME_DF_AGOSTO.xlsx,AGOSTO 21,0,Espacio para Nombre y firma DESPACHADOR,,Espacio para Nombre y firma RECEPTOR,,,,
EMPANADAS-RAPRITOS__SJME_DF_AGOSTO.xlsx,AGOSTO 21,1,1,EMPANADA HAWAIANA FRITA,UNIDAD,1,,,
EMPANADAS-RAPRITOS__SJME_DF_AGOSTO.xlsx,AGOSTO 21,1,2,EMPANADA DE YUCA (CARNE Y POLLO),UNIDAD,1,,,
EMPANADAS-RAPRITOS__SJME_DF_AGOSTO.xlsx,AGOSTO 21,1,3,EMPANADA MIXTA DE TRIGO,UNIDAD,1,,,
EMPANADAS-RAPRITOS__SJME_DF_AGOSTO.xlsx,AGOSTO 21,1,4,EMPANADA POLLO QUESO FRITA,UNIDAD,3,,,
EMPANADAS-RAPRITOS__SJME_DF_AGOSTO.xlsx,AGOSTO 21,1,5,FLAUTA POLLO QUESO CHAMPIÑONES FRITA,UNIDAD,1,,,
EMPANADAS-RAPRITOS__SJME_DF_AGOSTO.xlsx,AGOSTO 21,1,6,PAPA DE (POLLO CARNE Y MEDIO HUEVO),UNIDAD,,,,
EMPANADAS-RAPRITOS__SJME_DF_AGOSTO.xlsx,AGOSTO 21,1,7,AREPA DE HUEVO,UNIDAD,,,,
EMPANADAS-RAPRITOS__SJME_DF_AGOSTO.xlsx,AGOSTO 21,1,Observaciones:                                                                                                                                                                                                        BE:7 (Remision 598926),,,,,,
EMPANADAS-RAPRITOS__SJME_DF_AGOSTO.xlsx,AGOSTO 21,1,Espacio para Nombre y firma DESPACHADOR,,Espacio para Nombre y firma RECEPTOR,,,,
EMPANADAS-RAPRITOS__SJME_DF_AGOSTO.xlsx,AGOSTO 21,2,1,EMPANADA HAWAIANA FRITA,UNIDAD,,,,
EMPANADAS-RAPRITOS__SJME_DF_AGOSTO.xlsx,AGOSTO 21,2,2,EMPANADA DE YUCA (CARNE Y POLLO),UNIDAD,2,,,
EMPANADAS-RAPRITOS__SJME_DF_AGOSTO.xlsx,AGOSTO 21,2,3,EMPANADA MIXTA DE TRIGO,UNIDAD,3,,,
EMPANADAS-RAPRITOS__SJME_DF_AGOSTO.xlsx,AGOSTO 21,2,4,EMPANADA POLLO QUESO FRITA,UNIDAD,8,,,
EMPANADAS-RAPRITOS__SJME_DF_AGOSTO.xlsx,AGOSTO 21,2,5,FLAUTA POLLO QUESO CHAMPIÑONES FRITA,UNIDAD,4,,,
EMPANADAS-RAPRITOS__SJME_DF_AGOSTO.xlsx,AGOSTO 21,2,6,PAPA DE (POLLO CARNE Y MEDIO HUEVO),UNIDAD,2,,,
EMPANADAS-RAPRITOS__SJME_DF_AGOSTO.xlsx,AGOSTO 21,2,7,AREPA DE HUEVO,UNIDAD,,,,
EMPANADAS-RAPRITOS__SJME_DF_AGOSTO.xlsx,AGOSTO 21,2,Observaciones:                                                                                                                                                                                                        CT: 19(Remision 598934),,,,,,
EMPANADAS-RAPRITOS__SJME_DF_AGOSTO.xlsx,AGOSTO 21,2,Espacio para Nombre y firma DESPACHADOR,,Espacio para Nombre y firma RECEPTOR,,,,
ENE_-_MARZO_COCA_COLA.xlsx,SALIDAS COCA COLA- FEB 3 OK (2,0,1,AGUA BRISA PET GAS 600 ML X 24,BANDEJA,1,,,
ENE_-_MARZO_COCA_COLA.xlsx,SALIDAS COCA COLA- FEB 3 OK (2,0,2,AGUA BRISA LIMA LIMON 600 ML X 6,BANDEJA,1,,,
ENE_-_MARZO_COCA_COLA.xlsx,SALIDAS COCA COLA- FEB 3 OK (2,0,3,COCACOLA  PET 400 ML X 12,BANDEJA,6,,,
ENE_-_MARZO_COCA_COLA.xlsx,SALIDAS COCA COLA- FEB 3 OK (2,0,4,COCACOLA PET SIN AZUCAR 400 ML X 12,BANDEJA,6,,,
ENE_-_MARZO_COCA_COLA.xlsx,SALIDAS COCA COLA- FEB 3 OK (2,0,5,FUZE TEA  MANGO- MANZANILL  X 400 ML X  6,BANDEJA,1,,,
ENE_-_MARZO_COCA_COLA.xlsx,SALIDAS COCA COLA- FEB 3 OK (2,0,6,FUZE TEA DURAZNO X 400 ML X  6,BANDEJA,1,,,
ENE_-_MARZO_COCA_COLA.xlsx,SALIDAS COCA COLA- FEB 3 OK (2,0,7,FUZE TEA LIMON X 400 ML X 6,BANDEJA,1,,,
ENE_-_MARZO_COCA_COLA.xlsx,SALIDAS COCA COLA- FEB 3 OK (2,0,8,JUGO DEL VALLE 500 MANGO  X 6,BANDEJA,2,,,
ENE_-_MARZO_COCA_COLA.xlsx,SALIDAS COCA COLA- FEB 3 OK (2,0,9,JUGO DEL VALLE 500 MANGO FRESA  X 6,BANDEJA,2,,,
ENE_-_MARZO_COCA_COLA.xlsx,SALIDAS COCA COLA- FEB 3 OK (2,0,10,JUGO DEL VALLE 500 MORA X 6,BANDEJA,1,,,
ENE_-_MARZO_COCA_COLA.xlsx,SALIDAS COCA COLA- FEB 3 OK (2,0,11,JUGO DEL VALLE TETRA X 24 MANGO,BANDEJA,2,,,
ENE_-_MARZO_COCA_COLA.xlsx,SALIDAS COCA COLA- FEB 3 OK (2,0,12,JUGO DEL VALLE TETRA X 24 MANGO FRESA,BANDEJA,1,,,
ENE_-_MARZO_COCA_COLA.xlsx,SALIDAS COCA COLA- FEB 3 OK (2,0,13,JUGO DEL VALLE TETRA X 24 PIÑA MANDARINA,BANDEJA,1,,,
ENE_-_MARZO_COCA_COLA.xlsx,SALIDAS COCA COLA- FEB 3 OK (2,0,14,KOLA ROMAN  400 ML X 12,BANDEJA,1,,,
ENE_-_MARZO_COCA_COLA.xlsx,SALIDAS COCA COLA- FEB 3 OK (2,0,15,POWER ADE x 500 ML AZUL X 6,BANDEJA,2,,,
ENE_-_MARZO_COCA_COLA.xlsx,SALIDAS COCA COLA- FEB 3 OK (2,0,16,POWER ADE x 500 ML ROJO X 6,BANDEJA,2,,,
ENE_-_MARZO_COCA_COLA.xlsx,SALIDAS COCA COLA- FEB 3 OK (2,0,17,SPRITE PET 400 ML X 12,BANDEJA,1,,,
ENE_-_MARZO_COCA_COLA.xlsx,SALIDAS COCA COLA- FEB 3 OK (2,0,Observaciones:                                                                                                                                                                                                                                      BE: (Factura de venta  FVBG1006196),,,,,,
ENE_-_MARZO_COCA_COLA.xlsx,SALIDAS COCA COLA- FEB 3 OK (2,0,Espacio para Nombre y firma DESPACHADOR,,Espacio para Nombre y firma RECEPTOR,,,,
ENE_-_MARZO_COCA_COLA.xlsx,SALIDAS COCA COLA- FEB 3 OK (2,1,1,AGUA BRISA PET 600 ML X 24,BANDEJA,1,,,
ENE_-_MARZO_COCA_COLA.xlsx,SALIDAS COCA COLA- FEB 3 OK (2,1,2,AGUA BRISA PET GAS 600 ML X 24,BANDEJA,1,,,
ENE_-_MARZO_COCA_COLA.xlsx,SALIDAS COCA COLA- FEB 3 OK (2,1,3,AGUA BRISA LIMA LIMON 600 ML X 6,BANDEJA,1,,,
ENE_-_MARZO_COCA_COLA.xlsx,SALIDAS COCA COLA- FEB 3 OK (2,1,4,COCACOLA  PET 400 ML X 12,BANDEJA,1,,,
ENE_-_MARZO_COCA_COLA.xlsx,SALIDAS COCA COLA- FEB 3 OK (2,1,5,CUATRO PET 400 ML X 12,BANDEJA,1,,,
ENE_-_MARZO_COCA_COLA.xlsx,SALIDAS COCA COLA- FEB 3 OK (2,1,6,FUZE TEA  MANGO- MANZANILL  X 400 ML X  6,BANDEJA,1,,,
ENE_-_MARZO_COCA_COLA.xlsx,SALIDAS COCA COLA- FEB 3 OK (2,1,7,FUZE TEA DURAZNO X 400 ML X  6,BANDEJA,1,,,
ENE_-_MARZO_COCA_COLA.xlsx,SALIDAS COCA COLA- FEB 3 OK (2,1,8,FUZE TEA LIMON X 400 ML X 6,BANDEJA,1,,,
ENE_-_MARZO_COCA_COLA.xlsx,SALIDAS COCA COLA- FEB 3 OK (2,1,9,JUGO DEL VALLE 500 MANGO  X 6,BANDEJA,1,,,
ENE_-_MARZO_COCA_COLA.xlsx,SALIDAS COCA COLA- FEB 3 OK (2,1,10,JUGO DEL VALLE 500 MORA X 6,BANDEJA,1,,,
ENE_-_MARZO_COCA_COLA.xlsx,SALIDAS COCA COLA- FEB 3 OK (2,1,11,POWER ADE x 500 ML AZUL X 6,BANDEJA,1,,,
ENE_-_MARZO_COCA_COLA.xlsx,SALIDAS COCA COLA- FEB 3 OK (2,1,Observaciones:                                                                                                                                                                                                               A3: (Factura de venta FVBG1006198),,,,,,
ENE_-_MARZO_COCA_COLA.xlsx,SALIDAS COCA COLA- FEB 3 OK (2,1,Espacio para Nombre y firma DESPACHADOR,,Espacio para Nombre y firma RECEPTOR,,,,
ENE_-_MARZO_COCA_COLA.xlsx,SALIDAS COCA COLA- FEB10OK SJM,0,1,AGUA BRISA PET 600 ML X 24,BANDEJA,3,,,
ENE_-_MARZO_COCA_COLA.xlsx,SALIDAS COCA COLA- FEB10OK SJM,0,2,AGUA BRISA PET GAS 600 ML X 24,BANDEJA,2,,,
ENE_-_MARZO_COCA_COLA.xlsx,SALIDAS COCA COLA- FEB10OK SJM,0,3,AGUA GAS BRISA LIMON 600 ML X 6,BANDEJA,2,,,
ENE_-_MARZO_COCA_COLA.xlsx,SALIDAS COCA COLA- FEB10OK SJM,0,4,FUZE TEA  MANGO- MANZANILL  X 400 ML X  6,BANDEJA,2,,,
ENE_-_MARZO_COCA_COLA.xlsx,SALIDAS COCA COLA- FEB10OK SJM,0,5,FUZE TEA  MANZANA - LIMONARIA  X 400 ML X  6,BANDEJA,2,,,
ENE_-_MARZO_COCA_COLA.xlsx,SALIDAS COCA COLA- FEB10OK SJM,0,6,FUZE TEA DURAZNO X 400 ML X  6,BANDEJA,2,,,
ENE_-_MARZO_COCA_COLA.xlsx,SALIDAS COCA COLA- FEB10OK SJM,0,7,FUZE TEA LIMON X 400 ML X 6,BANDEJA,2,,,
ENE_-_MARZO_COCA_COLA.xlsx,SALIDAS COCA COLA- FEB10OK SJM,0,8,JUGO DEL VALLE 500 MANGO  X 6,BANDEJA,1,,,
ENE_-_MARZO_COCA_COLA.xlsx,SALIDAS COCA COLA- FEB10OK SJM,0,9,JUGO DEL VALLE 500 MANGO FRESA  X 6,BANDEJA,1,,,
ENE_-_MARZO_COCA_COLA.xlsx,SALIDAS COCA COLA- FEB10OK SJM,0,10,JUGO DEL VALLE 500 MORA X 6,BANDEJA,2,,,
ENE_-_MARZO_COCA_COLA.xlsx,SALIDAS COCA COLA- FEB10OK SJM,0,11,SPRITE PET 400 ML X 12,BANDEJA,1,,,
ENE_-_MARZO_COCA_COLA.xlsx,SALIDAS COCA COLA- FEB10OK SJM,1,1,,,,,,
ENE_-_MARZO_COCA_COLA.xlsx,SALIDAS COCA COLA- FEB10OK SJM,1,2,,,,,,
ENE_-_MARZO_COCA_COLA.xlsx,SALIDAS COCA COLA- FEB10OK SJM,1,3,,,,,,
ENE_-_MARZO_COCA_COLA.xlsx,SALIDAS COCA COLA- FEB10OK SJM,1,4,,,,,,
ENE_-_MARZO_COCA_COLA.xlsx,SALIDAS COCA COLA- FEB10OK SJM,1,5,,,,,,
ENE_-_MARZO_COCA_COLA.xlsx,SALIDAS COCA COLA- FEB10OK SJM,1,6,,,,,,
ENE_-_MARZO_COCA_COLA.xlsx,SALIDAS COCA COLA- FEB10OK SJM,1,7,,,,,,
ENE_-_MARZO_COCA_COLA.xlsx,SALIDAS COCA COLA- FEB10OK SJM,1,8,,,,,,
ENE_-_MARZO_COCA_COLA.xlsx,SALIDAS COCA COLA- FEB10OK SJM,1,9,,,,,,
ENE_-_MARZO_COCA_COLA.xlsx,SALIDAS COCA COLA- FEB10OK SJM,1,10,,,,,,
ENE_-_MARZO_COCA_COLA.xlsx,SALIDAS COCA COLA- FEB10OK SJM,1,11,,,,,,
ENE_-_MARZO_COCA_COLA.xlsx,SALIDAS COCA COLA- FEB10OK SJM,1,Observaciones:                                                                                                                                                                                                               A3: (Factura de venta FVBGxx,,,,,,
ENE_-_MARZO_COCA_COLA.xlsx,SALIDAS COCA COLA- FEB10OK SJM,1,Espacio para Nombre y firma DESPACHADOR,,Espacio para Nombre y firma RECEPTOR,,,,
ENE_-_MARZO_COCA_COLA.xlsx,SALIDAS COCA COLA- FEB24,0,1,AGUA BRISA PET 600 ML X 24,BANDEJA,1,,,
ENE_-_MARZO_COCA_COLA.xlsx,SALIDAS COCA COLA- FEB24,0,2,AGUA GAS BRISA LIMON 600 ML X6,BANDEJA,4,,,
ENE_-_MARZO_COCA_COLA.xlsx,SALIDAS COCA COLA- FEB24,0,3,COCACOLA  PET 400 ML X 12,BANDEJA,4,,,
ENE_-_MARZO_COCA_COLA.xlsx,SALIDAS COCA COLA- FEB24,0,4,CUATRO PET 400 ML X 12,BANDEJA,1,,,
ENE_-_MARZO_COCA_COLA.xlsx,SALIDAS COCA COLA- FEB24,0,5,FUZE TEA DURAZNO X 400 ML X  6,BANDEJA,1,,,
ENE_-_MARZO_COCA_COLA.xlsx,SALIDAS COCA COLA- FEB24,0,6,FUZE TEA LIMON X 400 ML X 6,BANDEJA,2,,,
ENE_-_MARZO_COCA_COLA.xlsx,SALIDAS COCA COLA- FEB24,0,7,JUGO DEL VALLE 500 MANGO  X 6,BANDEJA,1,,,
ENE_-_MARZO_COCA_COLA.xlsx,SALIDAS COCA COLA- FEB24,0,8,JUGO DEL VALLE 500 MORA X 6,BANDEJA,1,,,
ENE_-_MARZO_COCA_COLA.xlsx,SALIDAS COCA COLA- FEB24,1,1,,,,,,
ENE_-_MARZO_COCA_COLA.xlsx,SALIDAS COCA COLA- FEB24,1,2,,,,,,
ENE_-_MARZO_COCA_COLA.xlsx,SALIDAS COCA COLA- FEB24,1,3,,,,,,
ENE_-_MARZO_COCA_COLA.xlsx,SALIDAS COCA COLA- FEB24,1,4,,,,,,
ENE_-_MARZO_COCA_COLA.xlsx,SALIDAS COCA COLA- FEB24,1,5,,,,,,
ENE_-_MARZO_COCA_COLA.xlsx,SALIDAS COCA COLA- FEB24,1,6,,,,,,
ENE_-_MARZO_COCA_COLA.xlsx,SALIDAS COCA COLA- FEB24,1,7,,,,,,
ENE_-_MARZO_COCA_COLA.xlsx,SALIDAS COCA COLA- FEB24,1,8,,,,,,
ENE_-_MARZO_COCA_COLA.xlsx,SALIDAS COCA COLA- FEB24,1,9,,,,,,
ENE_-_MARZO_COCA_COLA.xlsx,SALIDAS COCA COLA- FEB24,1,10,,,,,,
ENE_-_MARZO_COCA_COLA.xlsx,SALIDAS COCA COLA- FEB24,1,11,,,,,,
ENE_-_MARZO_COCA_COLA.xlsx,SALIDAS COCA COLA- FEB24,1,Observaciones:                                                                                                                                                                                                               A3: (Factura de venta FVBGxx,,,,,,
ENE_-_MARZO_COCA_COLA.xlsx,SALIDAS COCA COLA- FEB24,1,Espacio para Nombre y firma DESPACHADOR,,Espacio para Nombre y firma RECEPTOR,,,,
ENE_-_MARZO_COCA_COLA.xlsx,SALIDAS COCA COLA- FEB17,0,1,AGUA BRISA PET 600 ML X 24,BANDEJA,2,,,
ENE_-_MARZO_COCA_COLA.xlsx,SALIDAS COCA COLA- FEB17,0,2,AGUA GAS BRISA LIMON 600 ML X 6,BANDEJA,3,,,
ENE_-_MARZO_COCA_COLA.xlsx,SALIDAS COCA COLA- FEB17,0,3,COCACOLA  PET 400 ML X 12,BANDEJA,5,,,
ENE_-_MARZO_COCA_COLA.xlsx,SALIDAS COCA COLA- FEB17,0,4,COCACOLA PET SIN AZUCAR 400 ML X 12,BANDEJA,1,,,
ENE_-_MARZO_COCA_COLA.xlsx,SALIDAS COCA COLA- FEB17,0,5,FUZE TEA  MANGO- MANZANILL  X 400 ML X  6,BANDEJA,1,,,
ENE_-_MARZO_COCA_COLA.xlsx,SALIDAS COCA COLA- FEB17,0,6,FUZE TEA  MANZANA - LIMONARIA  X 400 ML X  6,BANDEJA,1,,,
ENE_-_MARZO_COCA_COLA.xlsx,SALIDAS COCA COLA- FEB17,0,7,FUZE TEA DURAZNO X 400 ML X  6,BANDEJA,1,,,
ENE_-_MARZO_COCA_COLA.xlsx,SALIDAS COCA COLA- FEB17,0,8,FUZE TEA LIMON X 400 ML X 6,BANDEJA,1,,,
ENE_-_MARZO_COCA_COLA.xlsx,SALIDAS COCA COLA- FEB17,0,9,JUGO DEL VALLE 500 MORA X 6,BANDEJA,2,,,
ENE_-_MARZO_COCA_COLA.xlsx,SALIDAS COCA COLA- FEB17,0,10,KOLA ROMAN  400 ML X 12,BANDEJA,1,,,
ENE_-_MARZO_COCA_COLA.xlsx,SALIDAS COCA COLA- FEB17,0,11,SPRITE PET 400 ML X 12,BANDEJA,1,,,
ENE_-_MARZO_COCA_COLA.xlsx,SALIDAS COCA COLA- FEB17,1,1,,,,,,
ENE_-_MARZO_COCA_COLA.xlsx,SALIDAS COCA COLA- FEB17,1,2,,,,,,
ENE_-_MARZO_COCA_COLA.xlsx,SALIDAS COCA COLA- FEB17,1,3,,,,,,
ENE_-_MARZO_COCA_COLA.xlsx,SALIDAS COCA COLA- FEB17,1,4,,,,,,
ENE_-_MARZO_COCA_COLA.xlsx,SALIDAS COCA COLA- FEB17,1,5,,,,,,
ENE_-_MARZO_COCA_COLA.xlsx,SALIDAS COCA COLA- FEB17,1,6,,,,,,
ENE_-_MARZO_COCA_COLA.xlsx,SALIDAS COCA COLA- FEB17,1,7,,,,,,
ENE_-_MARZO_COCA_COLA.xlsx,SALIDAS COCA COLA- FEB17,1,8,,,,,,
ENE_-_MARZO_COCA_COLA.xlsx,SALIDAS COCA COLA- FEB17,1,9,,,,,,
ENE_-_MARZO_COCA_COLA.xlsx,SALIDAS COCA COLA- FEB17,1,10,,,,,,
ENE_-_MARZO_COCA_COLA.xlsx,SALIDAS COCA COLA- FEB17,1,11,,,,,,
ENE_-_MARZO_COCA_COLA.xlsx,SALIDAS COCA COLA- FEB17,1,Observaciones:                                                                                                                                                                                                               A3: (Factura de venta FVBGxx,,,,,,
ENE_-_MARZO_COCA_COLA.xlsx,SALIDAS COCA COLA- FEB17,1,Espacio para Nombre y firma DESPACHADOR,,Espacio para Nombre y firma RECEPTOR,,,,
ENE_-_MARZO_COCA_COLA.xlsx,SALIDAS COCA COLA- MARZO 2,1,1,,,,,,
ENE_-_MARZO_COCA_COLA.xlsx,SALIDAS COCA COLA- MARZO 2,1,2,,,,,,
ENE_-_MARZO_COCA_COLA.xlsx,SALIDAS COCA COLA- MARZO 2,1,3,,,,,,
ENE_-_MARZO_COCA_COLA.xlsx,SALIDAS COCA COLA- MARZO 2,1,4,,,,,,
ENE_-_MARZO_COCA_COLA.xlsx,SALIDAS COCA COLA- MARZO 2,1,5,,,,,,
ENE_-_MARZO_COCA_COLA.xlsx,SALIDAS COCA COLA- MARZO 2,1,6,,,,,,
ENE_-_MARZO_COCA_COLA.xlsx,SALIDAS COCA COLA- MARZO 2,1,7,,,,,,
ENE_-_MARZO_COCA_COLA.xlsx,SALIDAS COCA COLA- MARZO 2,1,8,,,,,,
ENE_-_MARZO_COCA_COLA.xlsx,SALIDAS COCA COLA- MARZO 2,1,9,,,,,,
ENE_-_MARZO_COCA_COLA.xlsx,SALIDAS COCA COLA- MARZO 2,1,10,,,,,,
ENE_-_MARZO_COCA_COLA.xlsx,SALIDAS COCA COLA- MARZO 2,1,11,,,,,,
ENE_-_MARZO_COCA_COLA.xlsx,SALIDAS COCA COLA- MARZO 2,1,Observaciones:                                                                                                                                                                                                               A3: (Factura de venta FVBGxx,,,,,,
ENE_-_MARZO_COCA_COLA.xlsx,SALIDAS COCA COLA- MARZO 2,1,Espacio para Nombre y firma DESPACHADOR,,Espacio para Nombre y firma RECEPTOR,,,,
ENE_-_MARZO_COCA_COLA.xlsx,SALIDAS COCA COLA- MARZO 6,0,1,AGUA BRISA PET 600 ML X 24,BANDEJA,3,,,
ENE_-_MARZO_COCA_COLA.xlsx,SALIDAS COCA COLA- MARZO 6,0,2,AGUA BRISA PET GAS 600 ML X 24,BANDEJA,0,,,
ENE_-_MARZO_COCA_COLA.xlsx,SALIDAS COCA COLA- MARZO 6,0,3,AGUA GAS BRISA LIMON 600 ML X 24,BANDEJA,1,,,
ENE_-_MARZO_COCA_COLA.xlsx,SALIDAS COCA COLA- MARZO 6,0,4,COCACOLA  PET 400 ML X 12,BANDEJA,3,,,
ENE_-_MARZO_COCA_COLA.xlsx,SALIDAS COCA COLA- MARZO 6,0,5,COCACOLA PET SIN AZUCAR 400 ML X 12,BANDEJA,2,,,
ENE_-_MARZO_COCA_COLA.xlsx,SALIDAS COCA COLA- MARZO 6,0,6,CUATRO PET 400 ML X 12,BANDEJA,0,,,
ENE_-_MARZO_COCA_COLA.xlsx,SALIDAS COCA COLA- MARZO 6,0,7,FUZE TEA  NEGRO - LIMON  X 400 ML X  6,BANDEJA,1,,,
ENE_-_MARZO_COCA_COLA.xlsx,SALIDAS COCA COLA- MARZO 6,0,8,FUZE TEA MANZANA X 400 ML X 6,BANDEJA,1,,,
ENE_-_MARZO_COCA_COLA.xlsx,SALIDAS COCA COLA- MARZO 6,0,9,JUGO DEL VALLE 500 MANGO FRESA  X 6,BANDEJA,0,,,
ENE_-_MARZO_COCA_COLA.xlsx,SALIDAS COCA COLA- MARZO 6,0,10,JUGO DEL VALLE 500 MANGO PIÑA MANDARINA X 6,BANDEJA,0,,,
ENE_-_MARZO_COCA_COLA.xlsx,SALIDAS COCA COLA- MARZO 6,0,11,JUGO DEL VALLE 500 MORA X 6,BANDEJA,0,,,
ENE_-_MARZO_COCA_COLA.xlsx,SALIDAS COCA COLA- MARZO 6,0,12,JUGO DEL VALLE TETRA X 24 MANGO,BANDEJA,2,,,
ENE_-_MARZO_COCA_COLA.xlsx,SALIDAS COCA COLA- MARZO 6,0,13,JUGO DEL VALLE TETRA X 24 MANGO FRESA,BANDEJA,0,,,
ENE_-_MARZO_COCA_COLA.xlsx,SALIDAS COCA COLA- MARZO 6,0,14,JUGO DEL VALLE TETRA X 24 MORA,BANDEJA,0,,,
ENE_-_MARZO_COCA_COLA.xlsx,SALIDAS COCA COLA- MARZO 6,0,15,JUGO DEL VALLE TETRA X 24 PIÑA MANDARINA,BANDEJA,0,,,
ENE_-_MARZO_COCA_COLA.xlsx,SALIDAS COCA COLA- MARZO 6,0,16,KOLA ROMAN  400 ML X 12,BANDEJA,1,,,
ENE_-_MARZO_COCA_COLA.xlsx,SALIDAS COCA COLA- MARZO 6,0,17,POWER ADE x 500 ML AZUL X 6,BANDEJA,1,,,
ENE_-_MARZO_COCA_COLA.xlsx,SALIDAS COCA COLA- MARZO 6,0,18,POWER ADE x 500 ML ROJO X 6,BANDEJA,1,,,
ENE_-_MARZO_COCA_COLA.xlsx,SALIDAS COCA COLA- MARZO 6,0,19,SPRITE PET 400 ML X 12,BANDEJA,0,,,
ENE_-_MARZO_COCA_COLA.xlsx,SALIDAS COCA COLA- MARZO 6,0,Observaciones:                                                                                                                                                                                                                                      BE: (FVBG 112936),,,,,,
ENE_-_MARZO_COCA_COLA.xlsx,SALIDAS COCA COLA- MARZO 6,0,Espacio para Nombre y firma DESPACHADOR,,Espacio para Nombre y firma RECEPTOR,,,,
ENE_-_MARZO_COCA_COLA.xlsx,SALIDAS COCA COLA- MARZO 6,1,1,AGUA BRISA PET 600 ML X 24,BANDEJA,1,,,
ENE_-_MARZO_COCA_COLA.xlsx,SALIDAS COCA COLA- MARZO 6,1,2,AGUA BRISA PET GAS 600 ML X 24,BANDEJA,0,,,
ENE_-_MARZO_COCA_COLA.xlsx,SALIDAS COCA COLA- MARZO 6,1,3,AGUA BRISA LIMA LIMON 600 ML X 6,BANDEJA,2,,,
ENE_-_MARZO_COCA_COLA.xlsx,SALIDAS COCA COLA- MARZO 6,1,4,COCACOLA  PET 400 ML X 12,BANDEJA,2,,,
ENE_-_MARZO_COCA_COLA.xlsx,SALIDAS COCA COLA- MARZO 6,1,5,CUATRO PET 400 ML X 12,BANDEJA,0,,,
ENE_-_MARZO_COCA_COLA.xlsx,SALIDAS COCA COLA- MARZO 6,1,6,FUZE TEA  NEGRO - LIMON  X 400 ML X  6,BANDEJA,2,,,
ENE_-_MARZO_COCA_COLA.xlsx,SALIDAS COCA COLA- MARZO 6,1,7,FUZE TEA DURAZNO X 400 ML X  6,BANDEJA,0,,,
ENE_-_MARZO_COCA_COLA.xlsx,SALIDAS COCA COLA- MARZO 6,1,8,FUZE TEA LIMON X 400 ML X 6,BANDEJA,2,,,
ENE_-_MARZO_COCA_COLA.xlsx,SALIDAS COCA COLA- MARZO 6,1,9,JUGO DEL VALLE 500 MANGO  X 6,BANDEJA,1,,,
ENE_-_MARZO_COCA_COLA.xlsx,SALIDAS COCA COLA- MARZO 6,1,10,JUGO DEL VALLE 500 MORA X 6,BANDEJA,1,,,
ENE_-_MARZO_COCA_COLA.xlsx,SALIDAS COCA COLA- MARZO 6,1,11,POWER ADE x 500 ML ROJO X 6,BANDEJA,1,,,
ENE_-_MARZO_COCA_COLA.xlsx,SALIDAS COCA COLA- MARZO 6,1,Observaciones:                                                                                                                                                                                                               CT: (FVBG1129541),,,,,,
ENE_-_MARZO_COCA_COLA.xlsx,SALIDAS COCA COLA- MARZO 6,1,Espacio para Nombre y firma DESPACHADOR,,Espacio para Nombre y firma RECEPTOR,,,,
ENE_-_MARZO_COCA_COLA.xlsx,SALIDAS COCA COLA- MARZO 10,0,1,AGUA BRISA PET 600 ML X 24,BANDEJA,5,,,
ENE_-_MARZO_COCA_COLA.xlsx,SALIDAS COCA COLA- MARZO 10,0,2,AGUA GAS BRISA LIMON 600 ML X 6,BANDEJA,4,,,
ENE_-_MARZO_COCA_COLA.xlsx,SALIDAS COCA COLA- MARZO 10,0,3,COCACOLA  PET 400 ML X 12,BANDEJA,3,,,
ENE_-_MARZO_COCA_COLA.xlsx,SALIDAS COCA COLA- MARZO 10,0,4,COCACOLA PET SIN AZUCAR 400 ML X 12,BANDEJA,1,,,
ENE_-_MARZO_COCA_COLA.xlsx,SALIDAS COCA COLA- MARZO 10,0,5,FUZE TEA DURAZNO X 400 ML X  6,BANDEJA,1,,,
ENE_-_MARZO_COCA_COLA.xlsx,SALIDAS COCA COLA- MARZO 10,0,6,FUZE TEA LIMON X 400 ML X 6,BANDEJA,2,,,
ENE_-_MARZO_COCA_COLA.xlsx,SALIDAS COCA COLA- MARZO 10,0,7,JUGO DEL VALLE 500 MANGO  X 6,BANDEJA,3,,,
ENE_-_MARZO_COCA_COLA.xlsx,SALIDAS COCA COLA- MARZO 10,0,8,JUGO DEL VALLE 500 MANGO FRESA  X 6,BANDEJA,1,,,
ENE_-_MARZO_COCA_COLA.xlsx,SALIDAS COCA COLA- MARZO 10,0,9,JUGO DEL VALLE 500 MORA X 6,BANDEJA,3,,,
ENE_-_MARZO_COCA_COLA.xlsx,SALIDAS COCA COLA- MARZO 10,0,10,POWER ADE x 500 ML AZUL X 6,BANDEJA,2,,,
ENE_-_MARZO_COCA_COLA.xlsx,SALIDAS COCA COLA- MARZO 10,0,11,POWER ADE x 500 ML ROJO X 6,BANDEJA,1,,,
ENE_-_MARZO_COCA_COLA.xlsx,SALIDAS COCA COLA- MARZO 10,0,Observaciones:                                                                                                                                                                                                               CT: (FVBG1143710),,,,,,
ENE_-_MARZO_COCA_COLA.xlsx,SALIDAS COCA COLA- MARZO 10,0,Espacio para Nombre y firma DESPACHADOR,,Espacio para Nombre y firma RECEPTOR,,,,
ENE_-_MARZO_COCA_COLA.xlsx,SALIDAS COCA COLA- MARZO 11,0,1,AGUA BRISA PET 600 ML X 24,BANDEJA,3,,,
ENE_-_MARZO_COCA_COLA.xlsx,SALIDAS COCA COLA- MARZO 11,0,2,AGUA GAS BRISA LIMON 600 ML X 6,BANDEJA,4,,,
ENE_-_MARZO_COCA_COLA.xlsx,SALIDAS COCA COLA- MARZO 11,0,3,COCACOLA  PET 400 ML X 12,BANDEJA,3,,,
ENE_-_MARZO_COCA_COLA.xlsx,SALIDAS COCA COLA- MARZO 11,0,4,COCACOLA PET SIN AZUCAR 400 ML X 12,BANDEJA,3,,,
ENE_-_MARZO_COCA_COLA.xlsx,SALIDAS COCA COLA- MARZO 11,0,5,FUZE TEA DURAZNO X 400 ML X  6,BANDEJA,3,,,
ENE_-_MARZO_COCA_COLA.xlsx,SALIDAS COCA COLA- MARZO 11,0,6,FUZE TEA LIMON X 400 ML X 6,BANDEJA,1,,,
ENE_-_MARZO_COCA_COLA.xlsx,SALIDAS COCA COLA- MARZO 11,0,7,JUGO DEL VALLE 500 MANGO  X 6,BANDEJA,3,,,
ENE_-_MARZO_COCA_COLA.xlsx,SALIDAS COCA COLA- MARZO 11,0,8,JUGO DEL VALLE 500 MANGO FRESA  X 6,BANDEJA,3,,,
ENE_-_MARZO_COCA_COLA.xlsx,SALIDAS COCA COLA- MARZO 11,0,9,JUGO DEL VALLE 500 MORA X 6,BANDEJA,3,,,
ENE_-_MARZO_COCA_COLA.xlsx,SALIDAS COCA COLA- MARZO 11,0,Observaciones:                                                                                                                                                                                                                                      BE: (Factura de venta FVBG1148863,,,,,,
ENE_-_MARZO_COCA_COLA.xlsx,SALIDAS COCA COLA- MARZO 11,0,Espacio para Nombre y firma DESPACHADOR,,Espacio para Nombre y firma RECEPTOR,,,,
ENE_-_MARZO_COCA_COLA.xlsx,SALIDAS COCA COLA- MARZO 17,0,1,AGUA BRISA PET 600 ML X 24,BANDEJA,2,,,
ENE_-_MARZO_COCA_COLA.xlsx,SALIDAS COCA COLA- MARZO 17,0,2,AGUA GAS BRISA LIMON 600 ML X 24,BANDEJA,1,,,
ENE_-_MARZO_COCA_COLA.xlsx,SALIDAS COCA COLA- MARZO 17,0,3,COCACOLA  PET 400 ML X 12,BANDEJA,2,,,
ENE_-_MARZO_COCA_COLA.xlsx,SALIDAS COCA COLA- MARZO 17,0,4,CUATRO PET 400 ML X 12,BANDEJA,1,,,
ENE_-_MARZO_COCA_COLA.xlsx,SALIDAS COCA COLA- MARZO 17,0,5,FUZE TEA  MANGO- MANZANILL  X 400 ML X  6,BANDEJA,1,,,
ENE_-_MARZO_COCA_COLA.xlsx,SALIDAS COCA COLA- MARZO 17,0,7,POWER ADE x 500 ML AZUL X 6,BANDEJA,1,,,
ENE_-_MARZO_COCA_COLA.xlsx,SALIDAS COCA COLA- MARZO 17,0,8,SPRITE PET 400 ML X 12,BANDEJA,1,,,
ENE_-_MARZO_COCA_COLA.xlsx,SALIDAS COCA COLA- MARZO 17,1,1,AGUA BRISA PET 600 ML X 24,,BANDEJA,6,,
ENE_-_MARZO_COCA_COLA.xlsx,SALIDAS COCA COLA- MARZO 17,1,2,COCACOLA  PET 400 ML X 12,,BANDEJA,3,,
ENE_-_MARZO_COCA_COLA.xlsx,SALIDAS COCA COLA- MARZO 17,1,3,COCACOLA PET SIN AZUCAR 400 ML X 12,,BANDEJA,2,,
ENE_-_MARZO_COCA_COLA.xlsx,SALIDAS COCA COLA- MARZO 17,1,4,CUATRO PET 400 ML X 12,,BANDEJA,1,,
ENE_-_MARZO_COCA_COLA.xlsx,SALIDAS COCA COLA- MARZO 17,1,5,SPRITE PET 400 ML X 12,,BANDEJA,1,,
ENE_-_MARZO_COCA_COLA.xlsx,SALIDAS COCA COLA- MARZO 17,1,6,,,,,,
ENE_-_MARZO_COCA_COLA.xlsx,SALIDAS COCA COLA- MARZO 17,1,7,,,,,,
ENE_-_MARZO_COCA_COLA.xlsx,SALIDAS COCA COLA- MARZO 17,1,8,,,,,,
ENE_-_MARZO_COCA_COLA.xlsx,SALIDAS COCA COLA- MARZO 17,1,9,,,,,,
ENE_-_MARZO_COCA_COLA.xlsx,SALIDAS COCA COLA- MARZO 17,1,10,,,,,,
ENE_-_MARZO_COCA_COLA.xlsx,SALIDAS COCA COLA- MARZO 17,1,Observaciones:                                                                                                                                                                                                               CT: (FVBG1173712),,,,,,
ENE_-_MARZO_COCA_COLA.xlsx,SALIDAS COCA COLA- MARZO 17,1,Espacio para Nombre y firma DESPACHADOR,,Espacio para Nombre y firma RECEPTOR,,,,
ENE_-_MARZO_COCA_COLA.xlsx,SALIDAS COCA COLA- MARZO 24,0,1,COCACOLA  PET 400 ML X 12,,BANDEJA,4,,
ENE_-_MARZO_COCA_COLA.xlsx,SALIDAS COCA COLA- MARZO 24,0,2,COCACOLA PET SIN AZUCAR 400 ML X 12,,BANDEJA,2,,
ENE_-_MARZO_COCA_COLA.xlsx,SALIDAS COCA COLA- MARZO 24,0,3,FUZE TEA  MANZANA - LIMONARIA  X 400 ML X  6,,BANDEJA,1,,
ENE_-_MARZO_COCA_COLA.xlsx,SALIDAS COCA COLA- MARZO 24,0,4,FUZE TEA DURAZNO X 400 ML X  6,,BANDEJA,2,,
ENE_-_MARZO_COCA_COLA.xlsx,SALIDAS COCA COLA- MARZO 24,0,5,FUZE TEA LIMON X 400 ML X 6,,BANDEJA,2,,
ENE_-_MARZO_COCA_COLA.xlsx,SALIDAS COCA COLA- MARZO 24,0,6,JUGO DEL VALLE 500 MANGO  X 6,,BANDEJA,2,,
ENE_-_MARZO_COCA_COLA.xlsx,SALIDAS COCA COLA- MARZO 24,0,7,JUGO DEL VALLE 500 MORA X 6,,BANDEJA,2,,
ENE_-_MARZO_COCA_COLA.xlsx,SALIDAS COCA COLA- MARZO 24,0,8,POWER ADE x 500 ML AZUL X 6,,BANDEJA,2,,
ENE_-_MARZO_COCA_COLA.xlsx,SALIDAS COCA COLA- MARZO 24,0,9,POWER ADE x 500 ML ROJO X 6,,BANDEJA,2,,
ENE_-_MARZO_COCA_COLA.xlsx,SALIDAS COCA COLA- MARZO 24,0,Observaciones:                                                                                                                                                                                                               CT: (FVBG1203179),,,,,,
ENE_-_MARZO_COCA_COLA.xlsx,SALIDAS COCA COLA- MARZO 24,0,Espacio para Nombre y firma DESPACHADOR,,Espacio para Nombre y firma RECEPTOR,,,,
ENE_-_MARZO_COCA_COLA.xlsx,SALIDAS COCA COLA- MARZO25,0,1,AGUA BRISA PET 600 ML X 24,,BANDEJA,6,,
ENE_-_MARZO_COCA_COLA.xlsx,SALIDAS COCA COLA- MARZO25,0,2,AGUA GAS BRISA LIMON 600 ML X 6,,BANDEJA,3,,
ENE_-_MARZO_COCA_COLA.xlsx,SALIDAS COCA COLA- MARZO25,0,3,COCACOLA  PET 400 ML X 12,,BANDEJA,4,,
ENE_-_MARZO_COCA_COLA.xlsx,SALIDAS COCA COLA- MARZO25,0,4,COCACOLA PET SIN AZUCAR 400 ML X 12,,BANDEJA,1,,
ENE_-_MARZO_COCA_COLA.xlsx,SALIDAS COCA COLA- MARZO25,0,5,FUZE TEA  MANZANA - LIMONARIA  X 400 ML X  6,,BANDEJA,1,,
ENE_-_MARZO_COCA_COLA.xlsx,SALIDAS COCA COLA- MARZO25,0,6,FUZE TEA DURAZNO X 400 ML X  6,,BANDEJA,1,,
ENE_-_MARZO_COCA_COLA.xlsx,SALIDAS COCA COLA- MARZO25,0,7,FUZE TEA LIMON X 400 ML X 6,,BANDEJA,1,,
ENE_-_MARZO_COCA_COLA.xlsx,SALIDAS COCA COLA- MARZO25,0,8,JUGO DEL VALLE 500 MANGO FRESA  X 6,,BANDEJA,1,,
ENE_-_MARZO_COCA_COLA.xlsx,SALIDAS COCA COLA- MARZO25,0,9,JUGO DEL VALLE TETRA X 24 MANGO,,BANDEJA,1,,
ENE_-_MARZO_COCA_COLA.xlsx,SALIDAS COCA COLA- MARZO25,0,Observaciones:                                                                                                                                                                                                               CT: (FVBG1206883),,,,,,
ENE_-_MARZO_COCA_COLA.xlsx,SALIDAS COCA COLA- MARZO25,0,Espacio para Nombre y firma DESPACHADOR,,Espacio para Nombre y firma RECEPTOR,,,,
ENE_-_MARZO_COCA_COLA.xlsx,SALIDAS COCA COLA- ABRIL 06,0,1,AGUA BRISA PET 600 ML X 24,,BANDEJA,2,,
ENE_-_MARZO_COCA_COLA.xlsx,SALIDAS COCA COLA- ABRIL 06,0,2,AGUA BRISA PET GAS 600 ML X 24,,BANDEJA,1,,
ENE_-_MARZO_COCA_COLA.xlsx,SALIDAS COCA COLA- ABRIL 06,0,3,COCACOLA  PET 400 ML X 12,,BANDEJA,3,,
ENE_-_MARZO_COCA_COLA.xlsx,SALIDAS COCA COLA- ABRIL 06,0,4,COCACOLA PET SIN AZUCAR 400 ML X 12,,BANDEJA,1,,
ENE_-_MARZO_COCA_COLA.xlsx,SALIDAS COCA COLA- ABRIL 06,0,5,CUATRO PET 400 ML X 12,,BANDEJA,1,,
ENE_-_MARZO_COCA_COLA.xlsx,SALIDAS COCA COLA- ABRIL 06,0,6,FUZE TEA  MANGO- MANZANILL  X 400 ML X  6,,BANDEJA,1,,
ENE_-_MARZO_COCA_COLA.xlsx,SALIDAS COCA COLA- ABRIL 06,0,7,FUZE TEA LIMON X 400 ML X 6,,BANDEJA,1,,
ENE_-_MARZO_COCA_COLA.xlsx,SALIDAS COCA COLA- ABRIL 06,0,8,JUGO DEL VALLE 500 MANGO FRESA  X 6,,BANDEJA,1,,
ENE_-_MARZO_COCA_COLA.xlsx,SALIDAS COCA COLA- ABRIL 06,0,9,JUGO DEL VALLE 500 MORA X 6,,BANDEJA,1,,
ENE_-_MARZO_COCA_COLA.xlsx,SALIDAS COCA COLA- ABRIL 06,0,10,JUGO DEL VALLE TETRA X 24 MANGO,,BANDEJA,1,,
ENE_-_MARZO_COCA_COLA.xlsx,SALIDAS COCA COLA- ABRIL 06,0,11,JUGO DEL VALLE TETRA X 24 PIÑA MANDARINA,,BANDEJA,1,,
ENE_-_MARZO_COCA_COLA.xlsx,SALIDAS COCA COLA- ABRIL 06,0,12,KOLA ROMAN  400 ML X 12,,BANDEJA,1,,
ENE_-_MARZO_COCA_COLA.xlsx,SALIDAS COCA COLA- ABRIL 06,1,1,AGUA BRISA PET 600 ML X 24,,BANDEJA,4,,
ENE_-_MARZO_COCA_COLA.xlsx,SALIDAS COCA COLA- ABRIL 06,1,2,AGUA BRISA PET GAS 600 ML X 24,,BANDEJA,2,,
ENE_-_MARZO_COCA_COLA.xlsx,SALIDAS COCA COLA- ABRIL 06,1,3,AGUA GAS BRISA LIMON 600 ML X 24,,BANDEJA,1,,
ENE_-_MARZO_COCA_COLA.xlsx,SALIDAS COCA COLA- ABRIL 06,1,4,COCACOLA  PET 400 ML X 12,,BANDEJA,4,,
ENE_-_MARZO_COCA_COLA.xlsx,SALIDAS COCA COLA- ABRIL 06,1,5,COCACOLA PET SIN AZUCAR 400 ML X 12,,BANDEJA,2,,
ENE_-_MARZO_COCA_COLA.xlsx,SALIDAS COCA COLA- ABRIL 06,1,6,FUZE TEA  MANGO- MANZANILL  X 400 ML X  6,,BANDEJA,2,,
ENE_-_MARZO_COCA_COLA.xlsx,SALIDAS COCA COLA- ABRIL 06,1,7,FUZE TEA DURAZNO X 400 ML X  6,,BANDEJA,2,,
ENE_-_MARZO_COCA_COLA.xlsx,SALIDAS COCA COLA- ABRIL 06,1,8,FUZE TEA LIMON X 400 ML X 6,,BANDEJA,2,,
ENE_-_MARZO_COCA_COLA.xlsx,SALIDAS COCA COLA- ABRIL 06,1,9,JUGO DEL VALLE 500 MANGO PIÑA MANDARINA X 6,,BANDEJA,1,,
ENE_-_MARZO_COCA_COLA.xlsx,SALIDAS COCA COLA- ABRIL 06,1,10,POWER ADE x 500 ML AZUL X 6,,BANDEJA,2,,
ENE_-_MARZO_COCA_COLA.xlsx,SALIDAS COCA COLA- ABRIL 06,1,11,POWER ADE x 500 ML ROJO X 6,,BANDEJA,1,,
ENE_-_MARZO_COCA_COLA.xlsx,SALIDAS COCA COLA- ABRIL 29,0,1,AGUA BRISA PET 600 ML X 24,,BANDEJA,2,,
ENE_-_MARZO_COCA_COLA.xlsx,SALIDAS COCA COLA- ABRIL 29,0,2,AGUA BRISA PET GAS 600 ML X 24,,BANDEJA,1,,
ENE_-_MARZO_COCA_COLA.xlsx,SALIDAS COCA COLA- ABRIL 29,0,3,AGUA GAS BRISA LIMON 600 ML X 24,,BANDEJA,3,,
ENE_-_MARZO_COCA_COLA.xlsx,SALIDAS COCA COLA- ABRIL 29,0,4,COCACOLA  PET 400 ML X 12,,BANDEJA,4,,
ENE_-_MARZO_COCA_COLA.xlsx,SALIDAS COCA COLA- ABRIL 29,0,5,COCACOLA PET SIN AZUCAR 400 ML X 12,,BANDEJA,2,,
ENE_-_MARZO_COCA_COLA.xlsx,SALIDAS COCA COLA- ABRIL 29,0,6,FUZE TEA  MANGO- MANZANILL  X 400 ML X  6,,BANDEJA,1,,
ENE_-_MARZO_COCA_COLA.xlsx,SALIDAS COCA COLA- ABRIL 29,0,7,FUZE TEA  MANZANA - LIMONARIA  X 400 ML X  6,,BANDEJA,1,,
ENE_-_MARZO_COCA_COLA.xlsx,SALIDAS COCA COLA- ABRIL 29,0,8,FUZE TEA DURAZNO X 400 ML X  6,,BANDEJA,1,,
ENE_-_MARZO_COCA_COLA.xlsx,SALIDAS COCA COLA- ABRIL 29,0,9,FUZE TEA LIMON X 400 ML X 6,,BANDEJA,2,,
ENE_-_MARZO_COCA_COLA.xlsx,SALIDAS COCA COLA- ABRIL 29,0,10,JUGO DEL VALLE 500 MANGO  X 6,,BANDEJA,1,,
ENE_-_MARZO_COCA_COLA.xlsx,SALIDAS COCA COLA- ABRIL 29,0,11,JUGO DEL VALLE 500 MANGO FRESA  X 6,,BANDEJA,1,,
ENE_-_MARZO_COCA_COLA.xlsx,SALIDAS COCA COLA- ABRIL 29,0,12,JUGO DEL VALLE 500 MORA X 6,,BANDEJA,1,,
ENE_-_MARZO_COCA_COLA.xlsx,SALIDAS COCA COLA- ABRIL 29,0,13,POWER ADE x 500 ML AZUL X 6,,BANDEJA,2,,
ENE_-_MARZO_COCA_COLA.xlsx,SALIDAS COCA COLA- ABRIL 29,0,14,POWER ADE x 500 ML ROJO X 6,,BANDEJA,1,,
ENE_-_MARZO_COCA_COLA.xlsx,SALIDAS COCA COLA- ABRIL 29,0,Observaciones:                                                                                                                                                                                                               BE: (FVBG1339412),,,,,,
ENE_-_MARZO_COCA_COLA.xlsx,SALIDAS COCA COLA- ABRIL 29,0,Espacio para Nombre y firma DESPACHADOR,,Espacio para Nombre y firma RECEPTOR,,,,
ENE_-_MARZO_COCA_COLA.xlsx,SALIDAS COCA COLA- ABRIL 29,1,1,AGUA BRISA PET 600 ML X 24,,BANDEJA,4,,
ENE_-_MARZO_COCA_COLA.xlsx,SALIDAS COCA COLA- ABRIL 29,1,2,AGUA BRISA PET GAS 600 ML X 24,,BANDEJA,2,,
ENE_-_MARZO_COCA_COLA.xlsx,SALIDAS COCA COLA- ABRIL 29,1,3,AGUA GAS BRISA LIMON 600 ML X 24,,BANDEJA,3,,
ENE_-_MARZO_COCA_COLA.xlsx,SALIDAS COCA COLA- ABRIL 29,1,4,COCACOLA  PET 400 ML X 12,,BANDEJA,4,,
ENE_-_MARZO_COCA_COLA.xlsx,SALIDAS COCA COLA- ABRIL 29,1,5,COCACOLA PET SIN AZUCAR 400 ML X 12,,BANDEJA,2,,
ENE_-_MARZO_COCA_COLA.xlsx,SALIDAS COCA COLA- ABRIL 29,1,6,FUZE TEA DURAZNO X 400 ML X  6,,BANDEJA,1,,
ENE_-_MARZO_COCA_COLA.xlsx,SALIDAS COCA COLA- ABRIL 29,1,7,FUZE TEA LIMON X 400 ML X 6,,BANDEJA,1,,
ENE_-_MARZO_COCA_COLA.xlsx,SALIDAS COCA COLA- ABRIL 29,1,8,JUGO DEL VALLE 500 MANGO  X 6,,BANDEJA,2,,
ENE_-_MARZO_COCA_COLA.xlsx,SALIDAS COCA COLA- ABRIL 29,1,9,JUGO DEL VALLE 500 MORA X 6,,BANDEJA,3,,
ENE_-_MARZO_COCA_COLA.xlsx,SALIDAS COCA COLA- ABRIL 29,1,10,POWER ADE x 500 ML AZUL X 6,,BANDEJA,2,,
ENE_-_MARZO_COCA_COLA.xlsx,SALIDAS COCA COLA- ABRIL 29,1,11,SPRITE PET 400 ML X 12,,BANDEJA,1,,
ENE_-_MARZO_COCA_COLA.xlsx,SALIDAS COCA COLA- ABRIL 29,2,1,AGUA GAS BRISA LIMON 600 ML X 24,,BANDEJA,2,,
ENE_-_MARZO_COCA_COLA.xlsx,SALIDAS COCA COLA- ABRIL 29,2,2,COCACOLA  PET 400 ML X 12,,BANDEJA,1,,
ENE_-_MARZO_COCA_COLA.xlsx,SALIDAS COCA COLA- ABRIL 29,2,3,COCACOLA PET SIN AZUCAR 400 ML X 12,,BANDEJA,1,,
ENE_-_MARZO_COCA_COLA.xlsx,SALIDAS COCA COLA- ABRIL 29,2,4,FUZE TEA  MANGO- MANZANILL  X 400 ML X  6,,BANDEJA,1,,
ENE_-_MARZO_COCA_COLA.xlsx,SALIDAS COCA COLA- ABRIL 29,2,5,FUZE TEA LIMON X 400 ML X 6,,BANDEJA,1,,
ENE_-_MARZO_COCA_COLA.xlsx,SALIDAS COCA COLA- ABRIL 30,0,1,AGUA BRISA PET 600 ML X 24,,BANDEJA,1,,
ENE_-_MARZO_COCA_COLA.xlsx,SALIDAS COCA COLA- ABRIL 30,0,2,AGUA GAS BRISA LIMON 600 ML 6,,BANDEJA,3,,
ENE_-_MARZO_COCA_COLA.xlsx,SALIDAS COCA COLA- ABRIL 30,0,3,COCACOLA  PET 400 ML X 12,,BANDEJA,3,,
ENE_-_MARZO_COCA_COLA.xlsx,SALIDAS COCA COLA- ABRIL 30,0,4,FUZE TEA DURAZNO X 400 ML X  6,,BANDEJA,2,,
ENE_-_MARZO_COCA_COLA.xlsx,SALIDAS COCA COLA- ABRIL 30,0,5,FUZE TEA LIMON X 400 ML X 6,,BANDEJA,2,,
ENE_-_MARZO_COCA_COLA.xlsx,SALIDAS COCA COLA- ABRIL 30,0,6,JUGO DEL VALLE 500 MANGO  X 6,,BANDEJA,2,,
ENE_-_MARZO_COCA_COLA.xlsx,SALIDAS COCA COLA- ABRIL 30,0,7,JUGO DEL VALLE 500 MORA X 6,,BANDEJA,2,,
ENE_-_MARZO_COCA_COLA.xlsx,SALIDAS COCA COLA- ABRIL 30,0,8,POWER ADE x 500 ML AZUL X 6,,BANDEJA,1,,
ENE_-_MARZO_COCA_COLA.xlsx,SALIDAS COCA COLA- ABRIL 30,0,9,POWER ADE x 500 ML AZUL X 6,,BANDEJA,1,,
ENE_-_MARZO_COCA_COLA.xlsx,SALIDAS COCA COLA- MAYO 12,0,1,AGUA BRISA PET 600 ML X 24,BANDEJA,5,,,
ENE_-_MARZO_COCA_COLA.xlsx,SALIDAS COCA COLA- MAYO 12,0,2,AGUA GAS BRISA LIMON 600 ML 6,BANDEJA,2,,,
ENE_-_MARZO_COCA_COLA.xlsx,SALIDAS COCA COLA- MAYO 12,0,3,COCACOLA  PET 400 ML X 12,BANDEJA,1,,,
ENE_-_MARZO_COCA_COLA.xlsx,SALIDAS COCA COLA- MAYO 12,0,4,COCACOLA  ZERO  PET 400 ML X 12,BANDEJA,1,,,
ENE_-_MARZO_COCA_COLA.xlsx,SALIDAS COCA COLA- MAYO 12,0,5,FUZE TEA MANGO X 400 ML X  6,BANDEJA,1,,,
ENE_-_MARZO_COCA_COLA.xlsx,SALIDAS COCA COLA- MAYO 12,0,6,FUZE TEA NEGRO LIMON X 400 ML X 6,BANDEJA,1,,,
ENE_-_MARZO_COCA_COLA.xlsx,SALIDAS COCA COLA- MAYO 12,1,1,AGUA BRISA PET 600 ML X 24,BANDEJA,2,,,
ENE_-_MARZO_COCA_COLA.xlsx,SALIDAS COCA COLA- MAYO 12,1,2,AGUA GAS BRISA LIMON 600 ML 6,BANDEJA,1,,,
ENE_-_MARZO_COCA_COLA.xlsx,SALIDAS COCA COLA- MAYO 12,1,3,AGUA GAS BRISA  600 ML 6,BANDEJA,1,,,
ENE_-_MARZO_COCA_COLA.xlsx,SALIDAS COCA COLA- MAYO 12,1,4,COCACOLA  PET 400 ML X 12,BANDEJA,6,,,
ENE_-_MARZO_COCA_COLA.xlsx,SALIDAS COCA COLA- MAYO 12,1,5,COCACOLA  ZERO 400 ML X 12,BANDEJA,2,,,
ENE_-_MARZO_COCA_COLA.xlsx,SALIDAS COCA COLA- MAYO 12,1,6,FUZE TEA DURAZNO X 400 ML X  6,BANDEJA,4,,,
ENE_-_MARZO_COCA_COLA.xlsx,SALIDAS COCA COLA- MAYO 12,1,7,FUZE TEA MANZANA X 400 ML X  6,BANDEJA,2,,,
ENE_-_MARZO_COCA_COLA.xlsx,SALIDAS COCA COLA- MAYO 12,1,8,POWER ADE x 500 ML AZUL X 6,BANDEJA,1,,,
ENE_-_MARZO_COCA_COLA.xlsx,SALIDAS COCA COLA- MAYO 12,1,9,POWER ADE x 500 ML ROJO X 6,BANDEJA,2,,,
ENE_-_MARZO_COCA_COLA.xlsx,SALIDAS COCA COLA- MAYO 12,1,10,GASEOSA CUATRO PET 400ML,BANDEJA,2,,,
ENE_-_MARZO_COCA_COLA.xlsx,SALIDAS COCA COLA- MAYO 12,1,11,GASEOSA KOLA ROMAN PET 400ML,BANDEJA,2,,,
ENE_-_MARZO_COCA_COLA.xlsx,SALIDAS COCA COLA- MAYO 12,1,12,JUGO DEL VALLE 500 MORA X 6,BANDEJA,4,,,
ENE_-_MARZO_COCA_COLA.xlsx,SALIDAS COCA COLA- MAYO 12,1,Observaciones:                                                                                                                                                                                               BE : (FVBG1394625),,,,,,
ENE_-_MARZO_COCA_COLA.xlsx,SALIDAS COCA COLA- MAYO 12,1,Espacio para Nombre y firma DESPACHADOR,,Espacio para Nombre y firma RECEPTOR,,,,
ENE_-_MARZO_COCA_COLA.xlsx,SALIDAS COCA COLA- MAYO 12,2,1,AGUA BRISA PET 600 ML X 24,BANDEJA,3,,,
ENE_-_MARZO_COCA_COLA.xlsx,SALIDAS COCA COLA- MAYO 12,2,2,AGUA GAS BRISA  600 ML 6,BANDEJA,2,,,
ENE_-_MARZO_COCA_COLA.xlsx,SALIDAS COCA COLA- MAYO 12,2,3,COCACOLA  PET 400 ML X 12,BANDEJA,2,,,
ENE_-_MARZO_COCA_COLA.xlsx,SALIDAS COCA COLA- MAYO 12,2,4,COCACOLA  ZERO 400 ML X 12,BANDEJA,2,,,
ENE_-_MARZO_COCA_COLA.xlsx,SALIDAS COCA COLA- MAYO 12,2,5,FUZE TEA DURAZNO X 400 ML X  6,BANDEJA,2,,,
ENE_-_MARZO_COCA_COLA.xlsx,SALIDAS COCA COLA- MAYO 12,2,6,FUZE TEA MANZANA X 400 ML X  6,BANDEJA,2,,,
ENE_-_MARZO_COCA_COLA.xlsx,SALIDAS COCA COLA- MAYO 12,2,7,FUZE TEA NEGRO LIMON X 400 ML X  6,BANDEJA,2,,,
ENE_-_MARZO_COCA_COLA.xlsx,SALIDAS COCA COLA- MAYO 12,2,8,FUZE TEA MANGO X 400 ML X  6,BANDEJA,2,,,
ENE_-_MARZO_COCA_COLA.xlsx,SALIDAS COCA COLA- MAYO 12,2,9,POWER ADE x 500 ML AZUL X 6,BANDEJA,1,,,
ENE_-_MARZO_COCA_COLA.xlsx,SALIDAS COCA COLA- MAYO 12,2,10,POWER ADE x 500 ML ROJO X 6,BANDEJA,1,,,
ENE_-_MARZO_COCA_COLA.xlsx,SALIDAS COCA COLA- MAYO 12,2,11,GASEOSA KOLA ROMAN PET 400ML,BANDEJA,1,,,
ENE_-_MARZO_COCA_COLA.xlsx,SALIDAS COCA COLA- MAYO 12,2,12,JUGO DEL VALLE 500 MORA X 6,BANDEJA,2,,,
ENE_-_MARZO_COCA_COLA.xlsx,SALIDAS COCA COLA- MAYO 12,2,13,JUGO DEL VALLE 500 MANGO X 6,BANDEJA,2,,,
ENE_-_MARZO_COCA_COLA.xlsx,SALIDAS COCA COLA- MAYO 12,2,14,,,,,,
ENE_-_MARZO_COCA_COLA.xlsx,SALIDAS COCA COLA- MAYO 12,2,Observaciones:                                                                                                                                                                                               CT: (FVBG1394621),,,,,,
ENE_-_MARZO_COCA_COLA.xlsx,SALIDAS COCA COLA- MAYO 12,2,Espacio para Nombre y firma DESPACHADOR,,Espacio para Nombre y firma RECEPTOR,,,,
ENE_-_MARZO_COCA_COLA.xlsx,SALIDAS COCA COLA MAYO 19,0,1,AGUA BRISA PET 600 ML X 24,BANDEJA,4,,,
ENE_-_MARZO_COCA_COLA.xlsx,SALIDAS COCA COLA MAYO 19,0,2,AGUA GAS BRISA  600 ML 6,BANDEJA,1,,,
ENE_-_MARZO_COCA_COLA.xlsx,SALIDAS COCA COLA MAYO 19,0,3,AGUA  BRISA LIMÓN  600 ML 6,BANDEJA,6,,,
ENE_-_MARZO_COCA_COLA.xlsx,SALIDAS COCA COLA MAYO 19,0,4,COCACOLA  PET 400 ML X 12,BANDEJA,10,,,
ENE_-_MARZO_COCA_COLA.xlsx,SALIDAS COCA COLA MAYO 19,0,5,COCACOLA  ZERO 400 ML X 12,BANDEJA,1,,,
ENE_-_MARZO_COCA_COLA.xlsx,SALIDAS COCA COLA MAYO 19,0,6,FUZE TEA DURAZNO X 400 ML X  6,BANDEJA,1,,,
ENE_-_MARZO_COCA_COLA.xlsx,SALIDAS COCA COLA MAYO 19,0,7,FUZE TEA MANZANA X 400 ML X  6,BANDEJA,1,,,
ENE_-_MARZO_COCA_COLA.xlsx,SALIDAS COCA COLA MAYO 19,0,8,FUZE TEA NEGRO LIMON X 400 ML X  6,BANDEJA,1,,,
ENE_-_MARZO_COCA_COLA.xlsx,SALIDAS COCA COLA MAYO 19,0,9,FUZE TEA MANGO X 400 ML X  6,BANDEJA,1,,,
ENE_-_MARZO_COCA_COLA.xlsx,SALIDAS COCA COLA MAYO 19,0,10,POWER ADE x 500 ML AZUL X 6,BANDEJA,2,,,
ENE_-_MARZO_COCA_COLA.xlsx,SALIDAS COCA COLA MAYO 19,0,11,POWER ADE x 500 ML ROJO X 6,BANDEJA,1,,,
ENE_-_MARZO_COCA_COLA.xlsx,SALIDAS COCA COLA MAYO 19,0,12,GASEOSA SPRITE PET 400ML,BANDEJA,1,,,
ENE_-_MARZO_COCA_COLA.xlsx,SALIDAS COCA COLA MAYO 19,0,13,JUGO DEL VALLE 500 MORA X 6,BANDEJA,1,,,
ENE_-_MARZO_COCA_COLA.xlsx,SALIDAS COCA COLA MAYO 19,0,14,JUGO DEL VALLE 500 MANGO X 6,BANDEJA,1,,,
ENE_-_MARZO_COCA_COLA.xlsx,SALIDAS COCA COLA MAYO 19,0,15,JUGO DEL VALLE 500 MANGO FRESA X 6,BANDEJA,1,,,
ENE_-_MARZO_COCA_COLA.xlsx,SALIDAS COCA COLA MAYO 19,0,16,JUGO DEL VALLE 188 MANGO FRESA X24,BANDEJA,1,,,
ENE_-_MARZO_COCA_COLA.xlsx,SALIDAS COCA COLA MAYO 19,0,Observaciones:                                                                                                                                                                                               CT: (FVBG1423254),,,,,,
ENE_-_MARZO_COCA_COLA.xlsx,SALIDAS COCA COLA MAYO 19,0,Espacio para Nombre y firma DESPACHADOR,,Espacio para Nombre y firma RECEPTOR,,,,
ENE_-_MARZO_COCA_COLA.xlsx,SALIDA COCA COLA MAYO 26,0,1,AGUA BRISA PET 600 ML X 24,BANDEJA,4,,,
ENE_-_MARZO_COCA_COLA.xlsx,SALIDA COCA COLA MAYO 26,0,2,COCACOLA  PET 400 ML X 12,BANDEJA,3,,,
FAMA_AGOSTO.xlsx,AGOSTO 12,0,1,BARRITA CHOCORRAMO,UNIDAD,16,,,
FAMA_AGOSTO.xlsx,AGOSTO 12,0,2,BROWNIE AREQUIPE X 6 UND X 65 GR,UNIDAD,22,,,
FAMA_AGOSTO.xlsx,AGOSTO 12,0,3,CHOCORRAMO TJDA X 65 GR,UNIDAD,25,,,
FAMA_AGOSTO.xlsx,AGOSTO 12,0,4,GALA X 60 GR,PAQUETE,21,,,
FAMA_AGOSTO.xlsx,AGOSTO 12,0,5,GANSITO X 6 X 37 GR,PAQUETE,16,,,
FAMA_AGOSTO.xlsx,AGOSTO 12,0,6,LECHERITA X 8 GALLETAS,PAQUETE,5,,,
FAMA_AGOSTO.xlsx,AGOSTO 12,0,7,LIMONCITAS X8 GALLETAS,PAQUETES,5,,,
FAMA_AGOSTO.xlsx,AGOSTO 12,0,Observaciones: ct:(Factura de venta:FVEB441654),,,,,,
FAMA_AGOSTO.xlsx,AGOSTO 12,0,Espacio para Nombre y firma DESPACHADOR,,Espacio para Nombre y firma RECEPTOR,,,,
FAMA_AGOSTO.xlsx,AGOSTO 19,0,1,BARRITA CHOCORRAMO,UNIDAD,3,,,
FAMA_AGOSTO.xlsx,AGOSTO 19,0,2,BROWNIE AREQUIPE X 6 UND X 65 GR,UNIDAD,14,,,
FAMA_AGOSTO.xlsx,AGOSTO 19,0,3,CHOCORRAMO TJDA X 65 GR,UNIDAD,20,,,
FAMA_AGOSTO.xlsx,AGOSTO 19,0,4,GALA X 60 GR,PAQUETE,15,,,
FAMA_AGOSTO.xlsx,AGOSTO 19,0,5,GANSITO X 6 X 37 GR,PAQUETE,1,,,
FAMA_AGOSTO.xlsx,AGOSTO 19,0,6,LECHERITA X 8 GALLETAS,PAQUETE,3,,,
FAMA_AGOSTO.xlsx,AGOSTO 19,0,7,LIMONCITAS X8 GALLETAS,PAQUETES,2,,,
FAMA_AGOSTO.xlsx,AGOSTO 19,0,Observaciones: ct:(Factura de venta: FVEB442532,,,,,,
FAMA_AGOSTO.xlsx,AGOSTO 19,0,Espacio para Nombre y firma DESPACHADOR,,Espacio para Nombre y firma RECEPTOR,,,,
FAMA_FEBRERO.xlsx,SALIDAS FAMA- FEB 4 BE Y CT (2,0,1,BARRITA CHOCORRAMO,UNIDAD,10,,,
FAMA_FEBRERO.xlsx,SALIDAS FAMA- FEB 4 BE Y CT (2,0,2,BROWNIE AREQUIPE X 6 UND X 65 GR,UNIDAD,12,,,
FAMA_FEBRERO.xlsx,SALIDAS FAMA- FEB 4 BE Y CT (2,0,3,CHOCORRAMO TJDA X 65 GR,UNIDAD,12,,,
FAMA_FEBRERO.xlsx,SALIDAS FAMA- FEB 4 BE Y CT (2,0,4,GALA TAJADA X 60 GR,UNIDAD,15,,,
FAMA_FEBRERO.xlsx,SALIDAS FAMA- FEB 4 BE Y CT (2,0,5,GANSITO X 6 X 37 GR,UNIDAD,12,,,
FAMA_FEBRERO.xlsx,SALIDAS FAMA- FEB 4 BE Y CT (2,0,6,LECHERITA X 8 GALLETAS,UNIDAD,8,,,
FAMA_FEBRERO.xlsx,SALIDAS FAMA- FEB 4 BE Y CT (2,0,Observaciones: BE: (Factura de venta FVEB412760),,,,,,
FAMA_FEBRERO.xlsx,SALIDAS FAMA- FEB 4 BE Y CT (2,0,Espacio para Nombre y firma DESPACHADOR,,Espacio para Nombre y firma RECEPTOR,,,,
FAMA_FEBRERO.xlsx,SALIDAS FAMA- FEB 4 BE Y CT (2,1,1,BARRITA CHOCORRAMO,UNIDAD,15,,,
FAMA_FEBRERO.xlsx,SALIDAS FAMA- FEB 4 BE Y CT (2,1,2,BROWNIE AREQUIPE X 6 UND X 65 GR,UNIDAD,24,,,
FAMA_FEBRERO.xlsx,SALIDAS FAMA- FEB 4 BE Y CT (2,1,3,CHOCORRAMO TJDA X 65 GR,UNIDAD,15,,,
FAMA_FEBRERO.xlsx,SALIDAS FAMA- FEB 4 BE Y CT (2,1,4,GALA TAJADA X 60 GR,UNIDAD,10,,,
FAMA_FEBRERO.xlsx,SALIDAS FAMA- FEB 4 BE Y CT (2,1,5,GANSITO X 6 X 37 GR,UNIDAD,12,,,
FAMA_FEBRERO.xlsx,SALIDAS FAMA- FEB 4 BE Y CT (2,1,6,LECHERITA X 8 GALLETAS,UNIDAD,16,,,
FAMA_FEBRERO.xlsx,SALIDAS FAMA- FEB 4 BE Y CT (2,1,Observaciones: CT: (Factura de venta:FVEB412760),,,,,,
FAMA_FEBRERO.xlsx,SALIDAS FAMA- FEB 4 BE Y CT (2,1,Espacio para Nombre y firma DESPACHADOR,,Espacio para Nombre y firma RECEPTOR,,,,
FAMA_FEBRERO.xlsx,SALIDAS FAMA-FEB 11CT PEN,0,1,BARRITA CHOCORRAMO,UNIDAD,10,,,
FAMA_FEBRERO.xlsx,SALIDAS FAMA-FEB 11CT PEN,0,2,BROWNIE AREQUIPE X 6 UND X 65 GR,CAJA,2,,,
FAMA_FEBRERO.xlsx,SALIDAS FAMA-FEB 11CT PEN,0,3,CHOCORRAMO TJDA X 65 GR,UNIDAD,20,,,
FAMA_FEBRERO.xlsx,SALIDAS FAMA-FEB 11CT PEN,0,4,GALA TAJADA X 60 GR,UNIDAD,10,,,
FAMA_FEBRERO.xlsx,SALIDAS FAMA-FEB 11CT PEN,0,5,GANSITO X 6 X 37 GR,PAQUETE,2,,,
FAMA_FEBRERO.xlsx,SALIDAS FAMA-FEB 11CT PEN,0,6,LECHERITA X 8 GALLETAS,PAQUETE,2,,,
FAMA_FEBRERO.xlsx,SALIDAS FAMA-FEB 11CT PEN,0,7,GALLETAS LIMONCITAS X 8,PAQUETE,2,,,
FAMA_FEBRERO.xlsx,SALIDAS FAMA-FEB 11CT PEN,0,Observaciones: CT: (Factura de venta:FVE414063),,,,,,
FAMA_FEBRERO.xlsx,SALIDAS FAMA-FEB 11CT PEN,0,Espacio para Nombre y firma DESPACHADOR,,Espacio para Nombre y firma RECEPTOR,,,,
FAMA_FEBRERO.xlsx,SALIDAS FAMA-FEB 18BE Y CT (2,0,1,BARRITA CHOCORRAMO,UNIDAD,6,,,
FAMA_FEBRERO.xlsx,SALIDAS FAMA-FEB 18BE Y CT (2,0,2,BROWNIE AREQUIPE X 6 UND X 65 GR,CAJA,1,,,
FAMA_FEBRERO.xlsx,SALIDAS FAMA-FEB 18BE Y CT (2,0,3,CHOCORRAMO TJDA X 65 GR,UNIDAD,8,,,
FAMA_FEBRERO.xlsx,SALIDAS FAMA-FEB 18BE Y CT (2,0,4,GALA TAJADA X 60 GR,UNIDAD,8,,,
FAMA_FEBRERO.xlsx,SALIDAS FAMA-FEB 18BE Y CT (2,0,5,GANSITO X 6 X 37 GR,PAQUETE,1,,,
FAMA_FEBRERO.xlsx,SALIDAS FAMA-FEB 18BE Y CT (2,0,6,LECHERITA X 8 GALLETAS,PAQUETE,1,,,
FAMA_FEBRERO.xlsx,SALIDAS FAMA-FEB 18BE Y CT (2,0,Observaciones: BE: (Factura de venta:FVEB415284),,,,,,
FAMA_FEBRERO.xlsx,SALIDAS FAMA-FEB 18BE Y CT (2,0,Espacio para Nombre y firma DESPACHADOR,,Espacio para Nombre y firma RECEPTOR,,,,
FAMA_FEBRERO.xlsx,SALIDAS FAMA-FEB 18BE Y CT (2,1,,BARRITA CHOCORRAMO,UNIDAD,12,,,
FAMA_FEBRERO.xlsx,SALIDAS FAMA-FEB 18BE Y CT (2,1,,BROWNIE AREQUIPE X 6 UND X 65 GR,CAJA,4,,,
FAMA_FEBRERO.xlsx,SALIDAS FAMA-FEB 18BE Y CT (2,1,,CHOCORRAMO TJDA X 65 GR,UNIDAD,25,,,
FAMA_FEBRERO.xlsx,SALIDAS FAMA-FEB 18BE Y CT (2,1,,GALA TAJADA X 60 GR,UNIDAD,12,,,
FAMA_FEBRERO.xlsx,SALIDAS FAMA-FEB 18BE Y CT (2,1,,GANSITO X 6 X 37 GR,PAQUETE,3,,,
FAMA_FEBRERO.xlsx,SALIDAS FAMA-FEB 18BE Y CT (2,1,,LECHERITA X 8 GALLETAS,PAQUETE,1,,,
FAMA_FEBRERO.xlsx,SALIDAS FAMA-FEB 18BE Y CT (2,1,,GALLETAS LIMONCITAS X 8,PAQUETE,1,,,
FAMA_FEBRERO.xlsx,SALIDAS FAMA-FEB 18BE Y CT (2,1,Observaciones: CT: (Factura de venta:FVEB415284),,,,,,
FAMA_FEBRERO.xlsx,SALIDAS FAMA-FEB 18BE Y CT (2,1,Espacio para Nombre y firma DESPACHADOR,,Espacio para Nombre y firma RECEPTOR,,,,
FAMA_FEBRERO.xlsx,SALIDAS FAMA-FEB 25 BE Y CT  (2,1,1,BARRITA CHOCORRAMO,UNIDAD,12,,,
FAMA_FEBRERO.xlsx,SALIDAS FAMA-FEB 25 BE Y CT  (2,1,2,BROWNIE AREQUIPE X 6 UND X 65 GR,CAJA,3,,,
FAMA_FEBRERO.xlsx,SALIDAS FAMA-FEB 25 BE Y CT  (2,1,3,CHOCORRAMO TJDA X 65 GR,UNIDAD,15,,,
FAMA_FEBRERO.xlsx,SALIDAS FAMA-FEB 25 BE Y CT  (2,1,4,GALA TAJADA X 60 GR,UNIDAD,8,,,
FAMA_FEBRERO.xlsx,SALIDAS FAMA-FEB 25 BE Y CT  (2,1,5,GANSITO X 6 X 37 GR,PAQUETE,2,,,
FAMA_FEBRERO.xlsx,SALIDAS FAMA-FEB 25 BE Y CT  (2,1,6,LECHERITA X 8 GALLETAS,PAQUETE,2,,,
FAMA_FEBRERO.xlsx,SALIDAS FAMA-FEB 25 BE Y CT  (2,1,7,GALLETAS LIMONCITAS X 8,PAQUETE,1,,,
FAMA_FEBRERO.xlsx,SALIDAS FAMA-FEB 25 BE Y CT  (2,1,Observaciones: CT:(Factura de venta:FVEB416366),,,,,,
FAMA_FEBRERO.xlsx,SALIDAS FAMA-FEB 25 BE Y CT  (2,1,Espacio para Nombre y firma DESPACHADOR,,Espacio para Nombre y firma RECEPTOR,,,,
FAMA_FEBRERO.xlsx,SALIDAS FAMA-FEB 25 BE Y CT  (2,2,1,BARRITA CHOCORRAMO,UNIDAD,6,,,
FAMA_FEBRERO.xlsx,SALIDAS FAMA-FEB 25 BE Y CT  (2,2,2,BROWNIE AREQUIPE X 6 UND X 65 GR,UNIDAD,6,,,
FAMA_FEBRERO.xlsx,SALIDAS FAMA-FEB 25 BE Y CT  (2,2,3,CHOCORRAMO TJDA X 65 GR,UNIDAD,6,,,
FAMA_FEBRERO.xlsx,SALIDAS FAMA-FEB 25 BE Y CT  (2,2,4,GALA TAJADA X 60 GR,UNIDAD,6,,,
FAMA_FEBRERO.xlsx,SALIDAS FAMA-FEB 25 BE Y CT  (2,2,5,GANSITO X 6 X 37 GR,PAQUETE,1,,,
FAMA_FEBRERO.xlsx,SALIDAS FAMA-FEB 25 BE Y CT  (2,2,6,LECHERITA X 8 GALLETAS,PAQUETE,2,,,
FAMA_FEBRERO.xlsx,SALIDAS FAMA-FEB 25 BE Y CT  (2,2,7,GALLETAS LIMONCITAS X 8,PAQUETE,2,,,
FAMA_FEBRERO.xlsx,SALIDAS FAMA-FEB 25 BE Y CT  (2,2,Observaciones: A3: (Factura de venta:FVEB416366),,,,,,
FAMA_FEBRERO.xlsx,SALIDAS FAMA-FEB 25 BE Y CT  (2,2,Espacio para Nombre y firma DESPACHADOR,,Espacio para Nombre y firma RECEPTOR,,,,
FAMA_FEBRERO.xlsx,SALIDAS FAMA-MARZO  BE Y CT  (2,0,1,BARRITA CHOCORRAMO,UNIDAD,12,,,
FAMA_FEBRERO.xlsx,SALIDAS FAMA-MARZO  BE Y CT  (2,0,2,BROWNIE AREQUIPE X 6 UND X 65 GR,CAJA,3,,,
FAMA_FEBRERO.xlsx,SALIDAS FAMA-MARZO  BE Y CT  (2,0,3,CHOCORRAMO TJDA X 65 GR,UNIDAD,15,,,
FAMA_FEBRERO.xlsx,SALIDAS FAMA-MARZO  BE Y CT  (2,0,4,GALA TAJADA X 60 GR,UNIDAD,8,,,
FAMA_FEBRERO.xlsx,SALIDAS FAMA-MARZO  BE Y CT  (2,0,5,GANSITO X 6 X 37 GR,PAQUETE,2,,,
FAMA_FEBRERO.xlsx,SALIDAS FAMA-MARZO  BE Y CT  (2,0,6,LECHERITA X 8 GALLETAS,PAQUETE,2,,,
FAMA_FEBRERO.xlsx,SALIDAS FAMA-MARZO  BE Y CT  (2,0,7,GALLETAS LIMONCITAS X 8,PAQUETE,1,,,
FAMA_FEBRERO.xlsx,SALIDAS FAMA-MARZO  BE Y CT  (2,0,Observaciones: CT:(Factura de venta:FFVEB417605),,,,,,
FAMA_FEBRERO.xlsx,SALIDAS FAMA-MARZO  BE Y CT  (2,0,Espacio para Nombre y firma DESPACHADOR,,Espacio para Nombre y firma RECEPTOR,,,,
FAMA_FEBRERO.xlsx,SALIDAS FAMA-MARZO  BE Y CT  (2,1,1,BARRITA CHOCORRAMO,UNIDAD,6,,,
FAMA_FEBRERO.xlsx,SALIDAS FAMA-MARZO  BE Y CT  (2,1,2,BROWNIE AREQUIPE X 6 UND X 65 GR,CAJA,1,,,
FAMA_FEBRERO.xlsx,SALIDAS FAMA-MARZO  BE Y CT  (2,1,3,CHOCORRAMO TJDA X 65 GR,UNIDAD,8,,,
FAMA_FEBRERO.xlsx,SALIDAS FAMA-MARZO  BE Y CT  (2,1,4,GALA TAJADA X 60 GR,UNIDAD,8,,,
FAMA_FEBRERO.xlsx,SALIDAS FAMA-MARZO  BE Y CT  (2,1,5,GANSITO X 6 X 37 GR,PAQUETE,1,,,
FAMA_FEBRERO.xlsx,SALIDAS FAMA-MARZO  BE Y CT  (2,1,6,LECHERITA X 8 GALLETAS,PAQUETE,1,,,
FAMA_FEBRERO.xlsx,SALIDAS FAMA-MARZO  BE Y CT  (2,1,Observaciones: BE: (Factura de venta:FVEB417605),,,,,,
FAMA_FEBRERO.xlsx,SALIDAS FAMA-MARZO  BE Y CT  (2,1,Espacio para Nombre y firma DESPACHADOR,,Espacio para Nombre y firma RECEPTOR,,,,
FAMA_FEBRERO.xlsx,SALIDAS FAMA-MARZO 11 BE YCT,0,1,BARRITA CHOCORRAMO,UNIDAD,15,,,
FAMA_FEBRERO.xlsx,SALIDAS FAMA-MARZO 11 BE YCT,0,2,BROWNIE AREQUIPE X 6 UND X 65 GR,CAJA,,,,
FAMA_FEBRERO.xlsx,SALIDAS FAMA-MARZO 11 BE YCT,0,3,CHOCORRAMO TJDA X 65 GR,UNIDAD,20,,,
FAMA_FEBRERO.xlsx,SALIDAS FAMA-MARZO 11 BE YCT,0,4,GALA TAJADA X 60 GR,UNIDAD,18,,,
FAMA_FEBRERO.xlsx,SALIDAS FAMA-MARZO 11 BE YCT,0,5,GANSITO X 6 X 37 GR,PAQUETE,1,,,
FAMA_FEBRERO.xlsx,SALIDAS FAMA-MARZO 11 BE YCT,0,6,LECHERITA X 8 GALLETAS,PAQUETE,2,,,
FAMA_FEBRERO.xlsx,SALIDAS FAMA-MARZO 11 BE YCT,0,7,GALLETAS LIMONCITAS X 8,PAQUETE,1,,,
FAMA_FEBRERO.xlsx,SALIDAS FAMA-MARZO 11 BE YCT,0,Observaciones: CT:(Factura de venta:FFVEB418805),,,,,,
FAMA_FEBRERO.xlsx,SALIDAS FAMA-MARZO 11 BE YCT,0,Espacio para Nombre y firma DESPACHADOR,,Espacio para Nombre y firma RECEPTOR,,,,
FAMA_FEBRERO.xlsx,SALIDAS FAMA-MARZO 11 BE YCT,1,1,BARRITA CHOCORRAMO,UNIDAD,6,,,
FAMA_FEBRERO.xlsx,SALIDAS FAMA-MARZO 11 BE YCT,1,2,BROWNIE AREQUIPE X 6 UND X 65 GR,CAJA,1,,,
FAMA_FEBRERO.xlsx,SALIDAS FAMA-MARZO 11 BE YCT,1,3,CHOCORRAMO TJDA X 65 GR,UNIDAD,8,,,
FAMA_FEBRERO.xlsx,SALIDAS FAMA-MARZO 11 BE YCT,1,4,GALA TAJADA X 60 GR,UNIDAD,8,,,
FAMA_FEBRERO.xlsx,SALIDAS FAMA-MARZO 11 BE YCT,1,5,GANSITO X 6 X 37 GR,PAQUETE,1,,,
FAMA_FEBRERO.xlsx,SALIDAS FAMA-MARZO 11 BE YCT,1,6,LECHERITA X 8 GALLETAS,PAQUETE,1,,,
FAMA_FEBRERO.xlsx,SALIDAS FAMA-MARZO 11 BE YCT,1,Observaciones: BE:(Factura de venta:FFVEB418805),,,,,,
FAMA_FEBRERO.xlsx,SALIDAS FAMA-MARZO 11 BE YCT,1,Espacio para Nombre y firma DESPACHADOR,,Espacio para Nombre y firma RECEPTOR,,,,
FAMA_FEBRERO.xlsx,"SALIDAS FAMA-MARZO 18 BE,CT,A3",0,1,BARRITA CHOCORRAMO,UNIDAD,15,,,
FAMA_FEBRERO.xlsx,"SALIDAS FAMA-MARZO 18 BE,CT,A3",0,2,BROWNIE AREQUIPE X 6 UND X 65 GR,CAJA,,,,
FAMA_FEBRERO.xlsx,"SALIDAS FAMA-MARZO 18 BE,CT,A3",0,3,CHOCORRAMO TJDA X 65 GR,UNIDAD,50,,,
FAMA_FEBRERO.xlsx,"SALIDAS FAMA-MARZO 18 BE,CT,A3",0,4,GALA TAJADA X 60 GR,UNIDAD,18,,,
FAMA_FEBRERO.xlsx,"SALIDAS FAMA-MARZO 18 BE,CT,A3",0,5,GANSITO X 6 X 37 GR,PAQUETE,3,,,
FAMA_FEBRERO.xlsx,"SALIDAS FAMA-MARZO 18 BE,CT,A3",0,6,LECHERITA X 8 GALLETAS,PAQUETE,3,,,
FAMA_FEBRERO.xlsx,"SALIDAS FAMA-MARZO 18 BE,CT,A3",0,7,GALLETAS LIMONCITAS X 8,PAQUETE,1,,,
FAMA_FEBRERO.xlsx,"SALIDAS FAMA-MARZO 18 BE,CT,A3",0,Observaciones: CT:(Factura de venta:FVEB420030),,,,,,
FAMA_FEBRERO.xlsx,"SALIDAS FAMA-MARZO 18 BE,CT,A3",0,Espacio para Nombre y firma DESPACHADOR,,Espacio para Nombre y firma RECEPTOR,,,,
FAMA_FEBRERO.xlsx,"SALIDAS FAMA-MARZO 18 BE,CT,A3",1,1,BARRITA CHOCORRAMO,UNIDAD,,,,
FAMA_FEBRERO.xlsx,"SALIDAS FAMA-MARZO 18 BE,CT,A3",1,2,BROWNIE AREQUIPE X 6 UND X 65 GR,CAJA,1,,,
FAMA_FEBRERO.xlsx,"SALIDAS FAMA-MARZO 18 BE,CT,A3",1,3,CHOCORRAMO TJDA X 65 GR,UNIDAD,6,,,
FAMA_FEBRERO.xlsx,"SALIDAS FAMA-MARZO 18 BE,CT,A3",1,4,GALA TAJADA X 60 GR,UNIDAD,,,,
FAMA_FEBRERO.xlsx,"SALIDAS FAMA-MARZO 18 BE,CT,A3",1,5,GANSITO X 6 X 37 GR,PAQUETE,2,,,
FAMA_FEBRERO.xlsx,"SALIDAS FAMA-MARZO 18 BE,CT,A3",1,6,LECHERITA X 8 GALLETAS,PAQUETE,,,,
FAMA_FEBRERO.xlsx,"SALIDAS FAMA-MARZO 18 BE,CT,A3",1,Observaciones: BE:(Factura de venta:FVEB420030),,,,,,
FAMA_FEBRERO.xlsx,"SALIDAS FAMA-MARZO 18 BE,CT,A3",1,Espacio para Nombre y firma DESPACHADOR,,Espacio para Nombre y firma RECEPTOR,,,,
FAMA_FEBRERO.xlsx,"SALIDAS FAMA-MARZO 18 BE,CT,A3",2,1,BARRITA CHOCORRAMO,UNIDAD,5,,,
FAMA_FEBRERO.xlsx,"SALIDAS FAMA-MARZO 18 BE,CT,A3",2,2,BROWNIE AREQUIPE X 6 UND X 65 GR,UNIDAD,6,,,
FAMA_FEBRERO.xlsx,"SALIDAS FAMA-MARZO 18 BE,CT,A3",2,3,CHOCORRAMO TJDA X 65 GR,UNIDAD,5,,,
FAMA_FEBRERO.xlsx,"SALIDAS FAMA-MARZO 18 BE,CT,A3",2,4,GALA TAJADA X 60 GR,UNIDAD,6,,,
FAMA_FEBRERO.xlsx,"SALIDAS FAMA-MARZO 18 BE,CT,A3",2,5,GANSITO X 6 X 37 GR,PAQUETE,1,,,
FAMA_FEBRERO.xlsx,"SALIDAS FAMA-MARZO 18 BE,CT,A3",2,6,LECHERITA X 8 GALLETAS,PAQUETE,,,,
FAMA_FEBRERO.xlsx,"SALIDAS FAMA-MARZO 18 BE,CT,A3",2,7,GALLETAS LIMONCITAS X 8,PAQUETE,,,,
FAMA_FEBRERO.xlsx,"SALIDAS FAMA-MARZO 18 BE,CT,A3",2,Observaciones: A3:(Factura de venta:FVEB420030),,,,,,
FAMA_FEBRERO.xlsx,"SALIDAS FAMA-MARZO 18 BE,CT,A3",2,Espacio para Nombre y firma DESPACHADOR,,Espacio para Nombre y firma RECEPTOR,,,,
FAMA_FEBRERO.xlsx,"SALIDAS FAMA-ABRIL28 BE,CT,A3",0,1,BARRITA CHOCORRAMO,UNIDAD,15,,,
FAMA_FEBRERO.xlsx,"SALIDAS FAMA-ABRIL28 BE,CT,A3",0,2,BROWNIE AREQUIPE X 6 UND X 65 GR,UNIDAD,12,,,
FAMA_FEBRERO.xlsx,"SALIDAS FAMA-ABRIL28 BE,CT,A3",0,3,CHOCORRAMO TJDA X 65 GR,UNIDAD,15,,,
FAMA_FEBRERO.xlsx,"SALIDAS FAMA-ABRIL28 BE,CT,A3",0,4,GANSITO X 6 X 37 GR,PAQUETE,1,,,
FAMA_FEBRERO.xlsx,"SALIDAS FAMA-ABRIL28 BE,CT,A3",0,5,LECHERITA X 8 GALLETAS,PAQUETE,1,,,
FAMA_FEBRERO.xlsx,"SALIDAS FAMA-ABRIL28 BE,CT,A3",0,6,GALLETAS LIMONCITAS X 8,PAQUETE,2,,,
FAMA_FEBRERO.xlsx,"SALIDAS FAMA-ABRIL28 BE,CT,A3",0,Observaciones: CT:(Factura de venta:FVEBXX),,,,,,
FAMA_FEBRERO.xlsx,"SALIDAS FAMA-ABRIL28 BE,CT,A3",0,Espacio para Nombre y firma DESPACHADOR,,Espacio para Nombre y firma RECEPTOR,,,,
FAMA_FEBRERO.xlsx,"SALIDAS FAMA-ABRIL28 BE,CT,A3",1,1,BARRITA CHOCORRAMO,UNIDAD,4,,,
FAMA_FEBRERO.xlsx,"SALIDAS FAMA-ABRIL28 BE,CT,A3",1,2,BROWNIE AREQUIPE X 6 UND X 65 GR,UNIDAD,6,,,
FAMA_FEBRERO.xlsx,"SALIDAS FAMA-ABRIL28 BE,CT,A3",1,3,CHOCORRAMO TJDA X 65 GR,UNIDAD,4,,,
FAMA_FEBRERO.xlsx,"SALIDAS FAMA-ABRIL28 BE,CT,A3",1,4,GALA TAJADA X 60 GR,UNIDAD,2,,,
FAMA_FEBRERO.xlsx,"SALIDAS FAMA-ABRIL28 BE,CT,A3",1,Observaciones: BE:(Factura de venta:FVEBXXX),,,,,,
FAMA_FEBRERO.xlsx,"SALIDAS FAMA-ABRIL28 BE,CT,A3",1,Espacio para Nombre y firma DESPACHADOR,,Espacio para Nombre y firma RECEPTOR,,,,
FAMA_FEBRERO.xlsx,"SALIDAS FAMA-ABRIL28 BE,CT,A3",2,1,BARRITA CHOCORRAMO,UNIDAD,,,,
FAMA_FEBRERO.xlsx,"SALIDAS FAMA-ABRIL28 BE,CT,A3",2,2,BROWNIE AREQUIPE X 6 UND X 65 GR,UNIDAD,,,,
FAMA_FEBRERO.xlsx,"SALIDAS FAMA-ABRIL28 BE,CT,A3",2,3,CHOCORRAMO TJDA X 65 GR,UNIDAD,,,,
FAMA_FEBRERO.xlsx,"SALIDAS FAMA-ABRIL28 BE,CT,A3",2,4,GALA TAJADA X 60 GR,UNIDAD,,,,
FAMA_FEBRERO.xlsx,"SALIDAS FAMA-ABRIL28 BE,CT,A3",2,5,GANSITO X 6 X 37 GR,PAQUETE,,,,
FAMA_FEBRERO.xlsx,"SALIDAS FAMA-ABRIL28 BE,CT,A3",2,6,LECHERITA X 8 GALLETAS,PAQUETE,,,,
FAMA_FEBRERO.xlsx,"SALIDAS FAMA-ABRIL28 BE,CT,A3",2,7,GALLETAS LIMONCITAS X 8,PAQUETE,,,,
FAMA_FEBRERO.xlsx,"SALIDAS FAMA-ABRIL28 BE,CT,A3",2,Observaciones: A3:(Factura de venta:FVEBXX),,,,,,
FAMA_FEBRERO.xlsx,"SALIDAS FAMA-ABRIL28 BE,CT,A3",2,Espacio para Nombre y firma DESPACHADOR,,Espacio para Nombre y firma RECEPTOR,,,,
FAMA_FEBRERO.xlsx,SALIDAS FAMA-6 MAYO ,0,1,BARRITA CHOCORRAMO,UNIDAD,5,,,
FAMA_FEBRERO.xlsx,SALIDAS FAMA-6 MAYO ,0,2,BROWNIE AREQUIPE X 6 UND X 65 GR,UNIDAD,10,,,
FAMA_FEBRERO.xlsx,SALIDAS FAMA-6 MAYO ,0,3,CHOCORRAMO TJDA X 65 GR,UNIDAD,10,,,
FAMA_FEBRERO.xlsx,SALIDAS FAMA-6 MAYO ,0,4,GALA TAJADA X 60 GR,UNIDAD,9,,,
FAMA_FEBRERO.xlsx,SALIDAS FAMA-6 MAYO ,0,5,LECHERITA X 8 GALLETAS,PAQUETES,1,,,
FAMA_FEBRERO.xlsx,SALIDAS FAMA-6 MAYO ,0,6,GANSITO X 6 X 37 GR,PAQUETE,12,,,
FAMA_FEBRERO.xlsx,SALIDAS FAMA-6 MAYO ,0,,LIMONCITAS X8 GALLETAS,PAQUETES,1,,,
FAMA_FEBRERO.xlsx,SALIDAS FAMA-6 MAYO ,0,Observaciones: BE:(Factura de venta:FVEB427867),,,,,,
FAMA_FEBRERO.xlsx,SALIDAS FAMA-6 MAYO ,0,Espacio para Nombre y firma DESPACHADOR,,Espacio para Nombre y firma RECEPTOR,,,,
FAMA_FEBRERO.xlsx,SALIDAS FAMA-6 MAYO ,1,1,BARRITA CHOCORRAMO,UNIDAD,15,,,
FAMA_FEBRERO.xlsx,SALIDAS FAMA-6 MAYO ,1,2,BROWNIE AREQUIPE X 6 UND X 65 GR,UNIDAD,12,,,
FAMA_FEBRERO.xlsx,SALIDAS FAMA-6 MAYO ,1,3,CHOCORRAMO TJDA X 65 GR,UNIDAD,15,,,
FAMA_FEBRERO.xlsx,SALIDAS FAMA-6 MAYO ,1,4,GANSITO X 6 X 37 GR,PAQUETE,1,,,
FAMA_FEBRERO.xlsx,SALIDAS FAMA-6 MAYO ,1,5,LECHERITA X 8 GALLETAS,PAQUETE,1,,,
FAMA_FEBRERO.xlsx,SALIDAS FAMA-6 MAYO ,1,6,LIMONCITAS X8 GALLETAS,PAQUETES,2,,,
FAMA_FEBRERO.xlsx,SALIDAS FAMA-6 MAYO ,1,7,,,,,,
FAMA_FEBRERO.xlsx,SALIDAS FAMA-6 MAYO ,1,Observaciones: ct:(Factura de venta:FVEB427867),,,,,,
FAMA_FEBRERO.xlsx,SALIDAS FAMA-6 MAYO ,1,Espacio para Nombre y firma DESPACHADOR,,Espacio para Nombre y firma RECEPTOR,,,,
FAMA_FEBRERO.xlsx,SALIDAS FAMA-13 MAYO,0,1,BARRITA CHOCORRAMO,UNIDAD,5,,,
FAMA_FEBRERO.xlsx,SALIDAS FAMA-13 MAYO,0,2,BROWNIE AREQUIPE X 6 UND X 65 GR,CAJA,1,,,
FAMA_FEBRERO.xlsx,SALIDAS FAMA-13 MAYO,0,3,CHOCORRAMO TJDA X 65 GR,UNIDAD,15,,,
FAMA_FEBRERO.xlsx,SALIDAS FAMA-13 MAYO,0,4,GALA TAJADA X 60 GR,UNIDAD,20,,,
FAMA_FEBRERO.xlsx,SALIDAS FAMA-13 MAYO,0,5,GANSITO X 6 X 37 GR,PAQUETE,2,,,
FAMA_FEBRERO.xlsx,SALIDAS FAMA-13 MAYO,0,6,LECHERITA X 8 GALLETAS,PAQUETE,1,,,
FAMA_FEBRERO.xlsx,SALIDAS FAMA-13 MAYO,0,7,GALLETAS LIMONCITAS X 8,PAQUETE,1,,,
FAMA_FEBRERO.xlsx,SALIDAS FAMA-13 MAYO,0,Observaciones: A3:(Factura de venta:FVEB429060),,,,,,
FAMA_FEBRERO.xlsx,SALIDAS FAMA-13 MAYO,0,Espacio para Nombre y firma DESPACHADOR,,Espacio para Nombre y firma RECEPTOR,,,,
FAMA_FEBRERO.xlsx,SALIDAS FAMA-13 MAYO,1,1,BARRITA CHOCORRAMO,UNIDAD,6,,,
FAMA_FEBRERO.xlsx,SALIDAS FAMA-13 MAYO,1,2,BROWNIE AREQUIPE X 6 UND X 65 GR,UNIDAD,,,,
FAMA_FEBRERO.xlsx,SALIDAS FAMA-13 MAYO,1,3,CHOCORRAMO TJDA X 65 GR,UNIDAD,,,,
FAMA_FEBRERO.xlsx,SALIDAS FAMA-13 MAYO,1,4,GALA TAJADA X 60 GR,UNIDAD,,,,
FAMA_FEBRERO.xlsx,SALIDAS FAMA-13 MAYO,1,5,LECHERITA X 8 GALLETAS,PAQUETES,3,,,
FAMA_FEBRERO.xlsx,SALIDAS FAMA-13 MAYO,1,6,GANSITO X 6 X 37 GR,PAQUETE,2,,,
FAMA_FEBRERO.xlsx,SALIDAS FAMA-13 MAYO,1,Observaciones: BE:(Factura de venta:FVEB429060),,,,,,
FAMA_FEBRERO.xlsx,SALIDAS FAMA-13 MAYO,1,Espacio para Nombre y firma DESPACHADOR,,Espacio para Nombre y firma RECEPTOR,,,,
FAMA_FEBRERO.xlsx,SALIDAS FAMA-13 MAYO,2,1,BARRITA CHOCORRAMO,UNIDAD,,,,
FAMA_FEBRERO.xlsx,SALIDAS FAMA-13 MAYO,2,2,BROWNIE AREQUIPE X 6 UND X 65 GR,UNIDAD,,,,
FAMA_FEBRERO.xlsx,SALIDAS FAMA-13 MAYO,2,3,CHOCORRAMO TJDA X 65 GR,UNIDAD,,,,
FAMA_FEBRERO.xlsx,SALIDAS FAMA-13 MAYO,2,4,GALA TAJADA X 60 GR,UNIDAD,,,,
FAMA_FEBRERO.xlsx,SALIDAS FAMA-13 MAYO,2,5,GANSITO X 6 X 37 GR,PAQUETE,,,,
FAMA_FEBRERO.xlsx,SALIDAS FAMA-13 MAYO,2,6,LECHERITA X 8 GALLETAS,PAQUETE,,,,
FAMA_FEBRERO.xlsx,SALIDAS FAMA-13 MAYO,2,7,GALLETAS LIMONCITAS X 8,PAQUETE,,,,
FAMA_FEBRERO.xlsx,SALIDAS FAMA-13 MAYO,2,Observaciones: CT:(Factura de venta:FVEBXX),,,,,,
FAMA_FEBRERO.xlsx,SALIDAS FAMA-13 MAYO,2,Espacio para Nombre y firma DESPACHADOR,,Espacio para Nombre y firma RECEPTOR,,,,
FAMA_FEBRERO.xlsx,SALIDAS FAMA 20 MAYO,0,1,BROWNIE AREQUIPE X 6 UND X 65 GR,UNIDAD,5,,,
FAMA_FEBRERO.xlsx,SALIDAS FAMA 20 MAYO,0,2,CHOCORRAMO TJDA X 65 GR,UNIDAD,5,,,
FAMA_FEBRERO.xlsx,SALIDAS FAMA 20 MAYO,0,3,GALA TAJADA X 60 GR,UNIDAD,10,,,
FAMA_FEBRERO.xlsx,SALIDAS FAMA 20 MAYO,0,4,LECHERITA X 8 GALLETAS,PAQUETES,1,,,
FAMA_FEBRERO.xlsx,SALIDAS FAMA 20 MAYO,0,5,LIMONCITAS X8 GALLETAS,PAQUETES,1,,,
FAMA_FEBRERO.xlsx,SALIDAS FAMA 20 MAYO,0,6,,,,,,
FAMA_FEBRERO.xlsx,SALIDAS FAMA 20 MAYO,0,Observaciones: BE:(Factura de venta:FVEB429995),,,,,,
FAMA_FEBRERO.xlsx,SALIDAS FAMA 20 MAYO,0,Espacio para Nombre y firma DESPACHADOR,,Espacio para Nombre y firma RECEPTOR,,,,
FAMA_FEBRERO.xlsx,SALIDAS FAMA 20 MAYO,1,1,BARRITA CHOCORRAMO,UNIDAD,20,,,
FAMA_FEBRERO.xlsx,SALIDAS FAMA 20 MAYO,1,2,BROWNIE AREQUIPE X 6 UND X 65 GR,UNIDAD,13,,,
FAMA_FEBRERO.xlsx,SALIDAS FAMA 20 MAYO,1,3,CHOCORRAMO TJDA X 65 GR,UNIDAD,20,,,
FAMA_FEBRERO.xlsx,SALIDAS FAMA 20 MAYO,1,4,GALA X 60 GR,PAQUETE,10,,,
FAMA_FEBRERO.xlsx,SALIDAS FAMA 20 MAYO,1,5,GANSITO X 6 X 37 GR,PAQUETE,2,,,
FAMA_FEBRERO.xlsx,SALIDAS FAMA 20 MAYO,1,6,LECHERITA X 8 GALLETAS,PAQUETE,1,,,
FAMA_FEBRERO.xlsx,SALIDAS FAMA 20 MAYO,1,7,LIMONCITAS X8 GALLETAS,PAQUETES,1,,,
FAMA_FEBRERO.xlsx,SALIDAS FAMA 20 MAYO,1,Observaciones: ct:(Factura de venta:FVEB429995),,,,,,
FAMA_FEBRERO.xlsx,SALIDAS FAMA 20 MAYO,1,Espacio para Nombre y firma DESPACHADOR,,Espacio para Nombre y firma RECEPTOR,,,,
FAMA_FEBRERO.xlsx,SALIDAS FAMA 20 MAYO,2,1,BARRITA CHOCORRAMO,UNIDAD,3,,,
FAMA_FEBRERO.xlsx,SALIDAS FAMA 20 MAYO,2,2,BROWNIE AREQUIPE X 6 UND X 65 GR,UNIDAD,6,,,
FAMA_FEBRERO.xlsx,SALIDAS FAMA 20 MAYO,2,3,CHOCORRAMO TJDA X 65 GR,UNIDAD,5,,,
FAMA_FEBRERO.xlsx,SALIDAS FAMA 20 MAYO,2,4,GALA TAJADA X 60 GR,UNIDAD,5,,,
FAMA_FEBRERO.xlsx,SALIDAS FAMA 20 MAYO,2,5,GANSITO X 6 X 37 GR,PAQUETE,1,,,
FAMA_FEBRERO.xlsx,SALIDAS FAMA 20 MAYO,2,6,LECHERITA X 8 GALLETAS,PAQUETE,1,,,
FAMA_FEBRERO.xlsx,SALIDAS FAMA 20 MAYO,2,Observaciones: A3:(Factura de venta:FVEB429995),,,,,,
FAMA_FEBRERO.xlsx,SALIDAS FAMA 20 MAYO,2,Espacio para Nombre y firma DESPACHADOR,,Espacio para Nombre y firma RECEPTOR,,,,
FAMA_FEBRERO.xlsx,SALIDAS FAMA 27 MAYO,0,1,BARRITA CHOCORRAMO,UNIDAD,10,,,
FAMA_FEBRERO.xlsx,SALIDAS FAMA 27 MAYO,0,2,BROWNIE AREQUIPE X 6 UND X 65 GR,UNIDAD,15,,,
FAMA_FEBRERO.xlsx,SALIDAS FAMA 27 MAYO,0,3,CHOCORRAMO TJDA X 65 GR,UNIDAD,15,,,
FAMA_FEBRERO.xlsx,SALIDAS FAMA 27 MAYO,0,4,GALA X 60 GR,PAQUETE,20,,,
FAMA_FEBRERO.xlsx,SALIDAS FAMA 27 MAYO,0,5,GANSITO X 6 X 37 GR,PAQUETE,12,,,
FAMA_FEBRERO.xlsx,SALIDAS FAMA 27 MAYO,0,6,LECHERITA X 8 GALLETAS,PAQUETE,1,,,
FAMA_FEBRERO.xlsx,SALIDAS FAMA 27 MAYO,0,7,LIMONCITAS X8 GALLETAS,PAQUETES,1,,,
FAMA_FEBRERO.xlsx,SALIDAS FAMA 27 MAYO,0,Observaciones: ct:(Factura de venta:FVEB431074),,,,,,
FAMA_FEBRERO.xlsx,SALIDAS FAMA 27 MAYO,0,Espacio para Nombre y firma DESPACHADOR,,Espacio para Nombre y firma RECEPTOR,,,,
FEBRERO__VICKY_.xlsx,VIKCYDF,0,1,CHICHARRON CARNUDO NAT x6,BOLSA,,,,
FEBRERO__VICKY_.xlsx,VIKCYDF,0,2,CHICHARRON CARNUDO PICANTE x6,BOLSA,,,,
FEBRERO__VICKY_.xlsx,VIKCYDF,0,3,MIXTON BBQ x6,BOLSA,,,,
FEBRERO__VICKY_.xlsx,VIKCYDF,0,4,MIXTON NATx6,BOLSA,,,,
FEBRERO__VICKY_.xlsx,VIKCYDF,0,5,PAPA MAYONESA  x6,BOLSA,,,,
FEBRERO__VICKY_.xlsx,VIKCYDF,0,6,PAPA BBQx6,BOLSA,,,,
FEBRERO__VICKY_.xlsx,VIKCYDF,0,7,PAPA POLLO x7,DISPLAY,5,,,
FEBRERO__VICKY_.xlsx,VIKCYDF,0,8,PAPA CEBOLLITAS,UNIDAD,33,,,
FEBRERO__VICKY_.xlsx,VIKCYDF,0,9,ROSQUILLAS DE QUESO x6,BOLSA,,,,
FEBRERO__VICKY_.xlsx,VIKCYDF,0,10,TROCILLOS x6,BOLSA,,,,
FEBRERO__VICKY_.xlsx,VIKCYDF,0,11,PLATANO SALADO x6,BOLSA,,,,
FEBRERO__VICKY_.xlsx,VIKCYDF,0,12,PLATANO AGRIDULCE,BOLSA,,,,
FEBRERO__VICKY_.xlsx,VIKCYDF,0,Observaciones: FEBF-056059,,,,,,
FEBRERO__VICKY_.xlsx,VIKCYDF,0,Espacio para Nombre y firma DESPACHADOR,,Espacio para Nombre y firma RECEPTOR,,,,
FEBRERO__VICKY_.xlsx,VIKCYDF (CF),0,1,CHICHARRON CARNUDO NAT x6,BOLSA,,,,
FEBRERO__VICKY_.xlsx,VIKCYDF (CF),0,2,CHICHARRON CARNUDO PICANTE x6,BOLSA,,,,
FEBRERO__VICKY_.xlsx,VIKCYDF (CF),0,3,MIXTON BBQ x6,BOLSA,,,,
FEBRERO__VICKY_.xlsx,VIKCYDF (CF),0,4,MIXTON NATx6,BOLSA,,,,
FEBRERO__VICKY_.xlsx,VIKCYDF (CF),0,5,PAPA MAYONESA  x6,BOLSA,,,,
FEBRERO__VICKY_.xlsx,VIKCYDF (CF),0,6,PAPA BBQx6,BOLSA,,,,
FEBRERO__VICKY_.xlsx,VIKCYDF (CF),0,7,PAPA POLLO x7,BOLSA,1,,,
FEBRERO__VICKY_.xlsx,VIKCYDF (CF),0,8,PAPA CEBOLLITAS,BOLSA,,,,
FEBRERO__VICKY_.xlsx,VIKCYDF (CF),0,9,ROSQUILLAS DE QUESO x6,BOLSA,1,,,
FEBRERO__VICKY_.xlsx,VIKCYDF (CF),0,10,TROCILLOS x6,BOLSA,1,,,
FEBRERO__VICKY_.xlsx,VIKCYDF (CF),0,11,PLATANO SALADO x6,BOLSA,1,,,
FEBRERO__VICKY_.xlsx,VIKCYDF (CF),0,12,PLATANO AGRIDULCE,BOLSA,1,,,
FEBRERO__VICKY_.xlsx,VIKCYDF (CF),0,Observaciones:,,,,,,
FEBRERO__VICKY_.xlsx,VIKCYDF (CF),0,Espacio para Nombre y firma DESPACHADOR,,Espacio para Nombre y firma RECEPTOR,,,,
FEBRERO__VICKY_.xlsx,VIKCYDF (CF),1,1,CHICHARRON CARNUDO NAT x6,BOLSA,,,,
FEBRERO__VICKY_.xlsx,VIKCYDF (CF),1,2,CHICHARRON CARNUDO PICANTE x6,BOLSA,,,,
FEBRERO__VICKY_.xlsx,VIKCYDF (CF),1,3,MIXTON BBQ x6,BOLSA,,,,
FEBRERO__VICKY_.xlsx,VIKCYDF (CF),1,4,MIXTON NATx6,BOLSA,,,,
FEBRERO__VICKY_.xlsx,VIKCYDF (CF),1,5,PAPA MAYONESA  x6,BOLSA,,,,
FEBRERO__VICKY_.xlsx,VIKCYDF (CF),1,6,PAPA BBQx6,BOLSA,,,,
FEBRERO__VICKY_.xlsx,VIKCYDF (CF),1,7,PAPA POLLO x7,BOLSA,1,,,
FEBRERO__VICKY_.xlsx,VIKCYDF (CF),1,8,PAPA CEBOLLITAS,BOLSA,,,,
FEBRERO__VICKY_.xlsx,VIKCYDF (CF),1,9,ROSQUILLAS DE QUESO x6,BOLSA,1,,,
FEBRERO__VICKY_.xlsx,VIKCYDF (CF),1,10,TROCILLOS x6,BOLSA,1,,,
FEBRERO__VICKY_.xlsx,VIKCYDF (CF),1,11,PLATANO SALADO x6,BOLSA,1,,,
FEBRERO__VICKY_.xlsx,VIKCYDF (CF),1,12,PLATANO AGRIDULCE,BOLSA,1,,,
FEBRERO__VICKY_.xlsx,VIKCYDF (CF),1,Observaciones:,,,,,,
FEBRERO__VICKY_.xlsx,VIKCYDF (CF),1,Espacio para Nombre y firma DESPACHADOR,,Espacio para Nombre y firma RECEPTOR,,,,
FEBRERO__VICKY_.xlsx,VIKCYDF (CF),2,1,CHICHARRON CARNUDO NAT x6,BOLSA,1,,,
FEBRERO__VICKY_.xlsx,VIKCYDF (CF),2,2,CHICHARRON CARNUDO PICANTE x6,BOLSA,1,,,
FEBRERO__VICKY_.xlsx,VIKCYDF (CF),2,3,MIXTON BBQ x6,BOLSA,,,,
FEBRERO__VICKY_.xlsx,VIKCYDF (CF),2,4,MIXTON NATx6,BOLSA,,,,
FEBRERO__VICKY_.xlsx,VIKCYDF (CF),2,5,PAPA MAYONESA  x6,BOLSA,1,,,
FEBRERO__VICKY_.xlsx,VIKCYDF (CF),2,6,PAPA BBQx6,BOLSA,1,,,
FEBRERO__VICKY_.xlsx,VIKCYDF (CF),2,7,PAPA POLLO x7,BOLSA,1,,,
FEBRERO__VICKY_.xlsx,VIKCYDF (CF),2,8,ROSQUILLAS DE QUESO x6,BOLSA,1,,,
FEBRERO__VICKY_.xlsx,VIKCYDF (CF),2,9,TROCILLOS x6,BOLSA,1,,,
FEBRERO__VICKY_.xlsx,VIKCYDF (CF),2,10,PLATANO SALADO x6,BOLSA,1,,,
FEBRERO__VICKY_.xlsx,VIKCYDF (CF),2,11,PLATANO AGRIDULCE,BOLSA,1,,,
FEBRERO__VICKY_.xlsx,VIKCYDF (CF),2,Observaciones:,,,,,,
FEBRERO__VICKY_.xlsx,VIKCYDF (CF),2,Espacio para Nombre y firma DESPACHADOR,,Espacio para Nombre y firma RECEPTOR,,,,
FEBRERO__VICKY_.xlsx,VIKCYDF 3,0,1,CHICHARRON CARNUDO NATURAL 30 g  bolsa x 6,BOLSA,1,,,
FEBRERO__VICKY_.xlsx,VIKCYDF 3,0,2,MIXTO BBQ 40 g  bolsa x 6,BOLSA,1,,,
FEBRERO__VICKY_.xlsx,VIKCYDF 3,0,3,TROCILLO SABOR POLLO 25 g,BOLSA,1,,,
FEBRERO__VICKY_.xlsx,VIKCYDF 3,0,4,PLATANO VERDE KAHOY 60 g,BOLSA,1,,,
NEOFRUT_AGOSTO.xlsx,AGOSTO 10,0,,PULPA SIN DOSIFICAR,,,,,
NEOFRUT_AGOSTO.xlsx,AGOSTO 10,0,1,PULPA DE MARACUYA,LIBRAS,,,,
NEOFRUT_AGOSTO.xlsx,AGOSTO 10,0,2,PULPA DE MANGO,LIBRAS,,,,
NEOFRUT_AGOSTO.xlsx,AGOSTO 10,0,3,PULPA DE NARANJA,LIBRAS,,,,
NEOFRUT_AGOSTO.xlsx,AGOSTO 10,1,,PULPA SIN DOSIFICAR,,,,,
NEOFRUT_AGOSTO.xlsx,AGOSTO 10,1,1,PULPA DE MARACUYA,LIBRAS,8,,,
NEOFRUT_AGOSTO.xlsx,AGOSTO 10,1,2,PULPA DE LULO,LIBRAS,8,,,
NEOFRUT_AGOSTO.xlsx,AGOSTO 10,1,3,PULPA DE MANGO,LIBRAS,8,,,
NEOFRUT_AGOSTO.xlsx,AGOSTO 10,1,4,PULPA DE LIMON,LIBRAS,8,,,
NEOFRUT_AGOSTO.xlsx,AGOSTO 10,1,5,PULPA DE PIÑA,LIBRAS,,,,
NEOFRUT_AGOSTO.xlsx,AGOSTO 10,1,6,PULPA DE FRESA,LIBRAS,8,,,
NEOFRUT_AGOSTO.xlsx,AGOSTO 10,1,7,PULPA DE DURAZNO,LIBRAS,8,,,
NEOFRUT_AGOSTO.xlsx,AGOSTO 10,1,8,PULPA DE MORA,LIBRAS,8,,,
NEOFRUT_AGOSTO.xlsx,AGOSTO 10,1,9,PULPA DE NARANJA,LIBRAS,8,,,
NEOFRUT_AGOSTO.xlsx,AGOSTO 10,1,Observaciones:,,,,,,
NEOFRUT_AGOSTO.xlsx,AGOSTO 10,1,Espacio para Nombre y firma DESPACHADOR,,Espacio para Nombre y firma RECEPTOR,,,,
NEOFRUT_AGOSTO.xlsx,AGOSTO 10,2,,PULPA SIN DOSIFICAR,,,,,
NEOFRUT_AGOSTO.xlsx,AGOSTO 10,2,1,PULPA DE MARACUYA,LIBRAS,8,,,
NEOFRUT_AGOSTO.xlsx,AGOSTO 10,2,2,PULPA DE LULO,LIBRAS,8,,,
NEOFRUT_AGOSTO.xlsx,AGOSTO 10,2,3,PULPA DE MANGO,LIBRAS,8,,,
NEOFRUT_AGOSTO.xlsx,AGOSTO 10,2,4,PULPA DE LIMON,LIBRAS,4,,,
NEOFRUT_AGOSTO.xlsx,AGOSTO 10,2,5,PULPA DE PIÑA,LIBRAS,4,,,
NEOFRUT_AGOSTO.xlsx,AGOSTO 10,2,6,PULPA DE FRESA,LIBRAS,8,,,
NEOFRUT_AGOSTO.xlsx,AGOSTO 10,2,7,PULPA DE DURAZNO,LIBRAS,8,,,
NEOFRUT_AGOSTO.xlsx,AGOSTO 10,2,8,PULPA DE MORA,LIBRAS,8,,,
NEOFRUT_AGOSTO.xlsx,AGOSTO 10,2,9,PULPA DE NARANJA,LIBRAS,8,,,
NEOFRUT_AGOSTO.xlsx,AGOSTO 10,2,Observaciones:,,,,,,
NEOFRUT_AGOSTO.xlsx,AGOSTO 10,2,Espacio para Nombre y firma DESPACHADOR,,Espacio para Nombre y firma RECEPTOR,,,,
NEOFRUT_AGOSTO.xlsx,AGOSTO 18,0,,PULPA SIN DOSIFICAR,,,,,
NEOFRUT_AGOSTO.xlsx,AGOSTO 18,0,1,PULPA DE MARACUYA,LIBRAS,2,,,
NEOFRUT_AGOSTO.xlsx,AGOSTO 18,0,2,PULPA DE LULO,LIBRAS,2,,,
NEOFRUT_AGOSTO.xlsx,AGOSTO 18,0,3,PULPA DE MANGO,LIBRAS,2,,,
NEOFRUT_AGOSTO.xlsx,AGOSTO 18,0,4,PULPA DE LIMON,LIBRAS,2,,,
NEOFRUT_AGOSTO.xlsx,AGOSTO 18,0,5,PULPA DE PIÑA,LIBRAS,,,,
NEOFRUT_AGOSTO.xlsx,AGOSTO 18,0,6,PULPA DE FRESA,LIBRAS,2,,,
NEOFRUT_AGOSTO.xlsx,AGOSTO 18,0,7,PULPA DE DURAZNO,LIBRAS,2,,,
NEOFRUT_AGOSTO.xlsx,AGOSTO 18,0,8,PULPA DE MORA,LIBRAS,2,,,
NEOFRUT_AGOSTO.xlsx,AGOSTO 18,0,9,PULPA DE NARANJA,LIBRAS,2,,,
NEOFRUT_AGOSTO.xlsx,AGOSTO 18,0,Observaciones:,,,,,,
NEOFRUT_AGOSTO.xlsx,AGOSTO 18,0,Espacio para Nombre y firma DESPACHADOR,,Espacio para Nombre y firma RECEPTOR,,,,
NEOFRUT_AGOSTO.xlsx,AGOSTO 18,1,,PULPA SIN DOSIFICAR,,,,,
NEOFRUT_AGOSTO.xlsx,AGOSTO 18,1,1,PULPA DE MARACUYA,LIBRAS,8,,,
NEOFRUT_AGOSTO.xlsx,AGOSTO 18,1,2,PULPA DE LULO,LIBRAS,8,,,
NEOFRUT_AGOSTO.xlsx,AGOSTO 18,1,3,PULPA DE MANGO,LIBRAS,8,,,
NEOFRUT_AGOSTO.xlsx,AGOSTO 18,1,4,PULPA DE LIMON,LIBRAS,8,,,
NEOFRUT_AGOSTO.xlsx,AGOSTO 18,1,5,PULPA DE PIÑA,LIBRAS,8,,,
NEOFRUT_AGOSTO.xlsx,AGOSTO 18,1,6,PULPA DE FRESA,LIBRAS,8,,,
NEOFRUT_AGOSTO.xlsx,AGOSTO 18,1,7,PULPA DE DURAZNO,LIBRAS,8,,,
NEOFRUT_AGOSTO.xlsx,AGOSTO 18,1,8,PULPA DE MORA,LIBRAS,8,,,
NEOFRUT_AGOSTO.xlsx,AGOSTO 18,1,9,PULPA DE NARANJA,LIBRAS,8,,,
NEOFRUT_AGOSTO.xlsx,AGOSTO 18,1,Observaciones:,,,,,,
NEOFRUT_AGOSTO.xlsx,AGOSTO 18,1,Espacio para Nombre y firma DESPACHADOR,,Espacio para Nombre y firma RECEPTOR,,,,
NEOFRUT_AGOSTO.xlsx,AGOSTO 18,2,,PULPA SIN DOSIFICAR,,,,,
NEOFRUT_AGOSTO.xlsx,AGOSTO 18,2,1,PULPA DE MARACUYA,LIBRAS,12,,,
NEOFRUT_AGOSTO.xlsx,AGOSTO 18,2,2,PULPA DE LULO,LIBRAS,12,,,
NEOFRUT_AGOSTO.xlsx,AGOSTO 18,2,3,PULPA DE MANGO,LIBRAS,8,,,
NEOFRUT_AGOSTO.xlsx,AGOSTO 18,2,4,PULPA DE LIMON,LIBRAS,8,,,
NEOFRUT_AGOSTO.xlsx,AGOSTO 18,2,5,PULPA DE PIÑA,LIBRAS,8,,,
NEOFRUT_AGOSTO.xlsx,AGOSTO 18,2,6,PULPA DE FRESA,LIBRAS,12,,,
NEOFRUT_AGOSTO.xlsx,AGOSTO 18,2,7,PULPA DE DURAZNO,LIBRAS,8,,,
NEOFRUT_AGOSTO.xlsx,AGOSTO 18,2,8,PULPA DE MORA,LIBRAS,12,,,
NEOFRUT_AGOSTO.xlsx,AGOSTO 18,2,9,PULPA DE NARANJA,LIBRAS,12,,,
NEOFRUT_AGOSTO.xlsx,AGOSTO 18,2,Observaciones:,,,,,,
NEOFRUT_AGOSTO.xlsx,AGOSTO 18,2,Espacio para Nombre y firma DESPACHADOR,,Espacio para Nombre y firma RECEPTOR,,,,
_NEOFRUT_XLS_CONVERTED.xlsx,NEOFRUT MARZO 16 (2),0,,PULPA DE MARACUYA,LIBRAS,4,,,
_NEOFRUT_XLS_CONVERTED.xlsx,NEOFRUT MARZO 16 (2),0,,PULPA DE LULO,LIBRAS,4,,,
_NEOFRUT_XLS_CONVERTED.xlsx,NEOFRUT MARZO 16 (2),0,,PULPA DE MANGO,LIBRAS,4,,,
_NEOFRUT_XLS_CONVERTED.xlsx,NEOFRUT MARZO 16 (2),0,,PULPA DE LIMON,LIBRAS,4,,,
_NEOFRUT_XLS_CONVERTED.xlsx,NEOFRUT MARZO 16 (2),0,,PULPA DE PIÑA,LIBRAS,4,,,
_NEOFRUT_XLS_CONVERTED.xlsx,NEOFRUT MARZO 16 (2),0,,PULPA DE FRESA,LIBRAS,4,,,
_NEOFRUT_XLS_CONVERTED.xlsx,NEOFRUT MARZO 16 (2),0,,PULPA DE DURAZNO,LIBRAS,4,,,
_NEOFRUT_XLS_CONVERTED.xlsx,NEOFRUT MARZO 16 (2),0,,PULPA DE MORA,LIBRAS,4,,,
_NEOFRUT_XLS_CONVERTED.xlsx,NEOFRUT MARZO 16 (2),0,,PULPA DE NARANJA,LIBRAS,4,,,
_NEOFRUT_XLS_CONVERTED.xlsx,NEOFRUT MARZO 16 (2),0,Observaciones:,,,,,,
_NEOFRUT_XLS_CONVERTED.xlsx,NEOFRUT MARZO 16 (2),0,Espacio para Nombre y firma DESPACHADOR,,Espacio para Nombre y firma RECEPTOR,,,,
_NEOFRUT_XLS_CONVERTED.xlsx,NEOFRUTFEB 9 CT Y BE,0,,PULPA SIN DOSIFICAR,,,,,
_NEOFRUT_XLS_CONVERTED.xlsx,NEOFRUTFEB 9 CT Y BE,0,1,PULPA DE MARACUYA,LIBRAS,6,,,
_NEOFRUT_XLS_CONVERTED.xlsx,NEOFRUTFEB 9 CT Y BE,0,2,PULPA DE LULO,LIBRAS,6,,,
_NEOFRUT_XLS_CONVERTED.xlsx,NEOFRUTFEB 9 CT Y BE,0,3,PULPA DE MANGO,LIBRAS,6,,,
_NEOFRUT_XLS_CONVERTED.xlsx,NEOFRUTFEB 9 CT Y BE,0,4,PULPA DE LIMON,LIBRAS,,,,
_NEOFRUT_XLS_CONVERTED.xlsx,NEOFRUTFEB 9 CT Y BE,0,5,PULPA DE PIÑA,LIBRAS,6,,,
_NEOFRUT_XLS_CONVERTED.xlsx,NEOFRUTFEB 9 CT Y BE,0,6,PULPA DE FRESA,LIBRAS,,,,
_NEOFRUT_XLS_CONVERTED.xlsx,NEOFRUTFEB 9 CT Y BE,0,7,PULPA DE DURAZNO,LIBRAS,,,,
_NEOFRUT_XLS_CONVERTED.xlsx,NEOFRUTFEB 9 CT Y BE,0,8,PULPA DE MORA,LIBRAS,6,,,
_NEOFRUT_XLS_CONVERTED.xlsx,NEOFRUTFEB 9 CT Y BE,0,9,PULPA DE NARANJA,LIBRAS,8,,,
_NEOFRUT_XLS_CONVERTED.xlsx,NEOFRUTFEB 9 CT Y BE,0,10,,,,,,
_NEOFRUT_XLS_CONVERTED.xlsx,NEOFRUTFEB 9 CT Y BE,0,Observaciones:,,,,,,
_NEOFRUT_XLS_CONVERTED.xlsx,NEOFRUTFEB 9 CT Y BE,0,Espacio para Nombre y firma DESPACHADOR,,Espacio para Nombre y firma RECEPTOR,,,,
_NEOFRUT_XLS_CONVERTED.xlsx,NEOFRUTFEB 9 CT Y BE,1,,PULPA SIN DOSIFICAR,,,,,
_NEOFRUT_XLS_CONVERTED.xlsx,NEOFRUTFEB 9 CT Y BE,1,1,PULPA DE MARACUYA,LIBRAS,12,,,
_NEOFRUT_XLS_CONVERTED.xlsx,NEOFRUTFEB 9 CT Y BE,1,2,PULPA DE LULO,LIBRAS,12,,,
_NEOFRUT_XLS_CONVERTED.xlsx,NEOFRUTFEB 9 CT Y BE,1,3,PULPA DE MANGO,LIBRAS,8,,,
_NEOFRUT_XLS_CONVERTED.xlsx,NEOFRUTFEB 9 CT Y BE,1,4,PULPA DE LIMON,LIBRAS,4,,,
_NEOFRUT_XLS_CONVERTED.xlsx,NEOFRUTFEB 9 CT Y BE,1,5,PULPA DE PIÑA,LIBRAS,,,,
_NEOFRUT_XLS_CONVERTED.xlsx,NEOFRUTFEB 9 CT Y BE,1,6,PULPA DE FRESA,LIBRAS,8,,,
_NEOFRUT_XLS_CONVERTED.xlsx,NEOFRUTFEB 9 CT Y BE,1,7,PULPA DE DURAZNO,LIBRAS,4,,,
_NEOFRUT_XLS_CONVERTED.xlsx,NEOFRUTFEB 9 CT Y BE,1,8,PULPA DE MORA,LIBRAS,12,,,
_NEOFRUT_XLS_CONVERTED.xlsx,NEOFRUTFEB 9 CT Y BE,1,9,PULPA DE NARANJA,LIBRAS,,,,
_NEOFRUT_XLS_CONVERTED.xlsx,NEOFRUTFEB 9 CT Y BE,1,10,,,,,,
_NEOFRUT_XLS_CONVERTED.xlsx,NEOFRUTFEB 9 CT Y BE,1,Observaciones:,,,,,,
_NEOFRUT_XLS_CONVERTED.xlsx,NEOFRUTFEB 9 CT Y BE,1,Espacio para Nombre y firma DESPACHADOR,,Espacio para Nombre y firma RECEPTOR,,,,
_NEOFRUT_XLS_CONVERTED.xlsx,NEOFRUT ENER CT-PRO-BE-A3,0,1,PULPA SIN DOSIFICAR,,,,,
_NEOFRUT_XLS_CONVERTED.xlsx,NEOFRUT ENER CT-PRO-BE-A3,0,2,PULPA DE MARACUYA,16,,,,
_NEOFRUT_XLS_CONVERTED.xlsx,NEOFRUT ENER CT-PRO-BE-A3,0,3,PULPA DE LULO,12,,,,
_NEOFRUT_XLS_CONVERTED.xlsx,NEOFRUT ENER CT-PRO-BE-A3,0,4,PULPA DE MANGO,20,,,,
_NEOFRUT_XLS_CONVERTED.xlsx,NEOFRUT ENER CT-PRO-BE-A3,0,5,PULPA DE LIMON,12,,,,
_NEOFRUT_XLS_CONVERTED.xlsx,NEOFRUT ENER CT-PRO-BE-A3,0,6,PULPA DE PIÑA,8,,,,
_NEOFRUT_XLS_CONVERTED.xlsx,NEOFRUT ENER CT-PRO-BE-A3,0,7,PULPA DE FRESA,12,,,,
_NEOFRUT_XLS_CONVERTED.xlsx,NEOFRUT ENER CT-PRO-BE-A3,0,8,PULPA DE DURAZNO,20,,,,
_NEOFRUT_XLS_CONVERTED.xlsx,NEOFRUT ENER CT-PRO-BE-A3,0,9,PULPA DE MORA,12,,,,
_NEOFRUT_XLS_CONVERTED.xlsx,NEOFRUT ENER CT-PRO-BE-A3,0,10,PULPA DE NARANJA,12,,,,
_NEOFRUT_XLS_CONVERTED.xlsx,NEOFRUT ENER CT-PRO-BE-A3,0,11,PULPA TROPICAL,12,,,,
_NEOFRUT_XLS_CONVERTED.xlsx,NEOFRUT ENER CT-PRO-BE-A3,0,Observaciones:,,,,,,
_NEOFRUT_XLS_CONVERTED.xlsx,NEOFRUT ENER CT-PRO-BE-A3,0,Espacio para Nombre y firma DESPACHADOR,,Espacio para Nombre y firma RECEPTOR,,,,
_NEOFRUT_XLS_CONVERTED.xlsx,NEOFRUT ENER CT-PRO-BE-A3,1,,PULPA SIN DOSIFICAR,,,,,
_NEOFRUT_XLS_CONVERTED.xlsx,NEOFRUT ENER CT-PRO-BE-A3,1,1,PULPA DE MARACUYA,12,,,,
_NEOFRUT_XLS_CONVERTED.xlsx,NEOFRUT ENER CT-PRO-BE-A3,1,2,PULPA DE LULO,12,,,,
_NEOFRUT_XLS_CONVERTED.xlsx,NEOFRUT ENER CT-PRO-BE-A3,1,3,PULPA DE MANGO,12,,,,
_NEOFRUT_XLS_CONVERTED.xlsx,NEOFRUT ENER CT-PRO-BE-A3,1,4,PULPA DE LIMON,8,,,,
_NEOFRUT_XLS_CONVERTED.xlsx,NEOFRUT ENER CT-PRO-BE-A3,1,5,PULPA DE PIÑA,12,,,,
_NEOFRUT_XLS_CONVERTED.xlsx,NEOFRUT ENER CT-PRO-BE-A3,1,6,PULPA DE DURAZNO,12,,,,
_NEOFRUT_XLS_CONVERTED.xlsx,NEOFRUT ENER CT-PRO-BE-A3,1,7,PULPA DE MORA,12,,,,
_NEOFRUT_XLS_CONVERTED.xlsx,NEOFRUT ENER CT-PRO-BE-A3,1,8,PULPA DE NARANJA,12,,,,
_NEOFRUT_XLS_CONVERTED.xlsx,NEOFRUT ENER CT-PRO-BE-A3,1,Observaciones:,,,,,,
_NEOFRUT_XLS_CONVERTED.xlsx,NEOFRUT ENER CT-PRO-BE-A3,1,Espacio para Nombre y firma DESPACHADOR,,Espacio para Nombre y firma RECEPTOR,,,,
_NEOFRUT_XLS_CONVERTED.xlsx,NEOFRUT ENER CT-PRO-BE-A3,2,,PULPA SIN DOSIFICAR,,,,,
_NEOFRUT_XLS_CONVERTED.xlsx,NEOFRUT ENER CT-PRO-BE-A3,2,1,PULPA DE MARACUYA,16,,,,
_NEOFRUT_XLS_CONVERTED.xlsx,NEOFRUT ENER CT-PRO-BE-A3,2,2,PULPA DE LULO,16,,,,
_NEOFRUT_XLS_CONVERTED.xlsx,NEOFRUT ENER CT-PRO-BE-A3,2,3,PULPA DE MANGO,8,,,,
_NEOFRUT_XLS_CONVERTED.xlsx,NEOFRUT ENER CT-PRO-BE-A3,2,4,PULPA DE LIMON,8,,,,
_NEOFRUT_XLS_CONVERTED.xlsx,NEOFRUT ENER CT-PRO-BE-A3,2,5,PULPA DE PIÑA,8,,,,
_NEOFRUT_XLS_CONVERTED.xlsx,NEOFRUT ENER CT-PRO-BE-A3,2,6,PULPA DE FRESA,8,,,,
_NEOFRUT_XLS_CONVERTED.xlsx,NEOFRUT ENER CT-PRO-BE-A3,2,7,PULPA DE DURAZNO,8,,,,
_NEOFRUT_XLS_CONVERTED.xlsx,NEOFRUT ENER CT-PRO-BE-A3,2,8,PULPA DE MORA,8,,,,
_NEOFRUT_XLS_CONVERTED.xlsx,NEOFRUT ENER CT-PRO-BE-A3,2,9,PULPA DE NARANJA,12,,,,
_NEOFRUT_XLS_CONVERTED.xlsx,NEOFRUT ENER CT-PRO-BE-A3,2,Observaciones:,,,,,,
_NEOFRUT_XLS_CONVERTED.xlsx,NEOFRUT ENER CT-PRO-BE-A3,2,Espacio para Nombre y firma DESPACHADOR,,Espacio para Nombre y firma RECEPTOR,,,,
_NEOFRUT_XLS_CONVERTED.xlsx,NEOFRUT ENER CT-PRO-BE-A3,3,,PULPA SIN DOSIFICAR,,,,,
_NEOFRUT_XLS_CONVERTED.xlsx,NEOFRUT ENER CT-PRO-BE-A3,3,1,PULPA DE MARACUYA,4,,,,
_NEOFRUT_XLS_CONVERTED.xlsx,NEOFRUT ENER CT-PRO-BE-A3,3,2,PULPA DE LULO,4,,,,
_NEOFRUT_XLS_CONVERTED.xlsx,NEOFRUT ENER CT-PRO-BE-A3,3,3,PULPA DE MANGO,4,,,,
_NEOFRUT_XLS_CONVERTED.xlsx,NEOFRUT ENER CT-PRO-BE-A3,3,4,PULPA DE LIMON,4,,,,
_NEOFRUT_XLS_CONVERTED.xlsx,NEOFRUT ENER CT-PRO-BE-A3,3,5,PULPA DE PIÑA,4,,,,
_NEOFRUT_XLS_CONVERTED.xlsx,NEOFRUT ENER CT-PRO-BE-A3,3,6,PULPA DE FRESA,4,,,,
_NEOFRUT_XLS_CONVERTED.xlsx,NEOFRUT ENER CT-PRO-BE-A3,3,7,PULPA DE DURAZNO,4,,,,
_NEOFRUT_XLS_CONVERTED.xlsx,NEOFRUT ENER CT-PRO-BE-A3,3,8,PULPA DE MORA,4,,,,
_NEOFRUT_XLS_CONVERTED.xlsx,NEOFRUT ENER CT-PRO-BE-A3,3,9,PULPA DE NARANJA,4,,,,
_NEOFRUT_XLS_CONVERTED.xlsx,NEOFRUT ENER CT-PRO-BE-A3,3,Observaciones:,,,,,,
_NEOFRUT_XLS_CONVERTED.xlsx,NEOFRUT ENER CT-PRO-BE-A3,3,Espacio para Nombre y firma DESPACHADOR,,Espacio para Nombre y firma RECEPTOR,,,,
_NEOFRUT_XLS_CONVERTED.xlsx,NEOFRUT FEB 13,0,,PULPA SIN DOSIFICAR,,,,,
_NEOFRUT_XLS_CONVERTED.xlsx,NEOFRUT FEB 13,0,1,PULPA DE MARACUYA,4,,,,
_NEOFRUT_XLS_CONVERTED.xlsx,NEOFRUT FEB 13,0,2,PULPA DE LULO,4,,,,
_NEOFRUT_XLS_CONVERTED.xlsx,NEOFRUT FEB 13,0,3,PULPA DE MANGO,4,,,,
_NEOFRUT_XLS_CONVERTED.xlsx,NEOFRUT FEB 13,0,4,PULPA DE LIMON,4,,,,
_NEOFRUT_XLS_CONVERTED.xlsx,NEOFRUT FEB 13,0,5,PULPA DE PIÑA,4,,,,
_NEOFRUT_XLS_CONVERTED.xlsx,NEOFRUT FEB 13,0,6,PULPA DE FRESA,4,,,,
_NEOFRUT_XLS_CONVERTED.xlsx,NEOFRUT FEB 13,0,7,PULPA DE DURAZNO,4,,,,
_NEOFRUT_XLS_CONVERTED.xlsx,NEOFRUT FEB 13,0,8,PULPA DE MORA,4,,,,
_NEOFRUT_XLS_CONVERTED.xlsx,NEOFRUT FEB 13,0,9,PULPA DE NARANJA,4,,,,
_NEOFRUT_XLS_CONVERTED.xlsx,NEOFRUT FEB 13,0,Observaciones:,,,,,,
_NEOFRUT_XLS_CONVERTED.xlsx,NEOFRUT FEB 13,0,Espacio para Nombre y firma DESPACHADOR,,Espacio para Nombre y firma RECEPTOR,,,,
_NEOFRUT_XLS_CONVERTED.xlsx,NEOFRUT FEB 16,0,,PULPA SIN DOSIFICAR,,,,,
_NEOFRUT_XLS_CONVERTED.xlsx,NEOFRUT FEB 16,0,1,PULPA DE LULO,LIBRAS,4,,,
_NEOFRUT_XLS_CONVERTED.xlsx,NEOFRUT FEB 16,0,2,PULPA DE LIMON,LIBRAS,8,,,
_NEOFRUT_XLS_CONVERTED.xlsx,NEOFRUT FEB 16,0,3,PULPA DE DURAZNO,LIBRAS,4,,,
_NEOFRUT_XLS_CONVERTED.xlsx,NEOFRUT FEB 16,0,4,PULPA DE MORA,LIBRAS,8,,,
_NEOFRUT_XLS_CONVERTED.xlsx,NEOFRUT FEB 16,0,5,PULPA DE NARANJA,LIBRAS,8,,,
_NEOFRUT_XLS_CONVERTED.xlsx,NEOFRUT FEB 16,0,6,,,,,,
_NEOFRUT_XLS_CONVERTED.xlsx,NEOFRUT FEB 16,0,7,,,,,,
_NEOFRUT_XLS_CONVERTED.xlsx,NEOFRUT FEB 16,0,8,,,,,,
_NEOFRUT_XLS_CONVERTED.xlsx,NEOFRUT FEB 16,0,9,,,,,,
_NEOFRUT_XLS_CONVERTED.xlsx,NEOFRUT FEB 16,0,Observaciones:FE15195,,,,,,
_NEOFRUT_XLS_CONVERTED.xlsx,NEOFRUT FEB 16,0,Espacio para Nombre y firma DESPACHADOR,,Espacio para Nombre y firma RECEPTOR,,,,
_NEOFRUT_XLS_CONVERTED.xlsx,NEOFRUT FEB 23,0,1,PULPA DE MARACUYA,LIBRAS,12,,,
_NEOFRUT_XLS_CONVERTED.xlsx,NEOFRUT FEB 23,0,2,PULPA DE LULO,LIBRAS,8,,,
_NEOFRUT_XLS_CONVERTED.xlsx,NEOFRUT FEB 23,0,3,PULPA DE MANGO,LIBRAS,8,,,
_NEOFRUT_XLS_CONVERTED.xlsx,NEOFRUT FEB 23,0,4,PULPA DE PIÑA,LIBRAS,4,,,
_NEOFRUT_XLS_CONVERTED.xlsx,NEOFRUT FEB 23,0,5,PULPA DE FRESA,LIBRAS,8,,,
_NEOFRUT_XLS_CONVERTED.xlsx,NEOFRUT FEB 23,0,6,PULPA DE MORA,LIBRAS,12,,,
_NEOFRUT_XLS_CONVERTED.xlsx,NEOFRUT FEB 23,0,7,PULPA DE NARANJA,LIBRAS,12,,,
_NEOFRUT_XLS_CONVERTED.xlsx,NEOFRUT FEB 23,0,8,PULPA DE LIMON,LIBRAS,8,,,
_NEOFRUT_XLS_CONVERTED.xlsx,NEOFRUT FEB 23,0,9,PULPA DURAZNO,LIBRAS,8,,,
_NEOFRUT_XLS_CONVERTED.xlsx,NEOFRUT FEB 23,0,Observaciones: FE 125257,,,,,,
_NEOFRUT_XLS_CONVERTED.xlsx,NEOFRUT FEB 23,0,Espacio para Nombre y firma DESPACHADOR,,Espacio para Nombre y firma RECEPTOR,,,,
_NEOFRUT_XLS_CONVERTED.xlsx,NEOFRUT FEB 24,0,1,PULPA DE MARACUYA,LIBRAS,8,,,
_NEOFRUT_XLS_CONVERTED.xlsx,NEOFRUT FEB 24,0,2,PULPA DE LULO,LIBRAS,8,,,
_NEOFRUT_XLS_CONVERTED.xlsx,NEOFRUT FEB 24,0,3,PULPA DE MANGO,LIBRAS,12,,,
_NEOFRUT_XLS_CONVERTED.xlsx,NEOFRUT FEB 24,0,4,PULPA DE LIMON,LIBRAS,2,,,
_NEOFRUT_XLS_CONVERTED.xlsx,NEOFRUT FEB 24,0,5,PULPA DE PIÑA,LIBRAS,4,,,
_NEOFRUT_XLS_CONVERTED.xlsx,NEOFRUT FEB 24,0,6,PULPA DE FRESA,LIBRAS,4,,,
_NEOFRUT_XLS_CONVERTED.xlsx,NEOFRUT FEB 24,0,7,PULPA DE DURAZNO,LIBRAS,8,,,
_NEOFRUT_XLS_CONVERTED.xlsx,NEOFRUT FEB 24,0,8,PULPA DE MORA,LIBRAS,8,,,
_NEOFRUT_XLS_CONVERTED.xlsx,NEOFRUT FEB 24,0,9,PULPA DE NARANJA,LIBRAS,8,,,
_NEOFRUT_XLS_CONVERTED.xlsx,NEOFRUT FEB 24,0,Observaciones: FE 15284,,,,,,
_NEOFRUT_XLS_CONVERTED.xlsx,NEOFRUT FEB 24,0,Espacio para Nombre y firma DESPACHADOR,,Espacio para Nombre y firma RECEPTOR,,,,
_NEOFRUT_XLS_CONVERTED.xlsx,NEOFRUT MARZO 3,0,1,PULPA DE MARACUYA,LIBRAS,8,,,
_NEOFRUT_XLS_CONVERTED.xlsx,NEOFRUT MARZO 3,0,2,PULPA DE LULO,LIBRAS,8,,,
_NEOFRUT_XLS_CONVERTED.xlsx,NEOFRUT MARZO 3,0,3,PULPA DE MANGO,LIBRAS,8,,,
_NEOFRUT_XLS_CONVERTED.xlsx,NEOFRUT MARZO 3,0,4,PULPA DE LIMON,LIBRAS,4,,,
_NEOFRUT_XLS_CONVERTED.xlsx,NEOFRUT MARZO 3,0,5,PULPA DE PIÑA,LIBRAS,4,,,
_NEOFRUT_XLS_CONVERTED.xlsx,NEOFRUT MARZO 3,0,6,PULPA DE FRESA,LIBRAS,8,,,
_NEOFRUT_XLS_CONVERTED.xlsx,NEOFRUT MARZO 3,0,7,PULPA DE DURAZNO,LIBRAS,8,,,
_NEOFRUT_XLS_CONVERTED.xlsx,NEOFRUT MARZO 3,0,8,PULPA DE MORA,LIBRAS,8,,,
_NEOFRUT_XLS_CONVERTED.xlsx,NEOFRUT MARZO 3,0,9,PULPA DE NARANJA,LIBRAS,8,,,
_NEOFRUT_XLS_CONVERTED.xlsx,NEOFRUT MARZO 3,0,Observaciones:,,,,,,
_NEOFRUT_XLS_CONVERTED.xlsx,NEOFRUT MARZO 3,0,Espacio para Nombre y firma DESPACHADOR,,Espacio para Nombre y firma RECEPTOR,,,,
_NEOFRUT_XLS_CONVERTED.xlsx,NEOFRUT MARZO 3,1,1,PULPA DE MARACUYA,4,,,,
_NEOFRUT_XLS_CONVERTED.xlsx,NEOFRUT MARZO 3,1,2,PULPA DE LULO,4,,,,
_NEOFRUT_XLS_CONVERTED.xlsx,NEOFRUT MARZO 3,1,3,PULPA DE MANGO,4,,,,
_NEOFRUT_XLS_CONVERTED.xlsx,NEOFRUT MARZO 3,1,4,PULPA DE LIMON,4,,,,
_NEOFRUT_XLS_CONVERTED.xlsx,NEOFRUT MARZO 3,1,5,PULPA DE PIÑA,4,,,,
_NEOFRUT_XLS_CONVERTED.xlsx,NEOFRUT MARZO 3,1,6,PULPA DE FRESA,4,,,,
_NEOFRUT_XLS_CONVERTED.xlsx,NEOFRUT MARZO 3,1,7,PULPA DE DURAZNO,4,,,,
_NEOFRUT_XLS_CONVERTED.xlsx,NEOFRUT MARZO 3,1,8,PULPA DE MORA,4,,,,
_NEOFRUT_XLS_CONVERTED.xlsx,NEOFRUT MARZO 3,1,9,PULPA DE NARANJA,4,,,,
_NEOFRUT_XLS_CONVERTED.xlsx,NEOFRUT MARZO 3,1,Observaciones:,,,,,,
_NEOFRUT_XLS_CONVERTED.xlsx,NEOFRUT MARZO 3,1,Espacio para Nombre y firma DESPACHADOR,,Espacio para Nombre y firma RECEPTOR,,,,
_NEOFRUT_XLS_CONVERTED.xlsx,NEOFRUT MARZO 9,0,1,PULPA DE MARACUYA,LIBRAS,12,,,
_NEOFRUT_XLS_CONVERTED.xlsx,NEOFRUT MARZO 9,0,2,PULPA DE LULO,LIBRAS,12,,,
_NEOFRUT_XLS_CONVERTED.xlsx,NEOFRUT MARZO 9,0,3,PULPA DE MANGO,LIBRAS,8,,,
_NEOFRUT_XLS_CONVERTED.xlsx,NEOFRUT MARZO 9,0,4,PULPA DE LIMON,LIBRAS,8,,,
_NEOFRUT_XLS_CONVERTED.xlsx,NEOFRUT MARZO 9,0,5,PULPA DE PIÑA,LIBRAS,8,,,
_NEOFRUT_XLS_CONVERTED.xlsx,NEOFRUT MARZO 9,0,6,PULPA DE FRESA,LIBRAS,8,,,
_NEOFRUT_XLS_CONVERTED.xlsx,NEOFRUT MARZO 9,0,7,PULPA DE DURAZNO,LIBRAS,4,,,
_NEOFRUT_XLS_CONVERTED.xlsx,NEOFRUT MARZO 9,0,8,PULPA DE MORA,LIBRAS,12,,,
_NEOFRUT_XLS_CONVERTED.xlsx,NEOFRUT MARZO 9,0,9,PULPA DE NARANJA,LIBRAS,8,,,
_NEOFRUT_XLS_CONVERTED.xlsx,NEOFRUT MARZO 9,0,Observaciones:,,,,,,
_NEOFRUT_XLS_CONVERTED.xlsx,NEOFRUT MARZO 9,0,Espacio para Nombre y firma DESPACHADOR,,Espacio para Nombre y firma RECEPTOR,,,,
_NEOFRUT_XLS_CONVERTED.xlsx,NEOFRUT MARZO 11,0,1,PULPA DE MARACUYA,LIBRAS,12,,,
_NEOFRUT_XLS_CONVERTED.xlsx,NEOFRUT MARZO 11,0,2,PULPA DE LULO,LIBRAS,12,,,
_NEOFRUT_XLS_CONVERTED.xlsx,NEOFRUT MARZO 11,0,3,PULPA DE MANGO,LIBRAS,12,,,
_NEOFRUT_XLS_CONVERTED.xlsx,NEOFRUT MARZO 11,0,4,PULPA DE LIMON,LIBRAS,4,,,
_NEOFRUT_XLS_CONVERTED.xlsx,NEOFRUT MARZO 11,0,5,PULPA DE PIÑA,LIBRAS,12,,,
_NEOFRUT_XLS_CONVERTED.xlsx,NEOFRUT MARZO 11,0,6,PULPA DE FRESA,LIBRAS,12,,,
_NEOFRUT_XLS_CONVERTED.xlsx,NEOFRUT MARZO 11,0,7,PULPA DE DURAZNO,LIBRAS,8,,,
_NEOFRUT_XLS_CONVERTED.xlsx,NEOFRUT MARZO 11,0,8,PULPA DE MORA,LIBRAS,12,,,
_NEOFRUT_XLS_CONVERTED.xlsx,NEOFRUT MARZO 11,0,9,PULPA DE NARANJA,LIBRAS,12,,,
_NEOFRUT_XLS_CONVERTED.xlsx,NEOFRUT MARZO 11,0,Observaciones:,,,,,,
_NEOFRUT_XLS_CONVERTED.xlsx,NEOFRUT MARZO 11,0,Espacio para Nombre y firma DESPACHADOR,,Espacio para Nombre y firma RECEPTOR,,,,
_NEOFRUT_XLS_CONVERTED.xlsx,NEOFRUT MARZO 16,0,1,PULPA DE MARACUYA,LIBRAS,4,,,
_NEOFRUT_XLS_CONVERTED.xlsx,NEOFRUT MARZO 16,0,2,PULPA DE LULO,LIBRAS,4,,,
_NEOFRUT_XLS_CONVERTED.xlsx,NEOFRUT MARZO 16,0,3,PULPA DE MANGO,LIBRAS,4,,,
_NEOFRUT_XLS_CONVERTED.xlsx,NEOFRUT MARZO 16,0,4,PULPA DE LIMON,LIBRAS,4,,,
_NEOFRUT_XLS_CONVERTED.xlsx,NEOFRUT MARZO 16,0,5,PULPA DE PIÑA,LIBRAS,4,,,
_NEOFRUT_XLS_CONVERTED.xlsx,NEOFRUT MARZO 16,0,6,PULPA DE FRESA,LIBRAS,4,,,
_NEOFRUT_XLS_CONVERTED.xlsx,NEOFRUT MARZO 16,0,7,PULPA DE DURAZNO,LIBRAS,4,,,
_NEOFRUT_XLS_CONVERTED.xlsx,NEOFRUT MARZO 16,0,8,PULPA DE MORA,LIBRAS,4,,,
_NEOFRUT_XLS_CONVERTED.xlsx,NEOFRUT MARZO 16,0,9,PULPA DE NARANJA,LIBRAS,4,,,
_NEOFRUT_XLS_CONVERTED.xlsx,NEOFRUT MARZO 16,0,Observaciones:,,,,,,
_NEOFRUT_XLS_CONVERTED.xlsx,NEOFRUT MARZO 16,0,Espacio para Nombre y firma DESPACHADOR,,Espacio para Nombre y firma RECEPTOR,,,,
_NEOFRUT_XLS_CONVERTED.xlsx,NEOFRUT MARZO 17,0,,PULPA SIN DOSIFICAR,,,,,
_NEOFRUT_XLS_CONVERTED.xlsx,NEOFRUT MARZO 17,0,1,PULPA DE MARACUYA,LIBRAS,12,,,
_NEOFRUT_XLS_CONVERTED.xlsx,NEOFRUT MARZO 17,0,2,PULPA DE LULO,LIBRAS,12,,,
_NEOFRUT_XLS_CONVERTED.xlsx,NEOFRUT MARZO 17,0,3,PULPA DE MANGO,LIBRAS,8,,,
_NEOFRUT_XLS_CONVERTED.xlsx,NEOFRUT MARZO 17,0,4,PULPA DE LIMON,LIBRAS,8,,,
_NEOFRUT_XLS_CONVERTED.xlsx,NEOFRUT MARZO 17,0,5,PULPA DE PIÑA,LIBRAS,8,,,
_NEOFRUT_XLS_CONVERTED.xlsx,NEOFRUT MARZO 17,0,6,PULPA DE FRESA,LIBRAS,8,,,
_NEOFRUT_XLS_CONVERTED.xlsx,NEOFRUT MARZO 17,0,7,PULPA DE DURAZNO,LIBRAS,4,,,
_NEOFRUT_XLS_CONVERTED.xlsx,NEOFRUT MARZO 17,0,8,PULPA DE MORA,LIBRAS,12,,,
_NEOFRUT_XLS_CONVERTED.xlsx,NEOFRUT MARZO 17,0,9,PULPA DE NARANJA,LIBRAS,8,,,
_NEOFRUT_XLS_CONVERTED.xlsx,NEOFRUT MARZO 17,0,10,,,,,,
_NEOFRUT_XLS_CONVERTED.xlsx,NEOFRUT MARZO 17,0,Observaciones:,,,,,,
_NEOFRUT_XLS_CONVERTED.xlsx,NEOFRUT MARZO 17,0,Espacio para Nombre y firma DESPACHADOR,,Espacio para Nombre y firma RECEPTOR,,,,
_NEOFRUT_XLS_CONVERTED.xlsx,NEOFRUT MARZO 24,0,,PULPA SIN DOSIFICAR,,,,,
_NEOFRUT_XLS_CONVERTED.xlsx,NEOFRUT MARZO 24,0,1,PULPA DE MARACUYA,LIBRAS,8,,,
_NEOFRUT_XLS_CONVERTED.xlsx,NEOFRUT MARZO 24,0,2,PULPA DE LULO,LIBRAS,8,,,
_NEOFRUT_XLS_CONVERTED.xlsx,NEOFRUT MARZO 24,0,3,PULPA DE MANGO,LIBRAS,8,,,
_NEOFRUT_XLS_CONVERTED.xlsx,NEOFRUT MARZO 24,0,4,PULPA DE LIMON,LIBRAS,4,,,
_NEOFRUT_XLS_CONVERTED.xlsx,NEOFRUT MARZO 24,0,5,PULPA DE PIÑA,LIBRAS,4,,,
_NEOFRUT_XLS_CONVERTED.xlsx,NEOFRUT MARZO 24,0,6,PULPA DE FRESA,LIBRAS,8,,,
_NEOFRUT_XLS_CONVERTED.xlsx,NEOFRUT MARZO 24,0,7,PULPA DE DURAZNO,LIBRAS,4,,,
_NEOFRUT_XLS_CONVERTED.xlsx,NEOFRUT MARZO 24,0,8,PULPA DE MORA,LIBRAS,12,,,
_NEOFRUT_XLS_CONVERTED.xlsx,NEOFRUT MARZO 24,0,9,PULPA DE NARANJA,LIBRAS,12,,,
_NEOFRUT_XLS_CONVERTED.xlsx,NEOFRUT MARZO 24,0,Observaciones:,,,,,,
_NEOFRUT_XLS_CONVERTED.xlsx,NEOFRUT MARZO 24,0,Espacio para Nombre y firma DESPACHADOR,,Espacio para Nombre y firma RECEPTOR,,,,
_NEOFRUT_XLS_CONVERTED.xlsx,NEOFRUT ABRIL 06,0,,PULPA SIN DOSIFICAR,,,,,
_NEOFRUT_XLS_CONVERTED.xlsx,NEOFRUT ABRIL 06,0,1,PULPA DE MARACUYA,LIBRAS,8,,,
_NEOFRUT_XLS_CONVERTED.xlsx,NEOFRUT ABRIL 06,0,2,PULPA DE LULO,LIBRAS,8,,,
_NEOFRUT_XLS_CONVERTED.xlsx,NEOFRUT ABRIL 06,0,3,PULPA DE MANGO,LIBRAS,12,,,
_NEOFRUT_XLS_CONVERTED.xlsx,NEOFRUT ABRIL 06,0,4,PULPA DE LIMON,LIBRAS,8,,,
_NEOFRUT_XLS_CONVERTED.xlsx,NEOFRUT ABRIL 06,0,5,PULPA DE PIÑA,LIBRAS,4,,,
_NEOFRUT_XLS_CONVERTED.xlsx,NEOFRUT ABRIL 06,0,6,PULPA DE FRESA,LIBRAS,8,,,
_NEOFRUT_XLS_CONVERTED.xlsx,NEOFRUT ABRIL 06,0,7,PULPA DE DURAZNO,LIBRAS,0,,,
_NEOFRUT_XLS_CONVERTED.xlsx,NEOFRUT ABRIL 06,0,8,PULPA DE MORA,LIBRAS,8,,,
_NEOFRUT_XLS_CONVERTED.xlsx,NEOFRUT ABRIL 06,0,9,PULPA DE NARANJA,LIBRAS,12,,,
_NEOFRUT_XLS_CONVERTED.xlsx,NEOFRUT ABRIL 06,0,Observaciones:,,,,,,
_NEOFRUT_XLS_CONVERTED.xlsx,NEOFRUT ABRIL 06,0,Espacio para Nombre y firma DESPACHADOR,,Espacio para Nombre y firma RECEPTOR,,,,
_NEOFRUT_XLS_CONVERTED.xlsx,NEOFRUT ABRIL 06,1,,PULPA SIN DOSIFICAR,,,,,
_NEOFRUT_XLS_CONVERTED.xlsx,NEOFRUT ABRIL 06,1,1,PULPA DE MARACUYA,LIBRAS,12,,,
_NEOFRUT_XLS_CONVERTED.xlsx,NEOFRUT ABRIL 06,1,2,PULPA DE LULO,LIBRAS,12,,,
_NEOFRUT_XLS_CONVERTED.xlsx,NEOFRUT ABRIL 06,1,3,PULPA DE MANGO,LIBRAS,8,,,
_NEOFRUT_XLS_CONVERTED.xlsx,NEOFRUT ABRIL 06,1,4,PULPA DE LIMON,LIBRAS,8,,,
_NEOFRUT_XLS_CONVERTED.xlsx,NEOFRUT ABRIL 06,1,5,PULPA DE PIÑA,LIBRAS,4,,,
_NEOFRUT_XLS_CONVERTED.xlsx,NEOFRUT ABRIL 06,1,6,PULPA DE FRESA,LIBRAS,8,,,
_NEOFRUT_XLS_CONVERTED.xlsx,NEOFRUT ABRIL 06,1,7,PULPA DE DURAZNO,LIBRAS,4,,,
_NEOFRUT_XLS_CONVERTED.xlsx,NEOFRUT ABRIL 06,1,8,PULPA DE MORA,LIBRAS,8,,,
_NEOFRUT_XLS_CONVERTED.xlsx,NEOFRUT ABRIL 06,1,9,PULPA DE NARANJA,LIBRAS,8,,,
_NEOFRUT_XLS_CONVERTED.xlsx,NEOFRUT ABRIL 06,1,Observaciones:,,,,,,
_NEOFRUT_XLS_CONVERTED.xlsx,NEOFRUT ABRIL 06,1,Espacio para Nombre y firma DESPACHADOR,,Espacio para Nombre y firma RECEPTOR,,,,
_NEOFRUT_XLS_CONVERTED.xlsx,NEOFRUT MAYO 5,0,,PULPA SIN DOSIFICAR,,,,,
_NEOFRUT_XLS_CONVERTED.xlsx,NEOFRUT MAYO 5,0,1,PULPA DE MARACUYA,LIBRAS,12,,,
_NEOFRUT_XLS_CONVERTED.xlsx,NEOFRUT MAYO 5,0,2,PULPA DE LULO,LIBRAS,12,,,
_NEOFRUT_XLS_CONVERTED.xlsx,NEOFRUT MAYO 5,0,3,PULPA DE MANGO,LIBRAS,8,,,
_NEOFRUT_XLS_CONVERTED.xlsx,NEOFRUT MAYO 5,0,4,PULPA DE LIMON,LIBRAS,8,,,
_NEOFRUT_XLS_CONVERTED.xlsx,NEOFRUT MAYO 5,0,5,PULPA DE PIÑA,LIBRAS,4,,,
_NEOFRUT_XLS_CONVERTED.xlsx,NEOFRUT MAYO 5,0,6,PULPA DE FRESA,LIBRAS,8,,,
_NEOFRUT_XLS_CONVERTED.xlsx,NEOFRUT MAYO 5,0,7,PULPA DE DURAZNO,LIBRAS,4,,,
_NEOFRUT_XLS_CONVERTED.xlsx,NEOFRUT MAYO 5,0,8,PULPA DE MORA,LIBRAS,8,,,
_NEOFRUT_XLS_CONVERTED.xlsx,NEOFRUT MAYO 5,0,9,PULPA DE NARANJA,LIBRAS,8,,,
_NEOFRUT_XLS_CONVERTED.xlsx,NEOFRUT MAYO 5,0,Observaciones:,,,,,,
_NEOFRUT_XLS_CONVERTED.xlsx,NEOFRUT MAYO 5,0,Espacio para Nombre y firma DESPACHADOR,,Espacio para Nombre y firma RECEPTOR,,,,
_NEOFRUT_XLS_CONVERTED.xlsx,NEOFRUT MAYO 6,0,,PULPA SIN DOSIFICAR,,,,,
_NEOFRUT_XLS_CONVERTED.xlsx,NEOFRUT MAYO 6,0,1,PULPA DE MARACUYA,LIBRAS,8,,,
_NEOFRUT_XLS_CONVERTED.xlsx,NEOFRUT MAYO 6,0,2,PULPA DE LULO,LIBRAS,8,,,
_NEOFRUT_XLS_CONVERTED.xlsx,NEOFRUT MAYO 6,0,3,PULPA DE MANGO,LIBRAS,12,,,
_NEOFRUT_XLS_CONVERTED.xlsx,NEOFRUT MAYO 6,0,4,PULPA DE LIMON,LIBRAS,8,,,
_NEOFRUT_XLS_CONVERTED.xlsx,NEOFRUT MAYO 6,0,5,PULPA DE PIÑA,LIBRAS,4,,,
_NEOFRUT_XLS_CONVERTED.xlsx,NEOFRUT MAYO 6,0,6,PULPA DE FRESA,LIBRAS,8,,,
_NEOFRUT_XLS_CONVERTED.xlsx,NEOFRUT MAYO 6,0,7,PULPA DE DURAZNO,LIBRAS,0,,,
_NEOFRUT_XLS_CONVERTED.xlsx,NEOFRUT MAYO 6,0,8,PULPA DE MORA,LIBRAS,8,,,
_NEOFRUT_XLS_CONVERTED.xlsx,NEOFRUT MAYO 6,0,9,PULPA DE NARANJA,LIBRAS,12,,,
_NEOFRUT_XLS_CONVERTED.xlsx,NEOFRUT MAYO 6,0,Observaciones:,,,,,,
_NEOFRUT_XLS_CONVERTED.xlsx,NEOFRUT MAYO 6,0,Espacio para Nombre y firma DESPACHADOR,,Espacio para Nombre y firma RECEPTOR,,,,
_NEOFRUT_XLS_CONVERTED.xlsx,NEOFRUT MAYO 7 11,0,,PULPA SIN DOSIFICAR,,,,,
_NEOFRUT_XLS_CONVERTED.xlsx,NEOFRUT MAYO 7 11,0,1,PULPA DE MARACUYA,LIBRAS,4,,,
_NEOFRUT_XLS_CONVERTED.xlsx,NEOFRUT MAYO 7 11,0,2,PULPA DE LULO,LIBRAS,4,,,
_NEOFRUT_XLS_CONVERTED.xlsx,NEOFRUT MAYO 7 11,0,3,PULPA DE MANGO,LIBRAS,4,,,
_NEOFRUT_XLS_CONVERTED.xlsx,NEOFRUT MAYO 7 11,0,4,PULPA DE LIMON,LIBRAS,4,,,
_NEOFRUT_XLS_CONVERTED.xlsx,NEOFRUT MAYO 7 11,0,5,PULPA DE PIÑA,LIBRAS,4,,,
_NEOFRUT_XLS_CONVERTED.xlsx,NEOFRUT MAYO 7 11,0,6,PULPA DE FRESA,LIBRAS,4,,,
_NEOFRUT_XLS_CONVERTED.xlsx,NEOFRUT MAYO 7 11,0,7,PULPA DE DURAZNO,LIBRAS,4,,,
_NEOFRUT_XLS_CONVERTED.xlsx,NEOFRUT MAYO 7 11,0,8,PULPA DE MORA,LIBRAS,4,,,
_NEOFRUT_XLS_CONVERTED.xlsx,NEOFRUT MAYO 7 11,0,9,PULPA DE NARANJA,LIBRAS,4,,,
_NEOFRUT_XLS_CONVERTED.xlsx,NEOFRUT MAYO 7 11,0,10,,,,,,
_NEOFRUT_XLS_CONVERTED.xlsx,NEOFRUT MAYO 7 11,0,Observaciones:,,,,,,
_NEOFRUT_XLS_CONVERTED.xlsx,NEOFRUT MAYO 7 11,0,Espacio para Nombre y firma DESPACHADOR,,Espacio para Nombre y firma RECEPTOR,,,,
_NEOFRUT_XLS_CONVERTED.xlsx,NEOFRUT MAYO 7 11,1,,PULPA SIN DOSIFICAR,,,,,
_NEOFRUT_XLS_CONVERTED.xlsx,NEOFRUT MAYO 7 11,1,1,PULPA DE MARACUYA,LIBRAS,8,,,
_NEOFRUT_XLS_CONVERTED.xlsx,NEOFRUT MAYO 7 11,1,2,PULPA DE LULO,LIBRAS,8,,,
_NEOFRUT_XLS_CONVERTED.xlsx,NEOFRUT MAYO 7 11,1,3,PULPA DE MANGO,LIBRAS,12,,,
_NEOFRUT_XLS_CONVERTED.xlsx,NEOFRUT MAYO 7 11,1,4,PULPA DE LIMON,LIBRAS,8,,,
_NEOFRUT_XLS_CONVERTED.xlsx,NEOFRUT MAYO 7 11,1,5,PULPA DE PIÑA,LIBRAS,4,,,
_NEOFRUT_XLS_CONVERTED.xlsx,NEOFRUT MAYO 7 11,1,6,PULPA DE FRESA,LIBRAS,8,,,
_NEOFRUT_XLS_CONVERTED.xlsx,NEOFRUT MAYO 7 11,1,7,PULPA DE DURAZNO,LIBRAS,0,,,
_NEOFRUT_XLS_CONVERTED.xlsx,NEOFRUT MAYO 7 11,1,8,PULPA DE MORA,LIBRAS,8,,,
_NEOFRUT_XLS_CONVERTED.xlsx,NEOFRUT MAYO 7 11,1,9,PULPA DE NARANJA,LIBRAS,12,,,
_NEOFRUT_XLS_CONVERTED.xlsx,NEOFRUT MAYO 7 11,1,Observaciones:,,,,,,
_NEOFRUT_XLS_CONVERTED.xlsx,NEOFRUT MAYO 7 11,1,Espacio para Nombre y firma DESPACHADOR,,Espacio para Nombre y firma RECEPTOR,,,,
_NEOFRUT_.xlsm,NEOFRUT MARZO 16 (2),0,,PULPA DE MARACUYA,LIBRAS,4,,,
_NEOFRUT_.xlsm,NEOFRUT MARZO 16 (2),0,,PULPA DE LULO,LIBRAS,4,,,
_NEOFRUT_.xlsm,NEOFRUT MARZO 16 (2),0,,PULPA DE MANGO,LIBRAS,4,,,
_NEOFRUT_.xlsm,NEOFRUT MARZO 16 (2),0,,PULPA DE LIMON,LIBRAS,4,,,
_NEOFRUT_.xlsm,NEOFRUT MARZO 16 (2),0,,PULPA DE PIÑA,LIBRAS,4,,,
_NEOFRUT_.xlsm,NEOFRUT MARZO 16 (2),0,,PULPA DE FRESA,LIBRAS,4,,,
_NEOFRUT_.xlsm,NEOFRUT MARZO 16 (2),0,,PULPA DE DURAZNO,LIBRAS,4,,,
_NEOFRUT_.xlsm,NEOFRUT MARZO 16 (2),0,,PULPA DE MORA,LIBRAS,4,,,
_NEOFRUT_.xlsm,NEOFRUT MARZO 16 (2),0,,PULPA DE NARANJA,LIBRAS,4,,,
_NEOFRUT_.xlsm,NEOFRUT MARZO 16 (2),0,Observaciones:,,,,,,
_NEOFRUT_.xlsm,NEOFRUT MARZO 16 (2),0,Espacio para Nombre y firma DESPACHADOR,,Espacio para Nombre y firma RECEPTOR,,,,
_NEOFRUT_.xlsm,NEOFRUTFEB 9 CT Y BE,0,,PULPA SIN DOSIFICAR,,,,,
_NEOFRUT_.xlsm,NEOFRUTFEB 9 CT Y BE,0,1,PULPA DE MARACUYA,LIBRAS,6,,,
_NEOFRUT_.xlsm,NEOFRUTFEB 9 CT Y BE,0,2,PULPA DE LULO,LIBRAS,6,,,
_NEOFRUT_.xlsm,NEOFRUTFEB 9 CT Y BE,0,3,PULPA DE MANGO,LIBRAS,6,,,
_NEOFRUT_.xlsm,NEOFRUTFEB 9 CT Y BE,0,4,PULPA DE LIMON,LIBRAS,,,,
_NEOFRUT_.xlsm,NEOFRUTFEB 9 CT Y BE,0,5,PULPA DE PIÑA,LIBRAS,6,,,
_NEOFRUT_.xlsm,NEOFRUTFEB 9 CT Y BE,0,6,PULPA DE FRESA,LIBRAS,,,,
_NEOFRUT_.xlsm,NEOFRUTFEB 9 CT Y BE,0,7,PULPA DE DURAZNO,LIBRAS,,,,
_NEOFRUT_.xlsm,NEOFRUTFEB 9 CT Y BE,0,8,PULPA DE MORA,LIBRAS,6,,,
_NEOFRUT_.xlsm,NEOFRUTFEB 9 CT Y BE,0,9,PULPA DE NARANJA,LIBRAS,8,,,
_NEOFRUT_.xlsm,NEOFRUTFEB 9 CT Y BE,0,10,,,,,,
_NEOFRUT_.xlsm,NEOFRUTFEB 9 CT Y BE,0,Observaciones:,,,,,,
_NEOFRUT_.xlsm,NEOFRUTFEB 9 CT Y BE,0,Espacio para Nombre y firma DESPACHADOR,,Espacio para Nombre y firma RECEPTOR,,,,
_NEOFRUT_.xlsm,NEOFRUTFEB 9 CT Y BE,1,,PULPA SIN DOSIFICAR,,,,,
_NEOFRUT_.xlsm,NEOFRUTFEB 9 CT Y BE,1,1,PULPA DE MARACUYA,LIBRAS,12,,,
_NEOFRUT_.xlsm,NEOFRUTFEB 9 CT Y BE,1,2,PULPA DE LULO,LIBRAS,12,,,
_NEOFRUT_.xlsm,NEOFRUTFEB 9 CT Y BE,1,3,PULPA DE MANGO,LIBRAS,8,,,
_NEOFRUT_.xlsm,NEOFRUTFEB 9 CT Y BE,1,4,PULPA DE LIMON,LIBRAS,4,,,
_NEOFRUT_.xlsm,NEOFRUTFEB 9 CT Y BE,1,5,PULPA DE PIÑA,LIBRAS,,,,
_NEOFRUT_.xlsm,NEOFRUTFEB 9 CT Y BE,1,6,PULPA DE FRESA,LIBRAS,8,,,
_NEOFRUT_.xlsm,NEOFRUTFEB 9 CT Y BE,1,7,PULPA DE DURAZNO,LIBRAS,4,,,
_NEOFRUT_.xlsm,NEOFRUTFEB 9 CT Y BE,1,8,PULPA DE MORA,LIBRAS,12,,,
_NEOFRUT_.xlsm,NEOFRUTFEB 9 CT Y BE,1,9,PULPA DE NARANJA,LIBRAS,,,,
_NEOFRUT_.xlsm,NEOFRUTFEB 9 CT Y BE,1,10,,,,,,
_NEOFRUT_.xlsm,NEOFRUTFEB 9 CT Y BE,1,Observaciones:,,,,,,
_NEOFRUT_.xlsm,NEOFRUTFEB 9 CT Y BE,1,Espacio para Nombre y firma DESPACHADOR,,Espacio para Nombre y firma RECEPTOR,,,,
_NEOFRUT_.xlsm,NEOFRUT ENER CT-PRO-BE-A3,0,1,PULPA SIN DOSIFICAR,,,,,
_NEOFRUT_.xlsm,NEOFRUT ENER CT-PRO-BE-A3,0,2,PULPA DE MARACUYA,16,,,,
_NEOFRUT_.xlsm,NEOFRUT ENER CT-PRO-BE-A3,0,3,PULPA DE LULO,12,,,,
_NEOFRUT_.xlsm,NEOFRUT ENER CT-PRO-BE-A3,0,4,PULPA DE MANGO,20,,,,
_NEOFRUT_.xlsm,NEOFRUT ENER CT-PRO-BE-A3,0,5,PULPA DE LIMON,12,,,,
_NEOFRUT_.xlsm,NEOFRUT ENER CT-PRO-BE-A3,0,6,PULPA DE PIÑA,8,,,,
_NEOFRUT_.xlsm,NEOFRUT ENER CT-PRO-BE-A3,0,7,PULPA DE FRESA,12,,,,
_NEOFRUT_.xlsm,NEOFRUT ENER CT-PRO-BE-A3,0,8,PULPA DE DURAZNO,20,,,,
_NEOFRUT_.xlsm,NEOFRUT ENER CT-PRO-BE-A3,0,9,PULPA DE MORA,12,,,,
_NEOFRUT_.xlsm,NEOFRUT ENER CT-PRO-BE-A3,0,10,PULPA DE NARANJA,12,,,,
_NEOFRUT_.xlsm,NEOFRUT ENER CT-PRO-BE-A3,0,11,PULPA TROPICAL,12,,,,
_NEOFRUT_.xlsm,NEOFRUT ENER CT-PRO-BE-A3,0,Observaciones:,,,,,,
_NEOFRUT_.xlsm,NEOFRUT ENER CT-PRO-BE-A3,0,Espacio para Nombre y firma DESPACHADOR,,Espacio para Nombre y firma RECEPTOR,,,,
_NEOFRUT_.xlsm,NEOFRUT ENER CT-PRO-BE-A3,1,,PULPA SIN DOSIFICAR,,,,,
_NEOFRUT_.xlsm,NEOFRUT ENER CT-PRO-BE-A3,1,1,PULPA DE MARACUYA,12,,,,
_NEOFRUT_.xlsm,NEOFRUT ENER CT-PRO-BE-A3,1,2,PULPA DE LULO,12,,,,
_NEOFRUT_.xlsm,NEOFRUT ENER CT-PRO-BE-A3,1,3,PULPA DE MANGO,12,,,,
_NEOFRUT_.xlsm,NEOFRUT ENER CT-PRO-BE-A3,1,4,PULPA DE LIMON,8,,,,
_NEOFRUT_.xlsm,NEOFRUT ENER CT-PRO-BE-A3,1,5,PULPA DE PIÑA,12,,,,
_NEOFRUT_.xlsm,NEOFRUT ENER CT-PRO-BE-A3,1,6,PULPA DE DURAZNO,12,,,,
_NEOFRUT_.xlsm,NEOFRUT ENER CT-PRO-BE-A3,1,7,PULPA DE MORA,12,,,,
_NEOFRUT_.xlsm,NEOFRUT ENER CT-PRO-BE-A3,1,8,PULPA DE NARANJA,12,,,,
_NEOFRUT_.xlsm,NEOFRUT ENER CT-PRO-BE-A3,1,Observaciones:,,,,,,
_NEOFRUT_.xlsm,NEOFRUT ENER CT-PRO-BE-A3,1,Espacio para Nombre y firma DESPACHADOR,,Espacio para Nombre y firma RECEPTOR,,,,
_NEOFRUT_.xlsm,NEOFRUT ENER CT-PRO-BE-A3,2,,PULPA SIN DOSIFICAR,,,,,
_NEOFRUT_.xlsm,NEOFRUT ENER CT-PRO-BE-A3,2,1,PULPA DE MARACUYA,16,,,,
_NEOFRUT_.xlsm,NEOFRUT ENER CT-PRO-BE-A3,2,2,PULPA DE LULO,16,,,,
_NEOFRUT_.xlsm,NEOFRUT ENER CT-PRO-BE-A3,2,3,PULPA DE MANGO,8,,,,
_NEOFRUT_.xlsm,NEOFRUT ENER CT-PRO-BE-A3,2,4,PULPA DE LIMON,8,,,,
_NEOFRUT_.xlsm,NEOFRUT ENER CT-PRO-BE-A3,2,5,PULPA DE PIÑA,8,,,,
_NEOFRUT_.xlsm,NEOFRUT ENER CT-PRO-BE-A3,2,6,PULPA DE FRESA,8,,,,
_NEOFRUT_.xlsm,NEOFRUT ENER CT-PRO-BE-A3,2,7,PULPA DE DURAZNO,8,,,,
_NEOFRUT_.xlsm,NEOFRUT ENER CT-PRO-BE-A3,2,8,PULPA DE MORA,8,,,,
_NEOFRUT_.xlsm,NEOFRUT ENER CT-PRO-BE-A3,2,9,PULPA DE NARANJA,12,,,,
_NEOFRUT_.xlsm,NEOFRUT ENER CT-PRO-BE-A3,2,Observaciones:,,,,,,
_NEOFRUT_.xlsm,NEOFRUT ENER CT-PRO-BE-A3,2,Espacio para Nombre y firma DESPACHADOR,,Espacio para Nombre y firma RECEPTOR,,,,
_NEOFRUT_.xlsm,NEOFRUT ENER CT-PRO-BE-A3,3,,PULPA SIN DOSIFICAR,,,,,
_NEOFRUT_.xlsm,NEOFRUT ENER CT-PRO-BE-A3,3,1,PULPA DE MARACUYA,4,,,,
_NEOFRUT_.xlsm,NEOFRUT ENER CT-PRO-BE-A3,3,2,PULPA DE LULO,4,,,,
_NEOFRUT_.xlsm,NEOFRUT ENER CT-PRO-BE-A3,3,3,PULPA DE MANGO,4,,,,
_NEOFRUT_.xlsm,NEOFRUT ENER CT-PRO-BE-A3,3,4,PULPA DE LIMON,4,,,,
_NEOFRUT_.xlsm,NEOFRUT ENER CT-PRO-BE-A3,3,5,PULPA DE PIÑA,4,,,,
_NEOFRUT_.xlsm,NEOFRUT ENER CT-PRO-BE-A3,3,6,PULPA DE FRESA,4,,,,
_NEOFRUT_.xlsm,NEOFRUT ENER CT-PRO-BE-A3,3,7,PULPA DE DURAZNO,4,,,,
_NEOFRUT_.xlsm,NEOFRUT ENER CT-PRO-BE-A3,3,8,PULPA DE MORA,4,,,,
_NEOFRUT_.xlsm,NEOFRUT ENER CT-PRO-BE-A3,3,9,PULPA DE NARANJA,4,,,,
_NEOFRUT_.xlsm,NEOFRUT ENER CT-PRO-BE-A3,3,Observaciones:,,,,,,
_NEOFRUT_.xlsm,NEOFRUT ENER CT-PRO-BE-A3,3,Espacio para Nombre y firma DESPACHADOR,,Espacio para Nombre y firma RECEPTOR,,,,
_NEOFRUT_.xlsm,NEOFRUT FEB 13,0,,PULPA SIN DOSIFICAR,,,,,
_NEOFRUT_.xlsm,NEOFRUT FEB 13,0,1,PULPA DE MARACUYA,4,,,,
_NEOFRUT_.xlsm,NEOFRUT FEB 13,0,2,PULPA DE LULO,4,,,,
_NEOFRUT_.xlsm,NEOFRUT FEB 13,0,3,PULPA DE MANGO,4,,,,
_NEOFRUT_.xlsm,NEOFRUT FEB 13,0,4,PULPA DE LIMON,4,,,,
_NEOFRUT_.xlsm,NEOFRUT FEB 13,0,5,PULPA DE PIÑA,4,,,,
_NEOFRUT_.xlsm,NEOFRUT FEB 13,0,6,PULPA DE FRESA,4,,,,
_NEOFRUT_.xlsm,NEOFRUT FEB 13,0,7,PULPA DE DURAZNO,4,,,,
_NEOFRUT_.xlsm,NEOFRUT FEB 13,0,8,PULPA DE MORA,4,,,,
_NEOFRUT_.xlsm,NEOFRUT FEB 13,0,9,PULPA DE NARANJA,4,,,,
_NEOFRUT_.xlsm,NEOFRUT FEB 13,0,Observaciones:,,,,,,
_NEOFRUT_.xlsm,NEOFRUT FEB 13,0,Espacio para Nombre y firma DESPACHADOR,,Espacio para Nombre y firma RECEPTOR,,,,
_NEOFRUT_.xlsm,NEOFRUT FEB 16,0,,PULPA SIN DOSIFICAR,,,,,
_NEOFRUT_.xlsm,NEOFRUT FEB 16,0,1,PULPA DE LULO,LIBRAS,4,,,
_NEOFRUT_.xlsm,NEOFRUT FEB 16,0,2,PULPA DE LIMON,LIBRAS,8,,,
_NEOFRUT_.xlsm,NEOFRUT FEB 16,0,3,PULPA DE DURAZNO,LIBRAS,4,,,
_NEOFRUT_.xlsm,NEOFRUT FEB 16,0,4,PULPA DE MORA,LIBRAS,8,,,
_NEOFRUT_.xlsm,NEOFRUT FEB 16,0,5,PULPA DE NARANJA,LIBRAS,8,,,
_NEOFRUT_.xlsm,NEOFRUT FEB 16,0,6,,,,,,
_NEOFRUT_.xlsm,NEOFRUT FEB 16,0,7,,,,,,
_NEOFRUT_.xlsm,NEOFRUT FEB 16,0,8,,,,,,
_NEOFRUT_.xlsm,NEOFRUT FEB 16,0,9,,,,,,
_NEOFRUT_.xlsm,NEOFRUT FEB 16,0,Observaciones:FE15195,,,,,,
_NEOFRUT_.xlsm,NEOFRUT FEB 16,0,Espacio para Nombre y firma DESPACHADOR,,Espacio para Nombre y firma RECEPTOR,,,,
_NEOFRUT_.xlsm,NEOFRUT FEB 23,0,1,PULPA DE MARACUYA,LIBRAS,12,,,
_NEOFRUT_.xlsm,NEOFRUT FEB 23,0,2,PULPA DE LULO,LIBRAS,8,,,
_NEOFRUT_.xlsm,NEOFRUT FEB 23,0,3,PULPA DE MANGO,LIBRAS,8,,,
_NEOFRUT_.xlsm,NEOFRUT FEB 23,0,4,PULPA DE PIÑA,LIBRAS,4,,,
_NEOFRUT_.xlsm,NEOFRUT FEB 23,0,5,PULPA DE FRESA,LIBRAS,8,,,
_NEOFRUT_.xlsm,NEOFRUT FEB 23,0,6,PULPA DE MORA,LIBRAS,12,,,
_NEOFRUT_.xlsm,NEOFRUT FEB 23,0,7,PULPA DE NARANJA,LIBRAS,12,,,
_NEOFRUT_.xlsm,NEOFRUT FEB 23,0,8,PULPA DE LIMON,LIBRAS,8,,,
_NEOFRUT_.xlsm,NEOFRUT FEB 23,0,9,PULPA DURAZNO,LIBRAS,8,,,
_NEOFRUT_.xlsm,NEOFRUT FEB 23,0,Observaciones: FE 125257,,,,,,
_NEOFRUT_.xlsm,NEOFRUT FEB 23,0,Espacio para Nombre y firma DESPACHADOR,,Espacio para Nombre y firma RECEPTOR,,,,
_NEOFRUT_.xlsm,NEOFRUT FEB 24,0,1,PULPA DE MARACUYA,LIBRAS,8,,,
_NEOFRUT_.xlsm,NEOFRUT FEB 24,0,2,PULPA DE LULO,LIBRAS,8,,,
_NEOFRUT_.xlsm,NEOFRUT FEB 24,0,3,PULPA DE MANGO,LIBRAS,12,,,
_NEOFRUT_.xlsm,NEOFRUT FEB 24,0,4,PULPA DE LIMON,LIBRAS,2,,,
_NEOFRUT_.xlsm,NEOFRUT FEB 24,0,5,PULPA DE PIÑA,LIBRAS,4,,,
_NEOFRUT_.xlsm,NEOFRUT FEB 24,0,6,PULPA DE FRESA,LIBRAS,4,,,
_NEOFRUT_.xlsm,NEOFRUT FEB 24,0,7,PULPA DE DURAZNO,LIBRAS,8,,,
_NEOFRUT_.xlsm,NEOFRUT FEB 24,0,8,PULPA DE MORA,LIBRAS,8,,,
_NEOFRUT_.xlsm,NEOFRUT FEB 24,0,9,PULPA DE NARANJA,LIBRAS,8,,,
_NEOFRUT_.xlsm,NEOFRUT FEB 24,0,Observaciones: FE 15284,,,,,,
_NEOFRUT_.xlsm,NEOFRUT FEB 24,0,Espacio para Nombre y firma DESPACHADOR,,Espacio para Nombre y firma RECEPTOR,,,,
_NEOFRUT_.xlsm,NEOFRUT MARZO 3,0,1,PULPA DE MARACUYA,LIBRAS,8,,,
_NEOFRUT_.xlsm,NEOFRUT MARZO 3,0,2,PULPA DE LULO,LIBRAS,8,,,
_NEOFRUT_.xlsm,NEOFRUT MARZO 3,0,3,PULPA DE MANGO,LIBRAS,8,,,
_NEOFRUT_.xlsm,NEOFRUT MARZO 3,0,4,PULPA DE LIMON,LIBRAS,4,,,
_NEOFRUT_.xlsm,NEOFRUT MARZO 3,0,5,PULPA DE PIÑA,LIBRAS,4,,,
_NEOFRUT_.xlsm,NEOFRUT MARZO 3,0,6,PULPA DE FRESA,LIBRAS,8,,,
_NEOFRUT_.xlsm,NEOFRUT MARZO 3,0,7,PULPA DE DURAZNO,LIBRAS,8,,,
_NEOFRUT_.xlsm,NEOFRUT MARZO 3,0,8,PULPA DE MORA,LIBRAS,8,,,
_NEOFRUT_.xlsm,NEOFRUT MARZO 3,0,9,PULPA DE NARANJA,LIBRAS,8,,,
_NEOFRUT_.xlsm,NEOFRUT MARZO 3,0,Observaciones:,,,,,,
_NEOFRUT_.xlsm,NEOFRUT MARZO 3,0,Espacio para Nombre y firma DESPACHADOR,,Espacio para Nombre y firma RECEPTOR,,,,
_NEOFRUT_.xlsm,NEOFRUT MARZO 3,1,1,PULPA DE MARACUYA,4,,,,
_NEOFRUT_.xlsm,NEOFRUT MARZO 3,1,2,PULPA DE LULO,4,,,,
_NEOFRUT_.xlsm,NEOFRUT MARZO 3,1,3,PULPA DE MANGO,4,,,,
_NEOFRUT_.xlsm,NEOFRUT MARZO 3,1,4,PULPA DE LIMON,4,,,,
_NEOFRUT_.xlsm,NEOFRUT MARZO 3,1,5,PULPA DE PIÑA,4,,,,
_NEOFRUT_.xlsm,NEOFRUT MARZO 3,1,6,PULPA DE FRESA,4,,,,
_NEOFRUT_.xlsm,NEOFRUT MARZO 3,1,7,PULPA DE DURAZNO,4,,,,
_NEOFRUT_.xlsm,NEOFRUT MARZO 3,1,8,PULPA DE MORA,4,,,,
_NEOFRUT_.xlsm,NEOFRUT MARZO 3,1,9,PULPA DE NARANJA,4,,,,
_NEOFRUT_.xlsm,NEOFRUT MARZO 3,1,Observaciones:,,,,,,
_NEOFRUT_.xlsm,NEOFRUT MARZO 3,1,Espacio para Nombre y firma DESPACHADOR,,Espacio para Nombre y firma RECEPTOR,,,,
_NEOFRUT_.xlsm,NEOFRUT MARZO 9,0,1,PULPA DE MARACUYA,LIBRAS,12,,,
_NEOFRUT_.xlsm,NEOFRUT MARZO 9,0,2,PULPA DE LULO,LIBRAS,12,,,
_NEOFRUT_.xlsm,NEOFRUT MARZO 9,0,3,PULPA DE MANGO,LIBRAS,8,,,
_NEOFRUT_.xlsm,NEOFRUT MARZO 9,0,4,PULPA DE LIMON,LIBRAS,8,,,
_NEOFRUT_.xlsm,NEOFRUT MARZO 9,0,5,PULPA DE PIÑA,LIBRAS,8,,,
_NEOFRUT_.xlsm,NEOFRUT MARZO 9,0,6,PULPA DE FRESA,LIBRAS,8,,,
_NEOFRUT_.xlsm,NEOFRUT MARZO 9,0,7,PULPA DE DURAZNO,LIBRAS,4,,,
_NEOFRUT_.xlsm,NEOFRUT MARZO 9,0,8,PULPA DE MORA,LIBRAS,12,,,
_NEOFRUT_.xlsm,NEOFRUT MARZO 9,0,9,PULPA DE NARANJA,LIBRAS,8,,,
_NEOFRUT_.xlsm,NEOFRUT MARZO 9,0,Observaciones:,,,,,,
_NEOFRUT_.xlsm,NEOFRUT MARZO 9,0,Espacio para Nombre y firma DESPACHADOR,,Espacio para Nombre y firma RECEPTOR,,,,
_NEOFRUT_.xlsm,NEOFRUT MARZO 11,0,1,PULPA DE MARACUYA,LIBRAS,12,,,
_NEOFRUT_.xlsm,NEOFRUT MARZO 11,0,2,PULPA DE LULO,LIBRAS,12,,,
_NEOFRUT_.xlsm,NEOFRUT MARZO 11,0,3,PULPA DE MANGO,LIBRAS,12,,,
_NEOFRUT_.xlsm,NEOFRUT MARZO 11,0,4,PULPA DE LIMON,LIBRAS,4,,,
_NEOFRUT_.xlsm,NEOFRUT MARZO 11,0,5,PULPA DE PIÑA,LIBRAS,12,,,
_NEOFRUT_.xlsm,NEOFRUT MARZO 11,0,6,PULPA DE FRESA,LIBRAS,12,,,
_NEOFRUT_.xlsm,NEOFRUT MARZO 11,0,7,PULPA DE DURAZNO,LIBRAS,8,,,
_NEOFRUT_.xlsm,NEOFRUT MARZO 11,0,8,PULPA DE MORA,LIBRAS,12,,,
_NEOFRUT_.xlsm,NEOFRUT MARZO 11,0,9,PULPA DE NARANJA,LIBRAS,12,,,
_NEOFRUT_.xlsm,NEOFRUT MARZO 11,0,Observaciones:,,,,,,
_NEOFRUT_.xlsm,NEOFRUT MARZO 11,0,Espacio para Nombre y firma DESPACHADOR,,Espacio para Nombre y firma RECEPTOR,,,,
_NEOFRUT_.xlsm,NEOFRUT MARZO 16,0,1,PULPA DE MARACUYA,LIBRAS,4,,,
_NEOFRUT_.xlsm,NEOFRUT MARZO 16,0,2,PULPA DE LULO,LIBRAS,4,,,
_NEOFRUT_.xlsm,NEOFRUT MARZO 16,0,3,PULPA DE MANGO,LIBRAS,4,,,
_NEOFRUT_.xlsm,NEOFRUT MARZO 16,0,4,PULPA DE LIMON,LIBRAS,4,,,
_NEOFRUT_.xlsm,NEOFRUT MARZO 16,0,5,PULPA DE PIÑA,LIBRAS,4,,,
_NEOFRUT_.xlsm,NEOFRUT MARZO 16,0,6,PULPA DE FRESA,LIBRAS,4,,,
_NEOFRUT_.xlsm,NEOFRUT MARZO 16,0,7,PULPA DE DURAZNO,LIBRAS,4,,,
_NEOFRUT_.xlsm,NEOFRUT MARZO 16,0,8,PULPA DE MORA,LIBRAS,4,,,
_NEOFRUT_.xlsm,NEOFRUT MARZO 16,0,9,PULPA DE NARANJA,LIBRAS,4,,,
_NEOFRUT_.xlsm,NEOFRUT MARZO 16,0,Observaciones:,,,,,,
_NEOFRUT_.xlsm,NEOFRUT MARZO 16,0,Espacio para Nombre y firma DESPACHADOR,,Espacio para Nombre y firma RECEPTOR,,,,
_NEOFRUT_.xlsm,NEOFRUT MARZO 17,0,,PULPA SIN DOSIFICAR,,,,,
_NEOFRUT_.xlsm,NEOFRUT MARZO 17,0,1,PULPA DE MARACUYA,LIBRAS,12,,,
_NEOFRUT_.xlsm,NEOFRUT MARZO 17,0,2,PULPA DE LULO,LIBRAS,12,,,
_NEOFRUT_.xlsm,NEOFRUT MARZO 17,0,3,PULPA DE MANGO,LIBRAS,8,,,
_NEOFRUT_.xlsm,NEOFRUT MARZO 17,0,4,PULPA DE LIMON,LIBRAS,8,,,
_NEOFRUT_.xlsm,NEOFRUT MARZO 17,0,5,PULPA DE PIÑA,LIBRAS,8,,,
_NEOFRUT_.xlsm,NEOFRUT MARZO 17,0,6,PULPA DE FRESA,LIBRAS,8,,,
_NEOFRUT_.xlsm,NEOFRUT MARZO 17,0,7,PULPA DE DURAZNO,LIBRAS,4,,,
_NEOFRUT_.xlsm,NEOFRUT MARZO 17,0,8,PULPA DE MORA,LIBRAS,12,,,
_NEOFRUT_.xlsm,NEOFRUT MARZO 17,0,9,PULPA DE NARANJA,LIBRAS,8,,,
_NEOFRUT_.xlsm,NEOFRUT MARZO 17,0,10,,,,,,
_NEOFRUT_.xlsm,NEOFRUT MARZO 17,0,Observaciones:,,,,,,
_NEOFRUT_.xlsm,NEOFRUT MARZO 17,0,Espacio para Nombre y firma DESPACHADOR,,Espacio para Nombre y firma RECEPTOR,,,,
_NEOFRUT_.xlsm,NEOFRUT MARZO 24,0,,PULPA SIN DOSIFICAR,,,,,
_NEOFRUT_.xlsm,NEOFRUT MARZO 24,0,1,PULPA DE MARACUYA,LIBRAS,8,,,
_NEOFRUT_.xlsm,NEOFRUT MARZO 24,0,2,PULPA DE LULO,LIBRAS,8,,,
_NEOFRUT_.xlsm,NEOFRUT MARZO 24,0,3,PULPA DE MANGO,LIBRAS,8,,,
_NEOFRUT_.xlsm,NEOFRUT MARZO 24,0,4,PULPA DE LIMON,LIBRAS,4,,,
_NEOFRUT_.xlsm,NEOFRUT MARZO 24,0,5,PULPA DE PIÑA,LIBRAS,4,,,
_NEOFRUT_.xlsm,NEOFRUT MARZO 24,0,6,PULPA DE FRESA,LIBRAS,8,,,
_NEOFRUT_.xlsm,NEOFRUT MARZO 24,0,7,PULPA DE DURAZNO,LIBRAS,4,,,
_NEOFRUT_.xlsm,NEOFRUT MARZO 24,0,8,PULPA DE MORA,LIBRAS,12,,,
_NEOFRUT_.xlsm,NEOFRUT MARZO 24,0,9,PULPA DE NARANJA,LIBRAS,12,,,
_NEOFRUT_.xlsm,NEOFRUT MARZO 24,0,Observaciones:,,,,,,
_NEOFRUT_.xlsm,NEOFRUT MARZO 24,0,Espacio para Nombre y firma DESPACHADOR,,Espacio para Nombre y firma RECEPTOR,,,,
_NEOFRUT_.xlsm,NEOFRUT ABRIL 06,0,,PULPA SIN DOSIFICAR,,,,,
_NEOFRUT_.xlsm,NEOFRUT ABRIL 06,0,1,PULPA DE MARACUYA,LIBRAS,8,,,
_NEOFRUT_.xlsm,NEOFRUT ABRIL 06,0,2,PULPA DE LULO,LIBRAS,8,,,
_NEOFRUT_.xlsm,NEOFRUT ABRIL 06,0,3,PULPA DE MANGO,LIBRAS,12,,,
_NEOFRUT_.xlsm,NEOFRUT ABRIL 06,0,4,PULPA DE LIMON,LIBRAS,8,,,
_NEOFRUT_.xlsm,NEOFRUT ABRIL 06,0,5,PULPA DE PIÑA,LIBRAS,4,,,
_NEOFRUT_.xlsm,NEOFRUT ABRIL 06,0,6,PULPA DE FRESA,LIBRAS,8,,,
_NEOFRUT_.xlsm,NEOFRUT ABRIL 06,0,7,PULPA DE DURAZNO,LIBRAS,0,,,
_NEOFRUT_.xlsm,NEOFRUT ABRIL 06,0,8,PULPA DE MORA,LIBRAS,8,,,
_NEOFRUT_.xlsm,NEOFRUT ABRIL 06,0,9,PULPA DE NARANJA,LIBRAS,12,,,
_NEOFRUT_.xlsm,NEOFRUT ABRIL 06,0,Observaciones:,,,,,,
_NEOFRUT_.xlsm,NEOFRUT ABRIL 06,0,Espacio para Nombre y firma DESPACHADOR,,Espacio para Nombre y firma RECEPTOR,,,,
_NEOFRUT_.xlsm,NEOFRUT ABRIL 06,1,,PULPA SIN DOSIFICAR,,,,,
_NEOFRUT_.xlsm,NEOFRUT ABRIL 06,1,1,PULPA DE MARACUYA,LIBRAS,12,,,
_NEOFRUT_.xlsm,NEOFRUT ABRIL 06,1,2,PULPA DE LULO,LIBRAS,12,,,
_NEOFRUT_.xlsm,NEOFRUT ABRIL 06,1,3,PULPA DE MANGO,LIBRAS,8,,,
_NEOFRUT_.xlsm,NEOFRUT ABRIL 06,1,4,PULPA DE LIMON,LIBRAS,8,,,
_NEOFRUT_.xlsm,NEOFRUT ABRIL 06,1,5,PULPA DE PIÑA,LIBRAS,4,,,
_NEOFRUT_.xlsm,NEOFRUT ABRIL 06,1,6,PULPA DE FRESA,LIBRAS,8,,,
_NEOFRUT_.xlsm,NEOFRUT ABRIL 06,1,7,PULPA DE DURAZNO,LIBRAS,4,,,
_NEOFRUT_.xlsm,NEOFRUT ABRIL 06,1,8,PULPA DE MORA,LIBRAS,8,,,
_NEOFRUT_.xlsm,NEOFRUT ABRIL 06,1,9,PULPA DE NARANJA,LIBRAS,8,,,
_NEOFRUT_.xlsm,NEOFRUT ABRIL 06,1,Observaciones:,,,,,,
_NEOFRUT_.xlsm,NEOFRUT ABRIL 06,1,Espacio para Nombre y firma DESPACHADOR,,Espacio para Nombre y firma RECEPTOR,,,,
_NEOFRUT_.xlsm,NEOFRUT MAYO 5,0,,PULPA SIN DOSIFICAR,,,,,
_NEOFRUT_.xlsm,NEOFRUT MAYO 5,0,1,PULPA DE MARACUYA,LIBRAS,12,,,
_NEOFRUT_.xlsm,NEOFRUT MAYO 5,0,2,PULPA DE LULO,LIBRAS,12,,,
_NEOFRUT_.xlsm,NEOFRUT MAYO 5,0,3,PULPA DE MANGO,LIBRAS,8,,,
_NEOFRUT_.xlsm,NEOFRUT MAYO 5,0,4,PULPA DE LIMON,LIBRAS,8,,,
_NEOFRUT_.xlsm,NEOFRUT MAYO 5,0,5,PULPA DE PIÑA,LIBRAS,4,,,
_NEOFRUT_.xlsm,NEOFRUT MAYO 5,0,6,PULPA DE FRESA,LIBRAS,8,,,
_NEOFRUT_.xlsm,NEOFRUT MAYO 5,0,7,PULPA DE DURAZNO,LIBRAS,4,,,
_NEOFRUT_.xlsm,NEOFRUT MAYO 5,0,8,PULPA DE MORA,LIBRAS,8,,,
_NEOFRUT_.xlsm,NEOFRUT MAYO 5,0,9,PULPA DE NARANJA,LIBRAS,8,,,
_NEOFRUT_.xlsm,NEOFRUT MAYO 5,0,Observaciones:,,,,,,
_NEOFRUT_.xlsm,NEOFRUT MAYO 5,0,Espacio para Nombre y firma DESPACHADOR,,Espacio para Nombre y firma RECEPTOR,,,,
_NEOFRUT_.xlsm,NEOFRUT MAYO 6,0,,PULPA SIN DOSIFICAR,,,,,
_NEOFRUT_.xlsm,NEOFRUT MAYO 6,0,1,PULPA DE MARACUYA,LIBRAS,8,,,
_NEOFRUT_.xlsm,NEOFRUT MAYO 6,0,2,PULPA DE LULO,LIBRAS,8,,,
_NEOFRUT_.xlsm,NEOFRUT MAYO 6,0,3,PULPA DE MANGO,LIBRAS,12,,,
_NEOFRUT_.xlsm,NEOFRUT MAYO 6,0,4,PULPA DE LIMON,LIBRAS,8,,,
_NEOFRUT_.xlsm,NEOFRUT MAYO 6,0,5,PULPA DE PIÑA,LIBRAS,4,,,
_NEOFRUT_.xlsm,NEOFRUT MAYO 6,0,6,PULPA DE FRESA,LIBRAS,8,,,
_NEOFRUT_.xlsm,NEOFRUT MAYO 6,0,7,PULPA DE DURAZNO,LIBRAS,0,,,
_NEOFRUT_.xlsm,NEOFRUT MAYO 6,0,8,PULPA DE MORA,LIBRAS,8,,,
_NEOFRUT_.xlsm,NEOFRUT MAYO 6,0,9,PULPA DE NARANJA,LIBRAS,12,,,
_NEOFRUT_.xlsm,NEOFRUT MAYO 6,0,Observaciones:,,,,,,
_NEOFRUT_.xlsm,NEOFRUT MAYO 6,0,Espacio para Nombre y firma DESPACHADOR,,Espacio para Nombre y firma RECEPTOR,,,,
_NEOFRUT_.xlsm,NEOFRUT MAYO 7 11 (2),0,,PULPA SIN DOSIFICAR,,,,,
_NEOFRUT_.xlsm,NEOFRUT MAYO 7 11 (2),0,1,PULPA DE MARACUYA,LIBRAS,4,,,
_NEOFRUT_.xlsm,NEOFRUT MAYO 7 11 (2),0,2,PULPA DE LULO,LIBRAS,4,,,
_NEOFRUT_.xlsm,NEOFRUT MAYO 7 11 (2),0,3,PULPA DE MANGO,LIBRAS,4,,,
_NEOFRUT_.xlsm,NEOFRUT MAYO 7 11 (2),0,4,PULPA DE LIMON,LIBRAS,4,,,
_NEOFRUT_.xlsm,NEOFRUT MAYO 7 11 (2),0,5,PULPA DE PIÑA,LIBRAS,4,,,
_NEOFRUT_.xlsm,NEOFRUT MAYO 7 11 (2),0,6,PULPA DE FRESA,LIBRAS,4,,,
_NEOFRUT_.xlsm,NEOFRUT MAYO 7 11 (2),0,7,PULPA DE DURAZNO,LIBRAS,4,,,
_NEOFRUT_.xlsm,NEOFRUT MAYO 7 11 (2),0,8,PULPA DE MORA,LIBRAS,4,,,
_NEOFRUT_.xlsm,NEOFRUT MAYO 7 11 (2),0,9,PULPA DE NARANJA,LIBRAS,4,,,
_NEOFRUT_.xlsm,NEOFRUT MAYO 7 11 (2),0,10,,,,,,
_NEOFRUT_.xlsm,NEOFRUT MAYO 7 11 (2),0,Observaciones:,,,,,,
_NEOFRUT_.xlsm,NEOFRUT MAYO 7 11 (2),0,Espacio para Nombre y firma DESPACHADOR,,Espacio para Nombre y firma RECEPTOR,,,,
_NEOFRUT_.xlsm,NEOFRUT MAYO 7 11 (2),1,,PULPA SIN DOSIFICAR,,,,,
_NEOFRUT_.xlsm,NEOFRUT MAYO 7 11 (2),1,1,PULPA DE MARACUYA,LIBRAS,8,,,
_NEOFRUT_.xlsm,NEOFRUT MAYO 7 11 (2),1,2,PULPA DE LULO,LIBRAS,8,,,
_NEOFRUT_.xlsm,NEOFRUT MAYO 7 11 (2),1,3,PULPA DE MANGO,LIBRAS,12,,,
_NEOFRUT_.xlsm,NEOFRUT MAYO 7 11 (2),1,4,PULPA DE LIMON,LIBRAS,8,,,
_NEOFRUT_.xlsm,NEOFRUT MAYO 7 11 (2),1,5,PULPA DE PIÑA,LIBRAS,4,,,
_NEOFRUT_.xlsm,NEOFRUT MAYO 7 11 (2),1,6,PULPA DE FRESA,LIBRAS,8,,,
_NEOFRUT_.xlsm,NEOFRUT MAYO 7 11 (2),1,7,PULPA DE DURAZNO,LIBRAS,0,,,
_NEOFRUT_.xlsm,NEOFRUT MAYO 7 11 (2),1,8,PULPA DE MORA,LIBRAS,8,,,
_NEOFRUT_.xlsm,NEOFRUT MAYO 7 11 (2),1,9,PULPA DE NARANJA,LIBRAS,12,,,
_NEOFRUT_.xlsm,NEOFRUT MAYO 7 11 (2),1,Observaciones:,,,,,,
_NEOFRUT_.xlsm,NEOFRUT MAYO 7 11 (2),1,Espacio para Nombre y firma DESPACHADOR,,Espacio para Nombre y firma RECEPTOR,,,,
_NEOFRUT_.xlsm,NEOFRUT MAYO 7 11,0,,PULPA SIN DOSIFICAR,,,,,
_NEOFRUT_.xlsm,NEOFRUT MAYO 7 11,0,1,PULPA DE MARACUYA,LIBRAS,4,,,
_NEOFRUT_.xlsm,NEOFRUT MAYO 7 11,0,2,PULPA DE LULO,LIBRAS,4,,,
_NEOFRUT_.xlsm,NEOFRUT MAYO 7 11,0,3,PULPA DE MANGO,LIBRAS,4,,,
_NEOFRUT_.xlsm,NEOFRUT MAYO 7 11,0,4,PULPA DE LIMON,LIBRAS,4,,,
_NEOFRUT_.xlsm,NEOFRUT MAYO 7 11,0,5,PULPA DE PIÑA,LIBRAS,4,,,
_NEOFRUT_.xlsm,NEOFRUT MAYO 7 11,0,6,PULPA DE FRESA,LIBRAS,4,,,
_NEOFRUT_.xlsm,NEOFRUT MAYO 7 11,0,7,PULPA DE DURAZNO,LIBRAS,4,,,
_NEOFRUT_.xlsm,NEOFRUT MAYO 7 11,0,8,PULPA DE MORA,LIBRAS,4,,,
_NEOFRUT_.xlsm,NEOFRUT MAYO 7 11,0,9,PULPA DE NARANJA,LIBRAS,4,,,
_NEOFRUT_.xlsm,NEOFRUT MAYO 7 11,0,10,,,,,,
_NEOFRUT_.xlsm,NEOFRUT MAYO 7 11,0,Observaciones:,,,,,,
_NEOFRUT_.xlsm,NEOFRUT MAYO 7 11,0,Espacio para Nombre y firma DESPACHADOR,,Espacio para Nombre y firma RECEPTOR,,,,
_NEOFRUT_.xlsm,NEOFRUT MAYO 7 11,1,,PULPA SIN DOSIFICAR,,,,,
_NEOFRUT_.xlsm,NEOFRUT MAYO 7 11,1,1,PULPA DE MARACUYA,LIBRAS,8,,,
_NEOFRUT_.xlsm,NEOFRUT MAYO 7 11,1,2,PULPA DE LULO,LIBRAS,8,,,
_NEOFRUT_.xlsm,NEOFRUT MAYO 7 11,1,3,PULPA DE MANGO,LIBRAS,12,,,
_NEOFRUT_.xlsm,NEOFRUT MAYO 7 11,1,4,PULPA DE LIMON,LIBRAS,8,,,
_NEOFRUT_.xlsm,NEOFRUT MAYO 7 11,1,5,PULPA DE PIÑA,LIBRAS,4,,,
_NEOFRUT_.xlsm,NEOFRUT MAYO 7 11,1,6,PULPA DE FRESA,LIBRAS,8,,,
_NEOFRUT_.xlsm,NEOFRUT MAYO 7 11,1,7,PULPA DE DURAZNO,LIBRAS,0,,,
_NEOFRUT_.xlsm,NEOFRUT MAYO 7 11,1,8,PULPA DE MORA,LIBRAS,8,,,
_NEOFRUT_.xlsm,NEOFRUT MAYO 7 11,1,9,PULPA DE NARANJA,LIBRAS,12,,,
_NEOFRUT_.xlsm,NEOFRUT MAYO 7 11,1,Observaciones:,,,,,,
_NEOFRUT_.xlsm,NEOFRUT MAYO 7 11,1,Espacio para Nombre y firma DESPACHADOR,,Espacio para Nombre y firma RECEPTOR,,,,
_NEOFRUT_.xlsm,NEOFRUT MAYO 19,0,,PULPA SIN DOSIFICAR,,,,,
_NEOFRUT_.xlsm,NEOFRUT MAYO 19,0,1,PULPA DE MARACUYA,LIBRAS,12,,,
_NEOFRUT_.xlsm,NEOFRUT MAYO 19,0,2,PULPA DE LULO,LIBRAS,8,,,
_NEOFRUT_.xlsm,NEOFRUT MAYO 19,0,3,PULPA DE MANGO,LIBRAS,8,,,
_NEOFRUT_.xlsm,NEOFRUT MAYO 19,0,4,PULPA DE LIMON,LIBRAS,,,,
_NEOFRUT_.xlsm,NEOFRUT MAYO 19,0,5,PULPA DE PIÑA,LIBRAS,8,,,
_NEOFRUT_.xlsm,NEOFRUT MAYO 19,0,6,PULPA DE FRESA,LIBRAS,4,,,
_NEOFRUT_.xlsm,NEOFRUT MAYO 19,0,7,PULPA DE DURAZNO,LIBRAS,8,,,
_NEOFRUT_.xlsm,NEOFRUT MAYO 19,0,8,PULPA DE MORA,LIBRAS,8,,,
_NEOFRUT_.xlsm,NEOFRUT MAYO 19,0,9,PULPA DE NARANJA,LIBRAS,4,,,
_NEOFRUT_.xlsm,NEOFRUT MAYO 19,0,10,,,,,,
_NEOFRUT_.xlsm,NEOFRUT MAYO 19,0,Observaciones:,,,,,,
_NEOFRUT_.xlsm,NEOFRUT MAYO 19,0,Espacio para Nombre y firma DESPACHADOR,,Espacio para Nombre y firma RECEPTOR,,,,
_NEOFRUT_.xlsm,NEOFRUT MAYO 19,1,,PULPA SIN DOSIFICAR,,,,,
_NEOFRUT_.xlsm,NEOFRUT MAYO 19,1,1,PULPA DE MARACUYA,LIBRAS,8,,,
_NEOFRUT_.xlsm,NEOFRUT MAYO 19,1,2,PULPA DE LULO,LIBRAS,8,,,
_NEOFRUT_.xlsm,NEOFRUT MAYO 19,1,3,PULPA DE MANGO,LIBRAS,12,,,
_NEOFRUT_.xlsm,NEOFRUT MAYO 19,1,4,PULPA DE LIMON,LIBRAS,8,,,
_NEOFRUT_.xlsm,NEOFRUT MAYO 19,1,5,PULPA DE PIÑA,LIBRAS,8,,,
_NEOFRUT_.xlsm,NEOFRUT MAYO 19,1,6,PULPA DE FRESA,LIBRAS,8,,,
_NEOFRUT_.xlsm,NEOFRUT MAYO 19,1,7,PULPA DE DURAZNO,LIBRAS,8,,,
_NEOFRUT_.xlsm,NEOFRUT MAYO 19,1,8,PULPA DE MORA,LIBRAS,8,,,
_NEOFRUT_.xlsm,NEOFRUT MAYO 19,1,9,PULPA DE NARANJA,LIBRAS,16,,,
_NEOFRUT_.xlsm,NEOFRUT MAYO 19,1,10,,,,,,
_NEOFRUT_.xlsm,NEOFRUT MAYO 19,1,Observaciones:,,,,,,
_NEOFRUT_.xlsm,NEOFRUT MAYO 19,1,Espacio para Nombre y firma DESPACHADOR,,Espacio para Nombre y firma RECEPTOR,,,,
_NEOFRUT_.xlsm,NEOFRUT MAYO 25,0,,PULPA SIN DOSIFICAR,,,,,
_NEOFRUT_.xlsm,NEOFRUT MAYO 25,0,1,PULPA DE MARACUYA,LIBRAS,12,,,
_NEOFRUT_.xlsm,NEOFRUT MAYO 25,0,2,PULPA DE LULO,LIBRAS,8,,,
_NEOFRUT_.xlsm,NEOFRUT MAYO 25,0,3,PULPA DE MANGO,LIBRAS,8,,,
_NEOFRUT_.xlsm,NEOFRUT MAYO 25,0,4,PULPA DE LIMON,LIBRAS,,,,
_NEOFRUT_.xlsm,NEOFRUT MAYO 25,0,5,PULPA DE PIÑA,LIBRAS,8,,,
_NEOFRUT_.xlsm,NEOFRUT MAYO 25,0,6,PULPA DE FRESA,LIBRAS,4,,,
_NEOFRUT_.xlsm,NEOFRUT MAYO 25,0,7,PULPA DE DURAZNO,LIBRAS,8,,,
_NEOFRUT_.xlsm,NEOFRUT MAYO 25,0,8,PULPA DE MORA,LIBRAS,8,,,
_NEOFRUT_.xlsm,NEOFRUT MAYO 25,0,9,PULPA DE NARANJA,LIBRAS,4,,,
_NEOFRUT_.xlsm,NEOFRUT MAYO 25,0,10,,,,,,
_NEOFRUT_.xlsm,NEOFRUT MAYO 25,0,Observaciones:,,,,,,
_NEOFRUT_.xlsm,NEOFRUT MAYO 25,0,Espacio para Nombre y firma DESPACHADOR,,Espacio para Nombre y firma RECEPTOR,,,,
_NEOFRUT_.xlsm,NEOFRUT MAYO 25,1,,PULPA SIN DOSIFICAR,,,,,
_NEOFRUT_.xlsm,NEOFRUT MAYO 25,1,1,PULPA DE MARACUYA,LIBRAS,8,,,
_NEOFRUT_.xlsm,NEOFRUT MAYO 25,1,2,PULPA DE LULO,LIBRAS,8,,,
_NEOFRUT_.xlsm,NEOFRUT MAYO 25,1,3,PULPA DE MANGO,LIBRAS,8,,,
_NEOFRUT_.xlsm,NEOFRUT MAYO 25,1,4,PULPA DE LIMON,LIBRAS,4,,,
_NEOFRUT_.xlsm,NEOFRUT MAYO 25,1,5,PULPA DE PIÑA,LIBRAS,4,,,
_NEOFRUT_.xlsm,NEOFRUT MAYO 25,1,6,PULPA DE FRESA,LIBRAS,4,,,
_NEOFRUT_.xlsm,NEOFRUT MAYO 25,1,7,PULPA DE DURAZNO,LIBRAS,4,,,
_NEOFRUT_.xlsm,NEOFRUT MAYO 25,1,8,PULPA DE MORA,LIBRAS,4,,,
_NEOFRUT_.xlsm,NEOFRUT MAYO 25,1,9,PULPA DE NARANJA,LIBRAS,8,,,
_NEOFRUT_.xlsm,NEOFRUT MAYO 25,1,10,,,,,,
_NEOFRUT_.xlsm,NEOFRUT MAYO 25,1,Observaciones:,,,,,,
_NEOFRUT_.xlsm,NEOFRUT MAYO 25,1,Espacio para Nombre y firma DESPACHADOR,,Espacio para Nombre y firma RECEPTOR,,,,
_NEOFRUT_.xlsm,NEOFRUT JUNIO 1,0,,PULPA SIN DOSIFICAR,,,,,
_NEOFRUT_.xlsm,NEOFRUT JUNIO 1,0,1,PULPA DE MARACUYA,LIBRAS,8,,,
_NEOFRUT_.xlsm,NEOFRUT JUNIO 1,0,2,PULPA DE MANGO,LIBRAS,8,,,
_NEOFRUT_.xlsm,NEOFRUT JUNIO 1,0,3,PULPA DE NARANJA,LIBRAS,8,,,
_NEOFRUT_.xlsm,NEOFRUT JUNIO 1,1,,PULPA SIN DOSIFICAR,,,,,
_NEOFRUT_.xlsm,NEOFRUT JUNIO 1,1,1,PULPA DE MARACUYA,LIBRAS,4,,,
_NEOFRUT_.xlsm,NEOFRUT JUNIO 1,1,2,PULPA DE LULO,LIBRAS,4,,,
_NEOFRUT_.xlsm,NEOFRUT JUNIO 1,1,3,PULPA DE MANGO,LIBRAS,4,,,
_NEOFRUT_.xlsm,NEOFRUT JUNIO 1,1,4,PULPA DE LIMON,LIBRAS,4,,,
_NEOFRUT_.xlsm,NEOFRUT JUNIO 1,1,5,PULPA DE PIÑA,LIBRAS,,,,
_NEOFRUT_.xlsm,NEOFRUT JUNIO 1,1,6,PULPA DE FRESA,LIBRAS,4,,,
_NEOFRUT_.xlsm,NEOFRUT JUNIO 1,1,7,PULPA DE DURAZNO,LIBRAS,4,,,
_NEOFRUT_.xlsm,NEOFRUT JUNIO 1,1,8,PULPA DE MORA,LIBRAS,4,,,
_NEOFRUT_.xlsm,NEOFRUT JUNIO 1,1,9,PULPA DE NARANJA,LIBRAS,4,,,
_NEOFRUT_.xlsm,NEOFRUT JUNIO 1,1,Observaciones:,,,,,,
_NEOFRUT_.xlsm,NEOFRUT JUNIO 1,1,Espacio para Nombre y firma DESPACHADOR,,Espacio para Nombre y firma RECEPTOR,,,,
_NEOFRUT_.xlsm,NEOFRUT JUNIO 1,2,,PULPA SIN DOSIFICAR,,,,,
_NEOFRUT_.xlsm,NEOFRUT JUNIO 1,2,1,PULPA DE MARACUYA,LIBRAS,8,,,
_NEOFRUT_.xlsm,NEOFRUT JUNIO 1,2,2,PULPA DE LULO,LIBRAS,8,,,
_NEOFRUT_.xlsm,NEOFRUT JUNIO 1,2,3,PULPA DE MANGO,LIBRAS,8,,,
_NEOFRUT_.xlsm,NEOFRUT JUNIO 1,2,4,PULPA DE LIMON,LIBRAS,4,,,
_NEOFRUT_.xlsm,NEOFRUT JUNIO 1,2,5,PULPA DE PIÑA,LIBRAS,4,,,
_NEOFRUT_.xlsm,NEOFRUT JUNIO 1,2,6,PULPA DE FRESA,LIBRAS,8,,,
_NEOFRUT_.xlsm,NEOFRUT JUNIO 1,2,7,PULPA DE DURAZNO,LIBRAS,8,,,
_NEOFRUT_.xlsm,NEOFRUT JUNIO 1,2,8,PULPA DE MORA,LIBRAS,8,,,
_NEOFRUT_.xlsm,NEOFRUT JUNIO 1,2,9,PULPA DE NARANJA,LIBRAS,8,,,
_NEOFRUT_.xlsm,NEOFRUT JUNIO 1,2,Observaciones:,,,,,,
_NEOFRUT_.xlsm,NEOFRUT JUNIO 1,2,Espacio para Nombre y firma DESPACHADOR,,Espacio para Nombre y firma RECEPTOR,,,,
